school,student,normexam,cons,standlrt,girl,schgend,avslrt,schav,vrband,boys_sch,girls_sch,interaction,intgirls_sch,intboys_sch
1.0,1.0,0.2613244652748108,1.0,0.6190592646598816,girl,mixedsch,0.16617454588413239,mid,vb1,0.0,0.0,0.6190592646598816,0.0,0.0
1.0,2.0,0.13406679034233093,1.0,0.20580196380615234,girl,mixedsch,0.16617454588413239,mid,vb2,0.0,0.0,0.20580196380615234,0.0,0.0
1.0,3.0,-1.7238824367523193,1.0,-1.364575743675232,boy,mixedsch,0.16617454588413239,mid,vb3,0.0,0.0,0.0,0.0,0.0
1.0,4.0,0.9675859808921814,1.0,0.20580196380615234,girl,mixedsch,0.16617454588413239,mid,vb2,0.0,0.0,0.20580196380615234,0.0,0.0
1.0,5.0,0.5443409085273743,1.0,0.3711048662662506,girl,mixedsch,0.16617454588413239,mid,vb2,0.0,0.0,0.3711048662662506,0.0,0.0
1.0,6.0,1.7348991632461548,1.0,2.189436912536621,boy,mixedsch,0.16617454588413239,mid,vb1,0.0,0.0,0.0,0.0,0.0
1.0,7.0,1.0396080017089844,1.0,-1.1166213750839233,boy,mixedsch,0.16617454588413239,mid,vb3,0.0,0.0,0.0,0.0,0.0
1.0,8.0,-0.12908467650413513,1.0,-1.0339698791503906,boy,mixedsch,0.16617454588413239,mid,vb2,0.0,0.0,0.0,0.0,0.0
1.0,9.0,-0.9393776655197144,1.0,-0.5380612015724182,girl,mixedsch,0.16617454588413239,mid,vb2,0.0,0.0,-0.5380612015724182,0.0,0.0
1.0,10.0,-1.2194855213165283,1.0,-1.4472272396087646,boy,mixedsch,0.16617454588413239,mid,vb3,0.0,0.0,0.0,0.0,0.0
1.0,11.0,2.408691883087158,1.0,2.4373912811279297,boy,mixedsch,0.16617454588413239,mid,vb1,0.0,0.0,0.0,0.0,0.0
1.0,12.0,0.6107285618782043,1.0,2.106785535812378,boy,mixedsch,0.16617454588413239,mid,vb1,0.0,0.0,0.0,0.0,0.0
1.0,13.0,-1.8366867303848267,1.0,0.040499038994312286,boy,mixedsch,0.16617454588413239,mid,vb2,0.0,0.0,0.0,0.0,0.0
1.0,14.0,-0.12908467650413513,1.0,1.1976194381713867,boy,mixedsch,0.16617454588413239,mid,vb1,0.0,0.0,0.0,0.0,0.0
1.0,15.0,2.2031209468841553,1.0,2.520042896270752,boy,mixedsch,0.16617454588413239,mid,vb1,0.0,0.0,0.0,0.0,0.0
1.0,16.0,1.2405332326889038,1.0,1.1149680614471436,girl,mixedsch,0.16617454588413239,mid,vb1,0.0,0.0,1.1149680614471436,0.0,0.0
1.0,17.0,1.7348991632461548,1.0,1.0323165655136108,girl,mixedsch,0.16617454588413239,mid,vb1,0.0,0.0,1.0323165655136108,0.0,0.0
1.0,18.0,1.3101423978805542,1.0,0.7843621969223022,boy,mixedsch,0.16617454588413239,mid,vb1,0.0,0.0,0.0,0.0,0.0
1.0,19.0,-0.6230506896972656,1.0,-1.1166213750839233,boy,mixedsch,0.16617454588413239,mid,vb3,0.0,0.0,0.0,0.0,0.0
1.0,20.0,1.0396080017089844,1.0,-1.199272871017456,girl,mixedsch,0.16617454588413239,mid,vb3,0.0,0.0,-1.199272871017456,0.0,0.0
1.0,21.0,-1.029066801071167,1.0,-0.37275826930999756,girl,mixedsch,0.16617454588413239,mid,vb2,0.0,0.0,-0.37275826930999756,0.0,0.0
1.0,22.0,-1.2194855213165283,1.0,-1.364575743675232,boy,mixedsch,0.16617454588413239,mid,vb3,0.0,0.0,0.0,0.0,0.0
1.0,23.0,0.328072190284729,1.0,-0.9513183832168579,girl,mixedsch,0.16617454588413239,mid,vb2,0.0,0.0,-0.9513183832168579,0.0,0.0
1.0,24.0,-0.4927808344364166,1.0,-2.356393337249756,boy,mixedsch,0.16617454588413239,mid,vb3,0.0,0.0,0.0,0.0,0.0
1.0,25.0,1.9003351926803589,1.0,-0.042152419686317444,girl,mixedsch,0.16617454588413239,mid,vb2,0.0,0.0,-0.042152419686317444,0.0,0.0
1.0,26.0,0.8965656757354736,1.0,0.3711048662662506,boy,mixedsch,0.16617454588413239,mid,vb1,0.0,0.0,0.0,0.0,0.0
1.0,27.0,0.07353636622428894,1.0,1.1149680614471436,boy,mixedsch,0.16617454588413239,mid,vb1,0.0,0.0,0.0,0.0,0.0
1.0,28.0,0.1941491812467575,1.0,0.040499038994312286,boy,mixedsch,0.16617454588413239,mid,vb2,0.0,0.0,0.0,0.0,0.0
1.0,29.0,1.506184697151184,1.0,0.6190592646598816,girl,mixedsch,0.16617454588413239,mid,vb1,0.0,0.0,0.6190592646598816,0.0,0.0
1.0,30.0,1.9003351926803589,1.0,2.0241341590881348,boy,mixedsch,0.16617454588413239,mid,vb1,0.0,0.0,0.0,0.0,0.0
1.0,31.0,0.328072190284729,1.0,-0.6207126379013062,boy,mixedsch,0.16617454588413239,mid,vb2,0.0,0.0,0.0,0.0,0.0
1.0,32.0,0.8965656757354736,1.0,-1.1166213750839233,boy,mixedsch,0.16617454588413239,mid,vb3,0.0,0.0,0.0,0.0,0.0
1.0,33.0,1.661805510520935,1.0,0.28845342993736267,boy,mixedsch,0.16617454588413239,mid,vb2,0.0,0.0,0.0,0.0,0.0
1.0,34.0,-0.776108980178833,1.0,-0.12480387836694717,boy,mixedsch,0.16617454588413239,mid,vb2,0.0,0.0,0.0,0.0,0.0
1.0,35.0,0.4026685655117035,1.0,0.3711048662662506,boy,mixedsch,0.16617454588413239,mid,vb1,0.0,0.0,0.0,0.0,0.0
1.0,36.0,0.9675859808921814,1.0,1.0323165655136108,boy,mixedsch,0.16617454588413239,mid,vb1,0.0,0.0,0.0,0.0,0.0
1.0,37.0,0.4781937301158905,1.0,-0.12480387836694717,boy,mixedsch,0.16617454588413239,mid,vb2,0.0,0.0,0.0,0.0,0.0
1.0,38.0,0.13406679034233093,1.0,0.12315050512552261,boy,mixedsch,0.16617454588413239,mid,vb2,0.0,0.0,0.0,0.0,0.0
1.0,39.0,2.31360125541687,1.0,0.6190592646598816,boy,mixedsch,0.16617454588413239,mid,vb1,0.0,0.0,0.0,0.0,0.0
1.0,40.0,-0.19761060178279877,1.0,0.28845342993736267,boy,mixedsch,0.16617454588413239,mid,vb2,0.0,0.0,0.0,0.0,0.0
1.0,41.0,0.4781937301158905,1.0,-0.29010680317878723,boy,mixedsch,0.16617454588413239,mid,vb2,0.0,0.0,0.0,0.0,0.0
1.0,42.0,0.821988046169281,1.0,0.7843621969223022,boy,mixedsch,0.16617454588413239,mid,vb1,0.0,0.0,0.0,0.0,0.0
1.0,43.0,1.0396080017089844,1.0,-0.29010680317878723,girl,mixedsch,0.16617454588413239,mid,vb2,0.0,0.0,-0.29010680317878723,0.0,0.0
1.0,44.0,-0.5551124811172485,1.0,-1.0339698791503906,girl,mixedsch,0.16617454588413239,mid,vb2,0.0,0.0,-1.0339698791503906,0.0,0.0
1.0,45.0,-1.3353148698806763,1.0,-0.9513183832168579,boy,mixedsch,0.16617454588413239,mid,vb2,0.0,0.0,0.0,0.0,0.0
1.0,46.0,-0.5551124811172485,1.0,-2.356393337249756,boy,mixedsch,0.16617454588413239,mid,vb3,0.0,0.0,0.0,0.0,0.0
1.0,47.0,1.506184697151184,1.0,0.7843621969223022,girl,mixedsch,0.16617454588413239,mid,vb1,0.0,0.0,0.7843621969223022,0.0,0.0
1.0,48.0,-0.9393776655197144,1.0,-0.37275826930999756,boy,mixedsch,0.16617454588413239,mid,vb2,0.0,0.0,0.0,0.0,0.0
1.0,49.0,2.31360125541687,1.0,0.7843621969223022,girl,mixedsch,0.16617454588413239,mid,vb1,0.0,0.0,0.7843621969223022,0.0,0.0
1.0,50.0,-0.06208816543221474,1.0,-0.7033640742301941,girl,mixedsch,0.16617454588413239,mid,vb2,0.0,0.0,-0.7033640742301941,0.0,0.0
1.0,51.0,-0.19761060178279877,1.0,0.040499038994312286,boy,mixedsch,0.16617454588413239,mid,vb2,0.0,0.0,0.0,0.0,0.0
1.0,52.0,-0.19761060178279877,1.0,-0.29010680317878723,boy,mixedsch,0.16617454588413239,mid,vb2,0.0,0.0,0.0,0.0,0.0
1.0,53.0,2.0397088527679443,1.0,1.6108767986297607,girl,mixedsch,0.16617454588413239,mid,vb1,0.0,0.0,1.6108767986297607,0.0,0.0
1.0,54.0,1.661805510520935,1.0,0.3711048662662506,girl,mixedsch,0.16617454588413239,mid,vb1,0.0,0.0,0.3711048662662506,0.0,0.0
1.0,55.0,1.4395315647125244,1.0,1.6108767986297607,girl,mixedsch,0.16617454588413239,mid,vb1,0.0,0.0,1.6108767986297607,0.0,0.0
1.0,56.0,0.328072190284729,1.0,0.3711048662662506,girl,mixedsch,0.16617454588413239,mid,vb1,0.0,0.0,0.3711048662662506,0.0,0.0
1.0,57.0,0.07353636622428894,1.0,-0.042152419686317444,girl,mixedsch,0.16617454588413239,mid,vb2,0.0,0.0,-0.042152419686317444,0.0,0.0
1.0,58.0,0.9675859808921814,1.0,-0.29010680317878723,girl,mixedsch,0.16617454588413239,mid,vb2,0.0,0.0,-0.29010680317878723,0.0,0.0
1.0,59.0,-1.029066801071167,1.0,-0.6207126379013062,girl,mixedsch,0.16617454588413239,mid,vb2,0.0,0.0,-0.6207126379013062,0.0,0.0
1.0,60.0,1.7348991632461548,1.0,1.6108767986297607,boy,mixedsch,0.16617454588413239,mid,vb1,0.0,0.0,0.0,0.0,0.0
1.0,61.0,2.408691883087158,1.0,1.1976194381713867,girl,mixedsch,0.16617454588413239,mid,vb1,0.0,0.0,1.1976194381713867,0.0,0.0
1.0,62.0,-1.5266530513763428,1.0,-0.6207126379013062,boy,mixedsch,0.16617454588413239,mid,vb2,0.0,0.0,0.0,0.0,0.0
1.0,63.0,1.4395315647125244,1.0,0.8670135736465454,boy,mixedsch,0.16617454588413239,mid,vb1,0.0,0.0,0.0,0.0,0.0
1.0,64.0,1.506184697151184,1.0,0.5364077687263489,girl,mixedsch,0.16617454588413239,mid,vb1,0.0,0.0,0.5364077687263489,0.0,0.0
1.0,65.0,1.8138266801834106,1.0,0.45375630259513855,boy,mixedsch,0.16617454588413239,mid,vb1,0.0,0.0,0.0,0.0,0.0
1.0,66.0,0.7472277283668518,1.0,1.2802709341049194,girl,mixedsch,0.16617454588413239,mid,vb1,0.0,0.0,1.2802709341049194,0.0,0.0
1.0,67.0,-1.029066801071167,1.0,-1.2819242477416992,boy,mixedsch,0.16617454588413239,mid,vb3,0.0,0.0,0.0,0.0,0.0
1.0,68.0,-0.12908467650413513,1.0,-0.12480387836694717,boy,mixedsch,0.16617454588413239,mid,vb2,0.0,0.0,0.0,0.0,0.0
1.0,69.0,1.5792195796966553,1.0,0.20580196380615234,boy,mixedsch,0.16617454588413239,mid,vb2,0.0,0.0,0.0,0.0,0.0
1.0,70.0,1.3101423978805542,1.0,1.693528175354004,boy,mixedsch,0.16617454588413239,mid,vb1,0.0,0.0,0.0,0.0,0.0
1.0,71.0,-1.1186243295669556,1.0,-0.8686670064926147,girl,mixedsch,0.16617454588413239,mid,vb2,0.0,0.0,-0.8686670064926147,0.0,0.0
1.0,72.0,0.8965656757354736,1.0,0.8670135736465454,boy,mixedsch,0.16617454588413239,mid,vb1,0.0,0.0,0.0,0.0,0.0
1.0,73.0,0.2613244652748108,1.0,0.3711048662662506,boy,mixedsch,0.16617454588413239,mid,vb2,0.0,0.0,0.0,0.0,0.0
3.0,1.0,-0.19761060178279877,1.0,-0.042152419686317444,girl,mixedsch,0.514155387878418,high,vb2,0.0,0.0,-0.042152419686317444,0.0,0.0
3.0,2.0,2.9246671199798584,1.0,1.3629224300384521,girl,mixedsch,0.514155387878418,high,vb1,0.0,0.0,1.3629224300384521,0.0,0.0
3.0,3.0,-0.6995050311088562,1.0,1.3629224300384521,girl,mixedsch,0.514155387878418,high,vb1,0.0,0.0,1.3629224300384521,0.0,0.0
3.0,4.0,2.408691883087158,1.0,1.4455738067626953,boy,mixedsch,0.514155387878418,high,vb1,0.0,0.0,0.0,0.0,0.0
3.0,5.0,0.8965656757354736,1.0,-0.12480387836694717,boy,mixedsch,0.514155387878418,high,vb2,0.0,0.0,0.0,0.0,0.0
3.0,6.0,0.13406679034233093,1.0,-0.5380612015724182,boy,mixedsch,0.514155387878418,high,vb2,0.0,0.0,0.0,0.0,0.0
3.0,7.0,-0.6995050311088562,1.0,0.7017107009887695,boy,mixedsch,0.514155387878418,high,vb1,0.0,0.0,0.0,0.0,0.0
3.0,8.0,0.004321751184761524,1.0,-0.042152419686317444,boy,mixedsch,0.514155387878418,high,vb2,0.0,0.0,0.0,0.0,0.0
3.0,9.0,-0.06208816543221474,1.0,-1.8604844808578491,boy,mixedsch,0.514155387878418,high,vb3,0.0,0.0,0.0,0.0,0.0
3.0,10.0,1.175849437713623,1.0,0.12315050512552261,girl,mixedsch,0.514155387878418,high,vb2,0.0,0.0,0.12315050512552261,0.0,0.0
3.0,11.0,1.9771069288253784,1.0,2.4373912811279297,boy,mixedsch,0.514155387878418,high,vb1,0.0,0.0,0.0,0.0,0.0
3.0,12.0,-0.26515936851501465,1.0,1.2802709341049194,girl,mixedsch,0.514155387878418,high,vb1,0.0,0.0,1.2802709341049194,0.0,0.0
3.0,13.0,0.678758978843689,1.0,-0.6207126379013062,girl,mixedsch,0.514155387878418,high,vb2,0.0,0.0,-0.6207126379013062,0.0,0.0
3.0,14.0,0.2613244652748108,1.0,1.1976194381713867,girl,mixedsch,0.514155387878418,high,vb1,0.0,0.0,1.1976194381713867,0.0,0.0
3.0,15.0,0.9675859808921814,1.0,0.20580196380615234,girl,mixedsch,0.514155387878418,high,vb2,0.0,0.0,0.20580196380615234,0.0,0.0
3.0,16.0,1.506184697151184,1.0,-0.2074553370475769,girl,mixedsch,0.514155387878418,high,vb2,0.0,0.0,-0.2074553370475769,0.0,0.0
3.0,17.0,1.3747409582138062,1.0,0.3711048662662506,boy,mixedsch,0.514155387878418,high,vb1,0.0,0.0,0.0,0.0,0.0
3.0,18.0,0.2613244652748108,1.0,-0.2074553370475769,boy,mixedsch,0.514155387878418,high,vb2,0.0,0.0,0.0,0.0,0.0
3.0,19.0,1.8138266801834106,1.0,1.1976194381713867,boy,mixedsch,0.514155387878418,high,vb1,0.0,0.0,0.0,0.0,0.0
3.0,20.0,0.13406679034233093,1.0,0.3711048662662506,girl,mixedsch,0.514155387878418,high,vb2,0.0,0.0,0.3711048662662506,0.0,0.0
3.0,21.0,-1.1186243295669556,1.0,-1.1166213750839233,boy,mixedsch,0.514155387878418,high,vb3,0.0,0.0,0.0,0.0,0.0
3.0,22.0,0.4026685655117035,1.0,0.28845342993736267,girl,mixedsch,0.514155387878418,high,vb2,0.0,0.0,0.28845342993736267,0.0,0.0
3.0,23.0,1.5792195796966553,1.0,0.7017107009887695,girl,mixedsch,0.514155387878418,high,vb1,0.0,0.0,0.7017107009887695,0.0,0.0
3.0,24.0,0.7472277283668518,1.0,0.6190592646598816,boy,mixedsch,0.514155387878418,high,vb1,0.0,0.0,0.0,0.0,0.0
3.0,25.0,0.4026685655117035,1.0,0.28845342993736267,girl,mixedsch,0.514155387878418,high,vb2,0.0,0.0,0.28845342993736267,0.0,0.0
3.0,26.0,1.8138266801834106,1.0,1.2802709341049194,girl,mixedsch,0.514155387878418,high,vb1,0.0,0.0,1.2802709341049194,0.0,0.0
3.0,27.0,2.0397088527679443,1.0,2.4373912811279297,boy,mixedsch,0.514155387878418,high,vb1,0.0,0.0,0.0,0.0,0.0
3.0,28.0,2.2031209468841553,1.0,1.8588311672210693,boy,mixedsch,0.514155387878418,high,vb1,0.0,0.0,0.0,0.0,0.0
3.0,29.0,0.821988046169281,1.0,1.0323165655136108,girl,mixedsch,0.514155387878418,high,vb1,0.0,0.0,1.0323165655136108,0.0,0.0
3.0,30.0,2.0397088527679443,1.0,0.9496650099754333,girl,mixedsch,0.514155387878418,high,vb1,0.0,0.0,0.9496650099754333,0.0,0.0
3.0,31.0,1.9771069288253784,1.0,2.4373912811279297,boy,mixedsch,0.514155387878418,high,vb1,0.0,0.0,0.0,0.0,0.0
3.0,32.0,1.4395315647125244,1.0,0.7017107009887695,boy,mixedsch,0.514155387878418,high,vb1,0.0,0.0,0.0,0.0,0.0
3.0,33.0,1.5792195796966553,1.0,0.9496650099754333,girl,mixedsch,0.514155387878418,high,vb1,0.0,0.0,0.9496650099754333,0.0,0.0
3.0,34.0,1.2405332326889038,1.0,1.0323165655136108,boy,mixedsch,0.514155387878418,high,vb1,0.0,0.0,0.0,0.0,0.0
3.0,35.0,1.3747409582138062,1.0,0.3711048662662506,girl,mixedsch,0.514155387878418,high,vb2,0.0,0.0,0.3711048662662506,0.0,0.0
3.0,36.0,0.8965656757354736,1.0,1.1976194381713867,girl,mixedsch,0.514155387878418,high,vb1,0.0,0.0,1.1976194381713867,0.0,0.0
3.0,37.0,0.821988046169281,1.0,-0.6207126379013062,boy,mixedsch,0.514155387878418,high,vb2,0.0,0.0,0.0,0.0,0.0
3.0,38.0,2.1029746532440186,1.0,0.9496650099754333,girl,mixedsch,0.514155387878418,high,vb1,0.0,0.0,0.9496650099754333,0.0,0.0
3.0,39.0,-0.33884158730506897,1.0,-0.9513183832168579,boy,mixedsch,0.514155387878418,high,vb2,0.0,0.0,0.0,0.0,0.0
3.0,40.0,1.0396080017089844,1.0,0.040499038994312286,boy,mixedsch,0.514155387878418,high,vb2,0.0,0.0,0.0,0.0,0.0
3.0,41.0,1.4395315647125244,1.0,0.040499038994312286,boy,mixedsch,0.514155387878418,high,vb2,0.0,0.0,0.0,0.0,0.0
3.0,42.0,0.13406679034233093,1.0,0.6190592646598816,boy,mixedsch,0.514155387878418,high,vb1,0.0,0.0,0.0,0.0,0.0
3.0,43.0,1.1094379425048828,1.0,0.20580196380615234,boy,mixedsch,0.514155387878418,high,vb2,0.0,0.0,0.0,0.0,0.0
3.0,44.0,1.506184697151184,1.0,0.9496650099754333,girl,mixedsch,0.514155387878418,high,vb1,0.0,0.0,0.9496650099754333,0.0,0.0
3.0,45.0,-0.9393776655197144,1.0,-0.29010680317878723,boy,mixedsch,0.514155387878418,high,vb2,0.0,0.0,0.0,0.0,0.0
3.0,46.0,-0.26515936851501465,1.0,-0.8686670064926147,boy,mixedsch,0.514155387878418,high,vb2,0.0,0.0,0.0,0.0,0.0
3.0,47.0,0.6107285618782043,1.0,1.2802709341049194,girl,mixedsch,0.514155387878418,high,vb1,0.0,0.0,1.2802709341049194,0.0,0.0
3.0,48.0,0.7472277283668518,1.0,0.5364077687263489,boy,mixedsch,0.514155387878418,high,vb1,0.0,0.0,0.0,0.0,0.0
3.0,49.0,-0.4927808344364166,1.0,0.28845342993736267,girl,mixedsch,0.514155387878418,high,vb2,0.0,0.0,0.28845342993736267,0.0,0.0
3.0,50.0,-0.19761060178279877,1.0,0.6190592646598816,boy,mixedsch,0.514155387878418,high,vb1,0.0,0.0,0.0,0.0,0.0
3.0,51.0,0.9675859808921814,1.0,0.5364077687263489,boy,mixedsch,0.514155387878418,high,vb2,0.0,0.0,0.0,0.0,0.0
3.0,52.0,2.2031209468841553,1.0,-0.042152419686317444,boy,mixedsch,0.514155387878418,high,vb2,0.0,0.0,0.0,0.0,0.0
4.0,1.0,0.678758978843689,1.0,0.3711048662662506,girl,mixedsch,0.09176386892795563,mid,vb2,0.0,0.0,0.3711048662662506,0.0,0.0
4.0,2.0,0.4781937301158905,1.0,-0.2074553370475769,boy,mixedsch,0.09176386892795563,mid,vb2,0.0,0.0,0.0,0.0,0.0
4.0,3.0,0.2613244652748108,1.0,1.8588311672210693,boy,mixedsch,0.09176386892795563,mid,vb1,0.0,0.0,0.0,0.0,0.0
4.0,4.0,0.1941491812467575,1.0,0.12315050512552261,girl,mixedsch,0.09176386892795563,mid,vb2,0.0,0.0,0.12315050512552261,0.0,0.0
4.0,5.0,-1.7238824367523193,1.0,-1.2819242477416992,boy,mixedsch,0.09176386892795563,mid,vb3,0.0,0.0,0.0,0.0,0.0
4.0,6.0,-0.4198014438152313,1.0,-0.5380612015724182,boy,mixedsch,0.09176386892795563,mid,vb2,0.0,0.0,0.0,0.0,0.0
4.0,7.0,0.4026685655117035,1.0,-0.37275826930999756,girl,mixedsch,0.09176386892795563,mid,vb2,0.0,0.0,-0.37275826930999756,0.0,0.0
4.0,8.0,-0.19761060178279877,1.0,-0.4554097056388855,boy,mixedsch,0.09176386892795563,mid,vb2,0.0,0.0,0.0,0.0,0.0
4.0,9.0,0.07353636622428894,1.0,0.8670135736465454,girl,mixedsch,0.09176386892795563,mid,vb1,0.0,0.0,0.8670135736465454,0.0,0.0
4.0,10.0,-1.5266530513763428,1.0,-0.8686670064926147,boy,mixedsch,0.09176386892795563,mid,vb2,0.0,0.0,0.0,0.0,0.0
4.0,11.0,-0.26515936851501465,1.0,-0.29010680317878723,girl,mixedsch,0.09176386892795563,mid,vb2,0.0,0.0,-0.29010680317878723,0.0,0.0
4.0,12.0,-0.8526700735092163,1.0,-1.0339698791503906,boy,mixedsch,0.09176386892795563,mid,vb2,0.0,0.0,0.0,0.0,0.0
4.0,13.0,0.328072190284729,1.0,1.9414825439453125,boy,mixedsch,0.09176386892795563,mid,vb1,0.0,0.0,0.0,0.0,0.0
4.0,14.0,-0.8526700735092163,1.0,-0.7033640742301941,boy,mixedsch,0.09176386892795563,mid,vb2,0.0,0.0,0.0,0.0,0.0
4.0,15.0,0.4026685655117035,1.0,-0.042152419686317444,boy,mixedsch,0.09176386892795563,mid,vb2,0.0,0.0,0.0,0.0,0.0
4.0,16.0,-0.6995050311088562,1.0,-0.2074553370475769,boy,mixedsch,0.09176386892795563,mid,vb2,0.0,0.0,0.0,0.0,0.0
4.0,17.0,0.678758978843689,1.0,-0.4554097056388855,girl,mixedsch,0.09176386892795563,mid,vb2,0.0,0.0,-0.4554097056388855,0.0,0.0
4.0,18.0,2.5323522090911865,1.0,0.8670135736465454,girl,mixedsch,0.09176386892795563,mid,vb1,0.0,0.0,0.8670135736465454,0.0,0.0
4.0,19.0,1.5792195796966553,1.0,0.3711048662662506,boy,mixedsch,0.09176386892795563,mid,vb2,0.0,0.0,0.0,0.0,0.0
4.0,20.0,-1.6237297058105469,1.0,-2.356393337249756,boy,mixedsch,0.09176386892795563,mid,vb3,0.0,0.0,0.0,0.0,0.0
4.0,21.0,-0.33884158730506897,1.0,0.28845342993736267,boy,mixedsch,0.09176386892795563,mid,vb2,0.0,0.0,0.0,0.0,0.0
4.0,22.0,-0.4198014438152313,1.0,-0.12480387836694717,girl,mixedsch,0.09176386892795563,mid,vb2,0.0,0.0,-0.12480387836694717,0.0,0.0
4.0,23.0,-0.6230506896972656,1.0,0.20580196380615234,boy,mixedsch,0.09176386892795563,mid,vb2,0.0,0.0,0.0,0.0,0.0
4.0,24.0,1.3101423978805542,1.0,0.6190592646598816,girl,mixedsch,0.09176386892795563,mid,vb1,0.0,0.0,0.6190592646598816,0.0,0.0
4.0,25.0,0.678758978843689,1.0,0.9496650099754333,girl,mixedsch,0.09176386892795563,mid,vb1,0.0,0.0,0.9496650099754333,0.0,0.0
4.0,26.0,-0.26515936851501465,1.0,-0.8686670064926147,boy,mixedsch,0.09176386892795563,mid,vb2,0.0,0.0,0.0,0.0,0.0
4.0,27.0,-2.2917308807373047,1.0,-0.8686670064926147,girl,mixedsch,0.09176386892795563,mid,vb2,0.0,0.0,-0.8686670064926147,0.0,0.0
4.0,28.0,-0.6995050311088562,1.0,-1.199272871017456,boy,mixedsch,0.09176386892795563,mid,vb3,0.0,0.0,0.0,0.0,0.0
4.0,29.0,-1.438662052154541,1.0,-1.777833104133606,girl,mixedsch,0.09176386892795563,mid,vb3,0.0,0.0,-1.777833104133606,0.0,0.0
4.0,30.0,-0.12908467650413513,1.0,0.6190592646598816,boy,mixedsch,0.09176386892795563,mid,vb1,0.0,0.0,0.0,0.0,0.0
4.0,31.0,0.1941491812467575,1.0,-0.042152419686317444,boy,mixedsch,0.09176386892795563,mid,vb2,0.0,0.0,0.0,0.0,0.0
4.0,32.0,0.5443409085273743,1.0,0.5364077687263489,boy,mixedsch,0.09176386892795563,mid,vb1,0.0,0.0,0.0,0.0,0.0
4.0,33.0,0.678758978843689,1.0,-0.7033640742301941,boy,mixedsch,0.09176386892795563,mid,vb2,0.0,0.0,0.0,0.0,0.0
4.0,34.0,-0.06208816543221474,1.0,0.9496650099754333,boy,mixedsch,0.09176386892795563,mid,vb1,0.0,0.0,0.0,0.0,0.0
4.0,35.0,1.1094379425048828,1.0,0.3711048662662506,boy,mixedsch,0.09176386892795563,mid,vb1,0.0,0.0,0.0,0.0,0.0
4.0,36.0,-0.6995050311088562,1.0,0.7843621969223022,boy,mixedsch,0.09176386892795563,mid,vb1,0.0,0.0,0.0,0.0,0.0
4.0,37.0,-0.8526700735092163,1.0,0.3711048662662506,girl,mixedsch,0.09176386892795563,mid,vb2,0.0,0.0,0.3711048662662506,0.0,0.0
4.0,38.0,-1.3353148698806763,1.0,-1.8604844808578491,boy,mixedsch,0.09176386892795563,mid,vb3,0.0,0.0,0.0,0.0,0.0
4.0,39.0,-2.2917308807373047,1.0,-1.8604844808578491,boy,mixedsch,0.09176386892795563,mid,vb3,0.0,0.0,0.0,0.0,0.0
4.0,40.0,0.1941491812467575,1.0,-0.5380612015724182,girl,mixedsch,0.09176386892795563,mid,vb2,0.0,0.0,-0.5380612015724182,0.0,0.0
4.0,41.0,1.4395315647125244,1.0,0.6190592646598816,girl,mixedsch,0.09176386892795563,mid,vb1,0.0,0.0,0.6190592646598816,0.0,0.0
4.0,42.0,0.13406679034233093,1.0,0.040499038994312286,girl,mixedsch,0.09176386892795563,mid,vb2,0.0,0.0,0.040499038994312286,0.0,0.0
4.0,43.0,-0.5551124811172485,1.0,0.040499038994312286,girl,mixedsch,0.09176386892795563,mid,vb2,0.0,0.0,0.040499038994312286,0.0,0.0
4.0,44.0,-0.5551124811172485,1.0,-0.9513183832168579,boy,mixedsch,0.09176386892795563,mid,vb2,0.0,0.0,0.0,0.0,0.0
4.0,45.0,0.8965656757354736,1.0,0.12315050512552261,girl,mixedsch,0.09176386892795563,mid,vb2,0.0,0.0,0.12315050512552261,0.0,0.0
4.0,46.0,-0.5551124811172485,1.0,-0.2074553370475769,boy,mixedsch,0.09176386892795563,mid,vb2,0.0,0.0,0.0,0.0,0.0
4.0,47.0,2.0397088527679443,1.0,1.7761796712875366,girl,mixedsch,0.09176386892795563,mid,vb1,0.0,0.0,1.7761796712875366,0.0,0.0
4.0,48.0,0.821988046169281,1.0,0.040499038994312286,boy,mixedsch,0.09176386892795563,mid,vb2,0.0,0.0,0.0,0.0,0.0
4.0,49.0,1.5792195796966553,1.0,-0.5380612015724182,girl,mixedsch,0.09176386892795563,mid,vb2,0.0,0.0,-0.5380612015724182,0.0,0.0
4.0,50.0,1.0396080017089844,1.0,0.040499038994312286,girl,mixedsch,0.09176386892795563,mid,vb2,0.0,0.0,0.040499038994312286,0.0,0.0
4.0,51.0,2.1029746532440186,1.0,2.2720885276794434,girl,mixedsch,0.09176386892795563,mid,vb1,0.0,0.0,2.2720885276794434,0.0,0.0
4.0,52.0,0.5443409085273743,1.0,1.1976194381713867,boy,mixedsch,0.09176386892795563,mid,vb1,0.0,0.0,0.0,0.0,0.0
4.0,53.0,1.9771069288253784,1.0,2.3547399044036865,boy,mixedsch,0.09176386892795563,mid,vb1,0.0,0.0,0.0,0.0,0.0
4.0,54.0,0.678758978843689,1.0,1.528225302696228,girl,mixedsch,0.09176386892795563,mid,vb1,0.0,0.0,1.528225302696228,0.0,0.0
4.0,55.0,0.7472277283668518,1.0,0.7017107009887695,boy,mixedsch,0.09176386892795563,mid,vb1,0.0,0.0,0.0,0.0,0.0
4.0,56.0,1.506184697151184,1.0,2.106785535812378,boy,mixedsch,0.09176386892795563,mid,vb1,0.0,0.0,0.0,0.0,0.0
4.0,57.0,2.1029746532440186,1.0,0.8670135736465454,girl,mixedsch,0.09176386892795563,mid,vb1,0.0,0.0,0.8670135736465454,0.0,0.0
4.0,58.0,-0.5551124811172485,1.0,-0.7033640742301941,boy,mixedsch,0.09176386892795563,mid,vb2,0.0,0.0,0.0,0.0,0.0
4.0,59.0,-0.5551124811172485,1.0,-0.6207126379013062,girl,mixedsch,0.09176386892795563,mid,vb2,0.0,0.0,-0.6207126379013062,0.0,0.0
4.0,60.0,-0.06208816543221474,1.0,0.8670135736465454,girl,mixedsch,0.09176386892795563,mid,vb1,0.0,0.0,0.8670135736465454,0.0,0.0
4.0,61.0,-1.029066801071167,1.0,0.20580196380615234,boy,mixedsch,0.09176386892795563,mid,vb2,0.0,0.0,0.0,0.0,0.0
4.0,62.0,-0.6230506896972656,1.0,0.12315050512552261,boy,mixedsch,0.09176386892795563,mid,vb2,0.0,0.0,0.0,0.0,0.0
4.0,63.0,-0.4927808344364166,1.0,-0.7860155701637268,girl,mixedsch,0.09176386892795563,mid,vb2,0.0,0.0,-0.7860155701637268,0.0,0.0
4.0,64.0,-0.9393776655197144,1.0,-1.777833104133606,girl,mixedsch,0.09176386892795563,mid,vb3,0.0,0.0,-1.777833104133606,0.0,0.0
4.0,65.0,-1.029066801071167,1.0,-0.7860155701637268,girl,mixedsch,0.09176386892795563,mid,vb2,0.0,0.0,-0.7860155701637268,0.0,0.0
4.0,66.0,0.07353636622428894,1.0,0.6190592646598816,girl,mixedsch,0.09176386892795563,mid,vb1,0.0,0.0,0.6190592646598816,0.0,0.0
4.0,67.0,1.175849437713623,1.0,1.693528175354004,boy,mixedsch,0.09176386892795563,mid,vb1,0.0,0.0,0.0,0.0,0.0
4.0,68.0,-1.2194855213165283,1.0,-0.7033640742301941,boy,mixedsch,0.09176386892795563,mid,vb2,0.0,0.0,0.0,0.0,0.0
4.0,69.0,-0.6230506896972656,1.0,-0.042152419686317444,boy,mixedsch,0.09176386892795563,mid,vb2,0.0,0.0,0.0,0.0,0.0
4.0,70.0,2.31360125541687,1.0,0.45375630259513855,girl,mixedsch,0.09176386892795563,mid,vb2,0.0,0.0,0.45375630259513855,0.0,0.0
4.0,71.0,-1.6237297058105469,1.0,-0.9513183832168579,boy,mixedsch,0.09176386892795563,mid,vb2,0.0,0.0,0.0,0.0,0.0
4.0,72.0,-0.5551124811172485,1.0,0.040499038994312286,boy,mixedsch,0.09176386892795563,mid,vb2,0.0,0.0,0.0,0.0,0.0
4.0,73.0,-0.26515936851501465,1.0,0.7843621969223022,girl,mixedsch,0.09176386892795563,mid,vb1,0.0,0.0,0.7843621969223022,0.0,0.0
4.0,74.0,-0.8526700735092163,1.0,-0.29010680317878723,boy,mixedsch,0.09176386892795563,mid,vb2,0.0,0.0,0.0,0.0,0.0
4.0,75.0,0.7472277283668518,1.0,0.7843621969223022,girl,mixedsch,0.09176386892795563,mid,vb1,0.0,0.0,0.7843621969223022,0.0,0.0
4.0,76.0,1.1094379425048828,1.0,1.8588311672210693,girl,mixedsch,0.09176386892795563,mid,vb1,0.0,0.0,1.8588311672210693,0.0,0.0
4.0,77.0,1.9003351926803589,1.0,1.4455738067626953,boy,mixedsch,0.09176386892795563,mid,vb1,0.0,0.0,0.0,0.0,0.0
4.0,78.0,-0.06208816543221474,1.0,-0.5380612015724182,boy,mixedsch,0.09176386892795563,mid,vb2,0.0,0.0,0.0,0.0,0.0
4.0,79.0,0.328072190284729,1.0,0.12315050512552261,boy,mixedsch,0.09176386892795563,mid,vb2,0.0,0.0,0.0,0.0,0.0
5.0,1.0,1.0396080017089844,1.0,-0.37275826930999756,girl,mixedsch,0.21052490174770355,high,vb2,0.0,0.0,-0.37275826930999756,0.0,0.0
5.0,2.0,1.0396080017089844,1.0,0.20580196380615234,boy,mixedsch,0.21052490174770355,high,vb2,0.0,0.0,0.0,0.0,0.0
5.0,3.0,0.1941491812467575,1.0,0.28845342993736267,girl,mixedsch,0.21052490174770355,high,vb2,0.0,0.0,0.28845342993736267,0.0,0.0
5.0,4.0,0.1941491812467575,1.0,0.040499038994312286,boy,mixedsch,0.21052490174770355,high,vb2,0.0,0.0,0.0,0.0,0.0
5.0,5.0,0.2613244652748108,1.0,0.9496650099754333,boy,mixedsch,0.21052490174770355,high,vb1,0.0,0.0,0.0,0.0,0.0
5.0,6.0,1.506184697151184,1.0,0.7017107009887695,girl,mixedsch,0.21052490174770355,high,vb1,0.0,0.0,0.7017107009887695,0.0,0.0
5.0,7.0,0.328072190284729,1.0,1.1976194381713867,girl,mixedsch,0.21052490174770355,high,vb1,0.0,0.0,1.1976194381713867,0.0,0.0
5.0,8.0,-0.12908467650413513,1.0,-0.37275826930999756,girl,mixedsch,0.21052490174770355,high,vb2,0.0,0.0,-0.37275826930999756,0.0,0.0
5.0,9.0,-1.1186243295669556,1.0,-0.37275826930999756,girl,mixedsch,0.21052490174770355,high,vb2,0.0,0.0,-0.37275826930999756,0.0,0.0
5.0,10.0,0.1941491812467575,1.0,0.5364077687263489,girl,mixedsch,0.21052490174770355,high,vb2,0.0,0.0,0.5364077687263489,0.0,0.0
5.0,11.0,0.328072190284729,1.0,-0.12480387836694717,boy,mixedsch,0.21052490174770355,high,vb2,0.0,0.0,0.0,0.0,0.0
5.0,12.0,1.1094379425048828,1.0,1.7761796712875366,boy,mixedsch,0.21052490174770355,high,vb1,0.0,0.0,0.0,0.0,0.0
5.0,13.0,0.7472277283668518,1.0,0.45375630259513855,girl,mixedsch,0.21052490174770355,high,vb2,0.0,0.0,0.45375630259513855,0.0,0.0
5.0,14.0,-0.06208816543221474,1.0,-0.37275826930999756,boy,mixedsch,0.21052490174770355,high,vb2,0.0,0.0,0.0,0.0,0.0
5.0,15.0,0.4026685655117035,1.0,-0.2074553370475769,boy,mixedsch,0.21052490174770355,high,vb2,0.0,0.0,0.0,0.0,0.0
5.0,16.0,2.1029746532440186,1.0,2.0241341590881348,girl,mixedsch,0.21052490174770355,high,vb1,0.0,0.0,2.0241341590881348,0.0,0.0
5.0,17.0,0.328072190284729,1.0,-0.6207126379013062,boy,mixedsch,0.21052490174770355,high,vb2,0.0,0.0,0.0,0.0,0.0
5.0,18.0,1.5792195796966553,1.0,-0.2074553370475769,boy,mixedsch,0.21052490174770355,high,vb2,0.0,0.0,0.0,0.0,0.0
5.0,19.0,0.6107285618782043,1.0,0.28845342993736267,girl,mixedsch,0.21052490174770355,high,vb2,0.0,0.0,0.28845342993736267,0.0,0.0
5.0,20.0,0.678758978843689,1.0,0.6190592646598816,girl,mixedsch,0.21052490174770355,high,vb1,0.0,0.0,0.6190592646598816,0.0,0.0
5.0,21.0,0.1941491812467575,1.0,0.5364077687263489,boy,mixedsch,0.21052490174770355,high,vb1,0.0,0.0,0.0,0.0,0.0
5.0,22.0,-0.12908467650413513,1.0,-1.199272871017456,girl,mixedsch,0.21052490174770355,high,vb2,0.0,0.0,-1.199272871017456,0.0,0.0
5.0,23.0,1.175849437713623,1.0,-0.37275826930999756,girl,mixedsch,0.21052490174770355,high,vb2,0.0,0.0,-0.37275826930999756,0.0,0.0
5.0,24.0,0.2613244652748108,1.0,0.7017107009887695,boy,mixedsch,0.21052490174770355,high,vb1,0.0,0.0,0.0,0.0,0.0
5.0,25.0,1.4395315647125244,1.0,1.1976194381713867,girl,mixedsch,0.21052490174770355,high,vb1,0.0,0.0,1.1976194381713867,0.0,0.0
5.0,26.0,0.4781937301158905,1.0,0.12315050512552261,boy,mixedsch,0.21052490174770355,high,vb2,0.0,0.0,0.0,0.0,0.0
5.0,27.0,-1.2194855213165283,1.0,-0.7033640742301941,girl,mixedsch,0.21052490174770355,high,vb2,0.0,0.0,-0.7033640742301941,0.0,0.0
5.0,28.0,-0.4927808344364166,1.0,-0.29010680317878723,boy,mixedsch,0.21052490174770355,high,vb2,0.0,0.0,0.0,0.0,0.0
5.0,29.0,1.3101423978805542,1.0,0.45375630259513855,boy,mixedsch,0.21052490174770355,high,vb2,0.0,0.0,0.0,0.0,0.0
5.0,30.0,0.6107285618782043,1.0,0.5364077687263489,boy,mixedsch,0.21052490174770355,high,vb1,0.0,0.0,0.0,0.0,0.0
5.0,31.0,-0.776108980178833,1.0,-0.7860155701637268,girl,mixedsch,0.21052490174770355,high,vb2,0.0,0.0,-0.7860155701637268,0.0,0.0
5.0,32.0,-1.2194855213165283,1.0,-0.37275826930999756,girl,mixedsch,0.21052490174770355,high,vb2,0.0,0.0,-0.37275826930999756,0.0,0.0
5.0,33.0,1.175849437713623,1.0,0.8670135736465454,boy,mixedsch,0.21052490174770355,high,vb1,0.0,0.0,0.0,0.0,0.0
5.0,34.0,0.4026685655117035,1.0,0.5364077687263489,girl,mixedsch,0.21052490174770355,high,vb1,0.0,0.0,0.5364077687263489,0.0,0.0
5.0,35.0,-0.4198014438152313,1.0,-0.29010680317878723,girl,mixedsch,0.21052490174770355,high,vb2,0.0,0.0,-0.29010680317878723,0.0,0.0
9.0,1.0,-1.5266530513763428,1.0,0.20580196380615234,boy,mixedsch,-0.49430447816848755,low,vb2,0.0,0.0,0.0,0.0,0.0
9.0,2.0,-1.1186243295669556,1.0,0.20580196380615234,boy,mixedsch,-0.49430447816848755,low,vb2,0.0,0.0,0.0,0.0,0.0
9.0,3.0,-1.3353148698806763,1.0,-2.934953451156616,boy,mixedsch,-0.49430447816848755,low,vb3,0.0,0.0,0.0,0.0,0.0
9.0,4.0,1.5792195796966553,1.0,-0.7033640742301941,boy,mixedsch,-0.49430447816848755,low,vb2,0.0,0.0,0.0,0.0,0.0
9.0,5.0,-0.4927808344364166,1.0,-1.6125301122665405,boy,mixedsch,-0.49430447816848755,low,vb3,0.0,0.0,0.0,0.0,0.0
9.0,6.0,-0.5551124811172485,1.0,-0.7033640742301941,boy,mixedsch,-0.49430447816848755,low,vb2,0.0,0.0,0.0,0.0,0.0
9.0,7.0,-0.6995050311088562,1.0,-2.1910903453826904,girl,mixedsch,-0.49430447816848755,low,vb3,0.0,0.0,-2.1910903453826904,0.0,0.0
9.0,8.0,0.4026685655117035,1.0,0.6190592646598816,boy,mixedsch,-0.49430447816848755,low,vb1,0.0,0.0,0.0,0.0,0.0
9.0,9.0,-0.9393776655197144,1.0,-1.6125301122665405,girl,mixedsch,-0.49430447816848755,low,vb3,0.0,0.0,-1.6125301122665405,0.0,0.0
9.0,10.0,-0.6230506896972656,1.0,-1.777833104133606,boy,mixedsch,-0.49430447816848755,low,vb3,0.0,0.0,0.0,0.0,0.0
9.0,11.0,0.8965656757354736,1.0,1.0323165655136108,boy,mixedsch,-0.49430447816848755,low,vb1,0.0,0.0,0.0,0.0,0.0
9.0,12.0,0.07353636622428894,1.0,0.20580196380615234,boy,mixedsch,-0.49430447816848755,low,vb2,0.0,0.0,0.0,0.0,0.0
9.0,13.0,0.7472277283668518,1.0,0.6190592646598816,girl,mixedsch,-0.49430447816848755,low,vb1,0.0,0.0,0.6190592646598816,0.0,0.0
9.0,14.0,-0.06208816543221474,1.0,-0.7033640742301941,boy,mixedsch,-0.49430447816848755,low,vb2,0.0,0.0,0.0,0.0,0.0
9.0,15.0,-0.6230506896972656,1.0,-0.7860155701637268,girl,mixedsch,-0.49430447816848755,low,vb2,0.0,0.0,-0.7860155701637268,0.0,0.0
9.0,16.0,-0.6995050311088562,1.0,0.5364077687263489,boy,mixedsch,-0.49430447816848755,low,vb1,0.0,0.0,0.0,0.0,0.0
9.0,17.0,-1.029066801071167,1.0,-0.29010680317878723,boy,mixedsch,-0.49430447816848755,low,vb2,0.0,0.0,0.0,0.0,0.0
9.0,18.0,-0.5551124811172485,1.0,0.9496650099754333,girl,mixedsch,-0.49430447816848755,low,vb1,0.0,0.0,0.9496650099754333,0.0,0.0
9.0,19.0,-0.26515936851501465,1.0,-1.777833104133606,girl,mixedsch,-0.49430447816848755,low,vb3,0.0,0.0,-1.777833104133606,0.0,0.0
9.0,20.0,-1.3353148698806763,1.0,-1.364575743675232,boy,mixedsch,-0.49430447816848755,low,vb3,0.0,0.0,0.0,0.0,0.0
9.0,21.0,0.4781937301158905,1.0,0.12315050512552261,girl,mixedsch,-0.49430447816848755,low,vb2,0.0,0.0,0.12315050512552261,0.0,0.0
9.0,22.0,-0.26515936851501465,1.0,-0.12480387836694717,boy,mixedsch,-0.49430447816848755,low,vb2,0.0,0.0,0.0,0.0,0.0
9.0,23.0,0.5443409085273743,1.0,-0.042152419686317444,girl,mixedsch,-0.49430447816848755,low,vb2,0.0,0.0,-0.042152419686317444,0.0,0.0
9.0,24.0,-1.6237297058105469,1.0,-2.6869990825653076,boy,mixedsch,-0.49430447816848755,low,vb3,0.0,0.0,0.0,0.0,0.0
9.0,25.0,-2.1086435317993164,1.0,-2.934953451156616,boy,mixedsch,-0.49430447816848755,low,vb3,0.0,0.0,0.0,0.0,0.0
9.0,26.0,-0.12908467650413513,1.0,0.3711048662662506,boy,mixedsch,-0.49430447816848755,low,vb2,0.0,0.0,0.0,0.0,0.0
9.0,27.0,0.07353636622428894,1.0,0.8670135736465454,boy,mixedsch,-0.49430447816848755,low,vb1,0.0,0.0,0.0,0.0,0.0
9.0,28.0,0.07353636622428894,1.0,0.8670135736465454,boy,mixedsch,-0.49430447816848755,low,vb1,0.0,0.0,0.0,0.0,0.0
9.0,29.0,-1.3353148698806763,1.0,-0.6207126379013062,girl,mixedsch,-0.49430447816848755,low,vb2,0.0,0.0,-0.6207126379013062,0.0,0.0
9.0,30.0,-1.1186243295669556,1.0,-0.6207126379013062,girl,mixedsch,-0.49430447816848755,low,vb2,0.0,0.0,-0.6207126379013062,0.0,0.0
9.0,31.0,-1.5266530513763428,1.0,-0.4554097056388855,boy,mixedsch,-0.49430447816848755,low,vb2,0.0,0.0,0.0,0.0,0.0
9.0,32.0,0.4781937301158905,1.0,1.1976194381713867,girl,mixedsch,-0.49430447816848755,low,vb1,0.0,0.0,1.1976194381713867,0.0,0.0
9.0,33.0,-0.19761060178279877,1.0,-0.7860155701637268,girl,mixedsch,-0.49430447816848755,low,vb2,0.0,0.0,-0.7860155701637268,0.0,0.0
9.0,34.0,0.004321751184761524,1.0,0.12315050512552261,girl,mixedsch,-0.49430447816848755,low,vb2,0.0,0.0,0.12315050512552261,0.0,0.0
10.0,1.0,0.4026685655117035,1.0,1.1149680614471436,boy,mixedsch,0.18927167356014252,mid,vb1,0.0,0.0,0.0,0.0,0.0
10.0,2.0,-0.33884158730506897,1.0,-0.5380612015724182,boy,mixedsch,0.18927167356014252,mid,vb2,0.0,0.0,0.0,0.0,0.0
10.0,3.0,0.2613244652748108,1.0,-1.4472272396087646,girl,mixedsch,0.18927167356014252,mid,vb3,0.0,0.0,-1.4472272396087646,0.0,0.0
10.0,4.0,-0.4198014438152313,1.0,-0.37275826930999756,boy,mixedsch,0.18927167356014252,mid,vb2,0.0,0.0,0.0,0.0,0.0
10.0,5.0,0.13406679034233093,1.0,0.7017107009887695,boy,mixedsch,0.18927167356014252,mid,vb1,0.0,0.0,0.0,0.0,0.0
10.0,6.0,-0.33884158730506897,1.0,-0.37275826930999756,boy,mixedsch,0.18927167356014252,mid,vb2,0.0,0.0,0.0,0.0,0.0
10.0,7.0,1.5792195796966553,1.0,0.28845342993736267,boy,mixedsch,0.18927167356014252,mid,vb2,0.0,0.0,0.0,0.0,0.0
10.0,8.0,0.07353636622428894,1.0,-0.2074553370475769,girl,mixedsch,0.18927167356014252,mid,vb2,0.0,0.0,-0.2074553370475769,0.0,0.0
10.0,9.0,0.13406679034233093,1.0,0.28845342993736267,girl,mixedsch,0.18927167356014252,mid,vb2,0.0,0.0,0.28845342993736267,0.0,0.0
10.0,10.0,0.004321751184761524,1.0,-0.042152419686317444,boy,mixedsch,0.18927167356014252,mid,vb2,0.0,0.0,0.0,0.0,0.0
10.0,11.0,0.004321751184761524,1.0,0.5364077687263489,boy,mixedsch,0.18927167356014252,mid,vb1,0.0,0.0,0.0,0.0,0.0
10.0,12.0,-0.6230506896972656,1.0,1.0323165655136108,boy,mixedsch,0.18927167356014252,mid,vb1,0.0,0.0,0.0,0.0,0.0
10.0,13.0,-0.06208816543221474,1.0,0.7017107009887695,girl,mixedsch,0.18927167356014252,mid,vb1,0.0,0.0,0.7017107009887695,0.0,0.0
10.0,14.0,-0.4198014438152313,1.0,1.1149680614471436,boy,mixedsch,0.18927167356014252,mid,vb1,0.0,0.0,0.0,0.0,0.0
10.0,15.0,0.13406679034233093,1.0,-0.042152419686317444,boy,mixedsch,0.18927167356014252,mid,vb2,0.0,0.0,0.0,0.0,0.0
10.0,16.0,0.004321751184761524,1.0,0.040499038994312286,boy,mixedsch,0.18927167356014252,mid,vb2,0.0,0.0,0.0,0.0,0.0
10.0,17.0,-0.4198014438152313,1.0,0.20580196380615234,boy,mixedsch,0.18927167356014252,mid,vb2,0.0,0.0,0.0,0.0,0.0
10.0,18.0,-0.9393776655197144,1.0,0.12315050512552261,boy,mixedsch,0.18927167356014252,mid,vb2,0.0,0.0,0.0,0.0,0.0
10.0,19.0,-0.12908467650413513,1.0,0.040499038994312286,girl,mixedsch,0.18927167356014252,mid,vb2,0.0,0.0,0.040499038994312286,0.0,0.0
10.0,20.0,-0.26515936851501465,1.0,0.12315050512552261,boy,mixedsch,0.18927167356014252,mid,vb2,0.0,0.0,0.0,0.0,0.0
10.0,21.0,-0.33884158730506897,1.0,0.6190592646598816,girl,mixedsch,0.18927167356014252,mid,vb1,0.0,0.0,0.6190592646598816,0.0,0.0
10.0,22.0,-0.9393776655197144,1.0,-0.4554097056388855,girl,mixedsch,0.18927167356014252,mid,vb2,0.0,0.0,-0.4554097056388855,0.0,0.0
10.0,23.0,0.4026685655117035,1.0,0.5364077687263489,boy,mixedsch,0.18927167356014252,mid,vb1,0.0,0.0,0.0,0.0,0.0
10.0,24.0,-0.6230506896972656,1.0,1.0323165655136108,girl,mixedsch,0.18927167356014252,mid,vb1,0.0,0.0,1.0323165655136108,0.0,0.0
10.0,25.0,-0.6230506896972656,1.0,-0.2074553370475769,girl,mixedsch,0.18927167356014252,mid,vb2,0.0,0.0,-0.2074553370475769,0.0,0.0
10.0,26.0,-1.1186243295669556,1.0,0.6190592646598816,boy,mixedsch,0.18927167356014252,mid,vb1,0.0,0.0,0.0,0.0,0.0
10.0,27.0,-0.33884158730506897,1.0,-0.7860155701637268,boy,mixedsch,0.18927167356014252,mid,vb2,0.0,0.0,0.0,0.0,0.0
10.0,28.0,-0.26515936851501465,1.0,0.5364077687263489,boy,mixedsch,0.18927167356014252,mid,vb2,0.0,0.0,0.0,0.0,0.0
10.0,29.0,-0.776108980178833,1.0,0.040499038994312286,girl,mixedsch,0.18927167356014252,mid,vb2,0.0,0.0,0.040499038994312286,0.0,0.0
10.0,30.0,0.004321751184761524,1.0,1.8588311672210693,boy,mixedsch,0.18927167356014252,mid,vb1,0.0,0.0,0.0,0.0,0.0
10.0,31.0,-1.6237297058105469,1.0,0.5364077687263489,boy,mixedsch,0.18927167356014252,mid,vb1,0.0,0.0,0.0,0.0,0.0
10.0,32.0,-1.029066801071167,1.0,-0.8686670064926147,girl,mixedsch,0.18927167356014252,mid,vb2,0.0,0.0,-0.8686670064926147,0.0,0.0
10.0,33.0,0.2613244652748108,1.0,-0.29010680317878723,girl,mixedsch,0.18927167356014252,mid,vb2,0.0,0.0,-0.29010680317878723,0.0,0.0
10.0,34.0,0.07353636622428894,1.0,0.12315050512552261,girl,mixedsch,0.18927167356014252,mid,vb2,0.0,0.0,0.12315050512552261,0.0,0.0
10.0,35.0,-1.029066801071167,1.0,-1.1166213750839233,boy,mixedsch,0.18927167356014252,mid,vb3,0.0,0.0,0.0,0.0,0.0
10.0,36.0,1.5792195796966553,1.0,2.0241341590881348,girl,mixedsch,0.18927167356014252,mid,vb1,0.0,0.0,2.0241341590881348,0.0,0.0
10.0,37.0,-0.4927808344364166,1.0,0.040499038994312286,girl,mixedsch,0.18927167356014252,mid,vb2,0.0,0.0,0.040499038994312286,0.0,0.0
10.0,38.0,-1.5266530513763428,1.0,-0.7033640742301941,boy,mixedsch,0.18927167356014252,mid,vb2,0.0,0.0,0.0,0.0,0.0
10.0,39.0,0.2613244652748108,1.0,0.9496650099754333,girl,mixedsch,0.18927167356014252,mid,vb1,0.0,0.0,0.9496650099754333,0.0,0.0
10.0,40.0,-0.4927808344364166,1.0,-0.042152419686317444,boy,mixedsch,0.18927167356014252,mid,vb2,0.0,0.0,0.0,0.0,0.0
10.0,41.0,-1.2194855213165283,1.0,-0.042152419686317444,boy,mixedsch,0.18927167356014252,mid,vb2,0.0,0.0,0.0,0.0,0.0
10.0,42.0,-0.12908467650413513,1.0,1.6108767986297607,boy,mixedsch,0.18927167356014252,mid,vb1,0.0,0.0,0.0,0.0,0.0
10.0,43.0,-0.26515936851501465,1.0,0.8670135736465454,boy,mixedsch,0.18927167356014252,mid,vb1,0.0,0.0,0.0,0.0,0.0
10.0,44.0,0.678758978843689,1.0,1.3629224300384521,girl,mixedsch,0.18927167356014252,mid,vb1,0.0,0.0,1.3629224300384521,0.0,0.0
10.0,45.0,-1.5266530513763428,1.0,0.45375630259513855,boy,mixedsch,0.18927167356014252,mid,vb1,0.0,0.0,0.0,0.0,0.0
10.0,46.0,-0.6995050311088562,1.0,-0.4554097056388855,boy,mixedsch,0.18927167356014252,mid,vb2,0.0,0.0,0.0,0.0,0.0
10.0,47.0,-0.06208816543221474,1.0,-0.29010680317878723,girl,mixedsch,0.18927167356014252,mid,vb2,0.0,0.0,-0.29010680317878723,0.0,0.0
10.0,48.0,-0.9393776655197144,1.0,-0.9513183832168579,boy,mixedsch,0.18927167356014252,mid,vb2,0.0,0.0,0.0,0.0,0.0
10.0,49.0,0.07353636622428894,1.0,-0.7860155701637268,boy,mixedsch,0.18927167356014252,mid,vb2,0.0,0.0,0.0,0.0,0.0
10.0,50.0,0.4781937301158905,1.0,-0.042152419686317444,girl,mixedsch,0.18927167356014252,mid,vb2,0.0,0.0,-0.042152419686317444,0.0,0.0
12.0,1.0,-0.6230506896972656,1.0,-0.9513183832168579,girl,mixedsch,-0.008740120567381382,mid,vb3,0.0,0.0,-0.9513183832168579,0.0,0.0
12.0,2.0,0.7472277283668518,1.0,0.6190592646598816,girl,mixedsch,-0.008740120567381382,mid,vb1,0.0,0.0,0.6190592646598816,0.0,0.0
12.0,3.0,-1.7238824367523193,1.0,-1.1166213750839233,boy,mixedsch,-0.008740120567381382,mid,vb3,0.0,0.0,0.0,0.0,0.0
12.0,4.0,0.004321751184761524,1.0,1.1149680614471436,girl,mixedsch,-0.008740120567381382,mid,vb2,0.0,0.0,1.1149680614471436,0.0,0.0
12.0,5.0,0.5443409085273743,1.0,0.7017107009887695,boy,mixedsch,-0.008740120567381382,mid,vb1,0.0,0.0,0.0,0.0,0.0
12.0,6.0,0.4026685655117035,1.0,0.12315050512552261,girl,mixedsch,-0.008740120567381382,mid,vb2,0.0,0.0,0.12315050512552261,0.0,0.0
12.0,7.0,0.5443409085273743,1.0,0.7017107009887695,girl,mixedsch,-0.008740120567381382,mid,vb2,0.0,0.0,0.7017107009887695,0.0,0.0
12.0,8.0,-1.1186243295669556,1.0,-0.7033640742301941,boy,mixedsch,-0.008740120567381382,mid,vb2,0.0,0.0,0.0,0.0,0.0
12.0,9.0,-2.1086435317993164,1.0,-0.4554097056388855,boy,mixedsch,-0.008740120567381382,mid,vb2,0.0,0.0,0.0,0.0,0.0
12.0,10.0,1.1094379425048828,1.0,-0.042152419686317444,girl,mixedsch,-0.008740120567381382,mid,vb2,0.0,0.0,-0.042152419686317444,0.0,0.0
12.0,11.0,0.678758978843689,1.0,0.12315050512552261,boy,mixedsch,-0.008740120567381382,mid,vb2,0.0,0.0,0.0,0.0,0.0
12.0,12.0,0.2613244652748108,1.0,-0.37275826930999756,girl,mixedsch,-0.008740120567381382,mid,vb2,0.0,0.0,-0.37275826930999756,0.0,0.0
12.0,13.0,0.8965656757354736,1.0,0.28845342993736267,boy,mixedsch,-0.008740120567381382,mid,vb2,0.0,0.0,0.0,0.0,0.0
12.0,14.0,-0.4198014438152313,1.0,-0.2074553370475769,boy,mixedsch,-0.008740120567381382,mid,vb2,0.0,0.0,0.0,0.0,0.0
12.0,15.0,1.2405332326889038,1.0,1.1149680614471436,girl,mixedsch,-0.008740120567381382,mid,vb1,0.0,0.0,1.1149680614471436,0.0,0.0
12.0,16.0,-0.26515936851501465,1.0,-0.9513183832168579,boy,mixedsch,-0.008740120567381382,mid,vb2,0.0,0.0,0.0,0.0,0.0
12.0,17.0,0.1941491812467575,1.0,0.45375630259513855,girl,mixedsch,-0.008740120567381382,mid,vb2,0.0,0.0,0.45375630259513855,0.0,0.0
12.0,18.0,0.2613244652748108,1.0,1.1149680614471436,girl,mixedsch,-0.008740120567381382,mid,vb1,0.0,0.0,1.1149680614471436,0.0,0.0
12.0,19.0,-0.9393776655197144,1.0,-0.4554097056388855,girl,mixedsch,-0.008740120567381382,mid,vb2,0.0,0.0,-0.4554097056388855,0.0,0.0
12.0,20.0,0.821988046169281,1.0,0.040499038994312286,boy,mixedsch,-0.008740120567381382,mid,vb2,0.0,0.0,0.0,0.0,0.0
12.0,21.0,-0.4198014438152313,1.0,-0.8686670064926147,boy,mixedsch,-0.008740120567381382,mid,vb2,0.0,0.0,0.0,0.0,0.0
12.0,22.0,-0.19761060178279877,1.0,-0.7033640742301941,boy,mixedsch,-0.008740120567381382,mid,vb2,0.0,0.0,0.0,0.0,0.0
12.0,23.0,-1.3353148698806763,1.0,-0.2074553370475769,boy,mixedsch,-0.008740120567381382,mid,vb2,0.0,0.0,0.0,0.0,0.0
12.0,24.0,-0.33884158730506897,1.0,-0.7033640742301941,girl,mixedsch,-0.008740120567381382,mid,vb2,0.0,0.0,-0.7033640742301941,0.0,0.0
12.0,25.0,-0.4927808344364166,1.0,1.1149680614471436,girl,mixedsch,-0.008740120567381382,mid,vb2,0.0,0.0,1.1149680614471436,0.0,0.0
12.0,26.0,-0.5551124811172485,1.0,-1.2819242477416992,boy,mixedsch,-0.008740120567381382,mid,vb2,0.0,0.0,0.0,0.0,0.0
12.0,27.0,0.07353636622428894,1.0,0.8670135736465454,girl,mixedsch,-0.008740120567381382,mid,vb1,0.0,0.0,0.8670135736465454,0.0,0.0
12.0,28.0,-1.6237297058105469,1.0,-1.6125301122665405,boy,mixedsch,-0.008740120567381382,mid,vb3,0.0,0.0,0.0,0.0,0.0
12.0,29.0,0.8965656757354736,1.0,0.7843621969223022,girl,mixedsch,-0.008740120567381382,mid,vb1,0.0,0.0,0.7843621969223022,0.0,0.0
12.0,30.0,-0.26515936851501465,1.0,1.1976194381713867,boy,mixedsch,-0.008740120567381382,mid,vb1,0.0,0.0,0.0,0.0,0.0
12.0,31.0,-1.5266530513763428,1.0,-0.8686670064926147,boy,mixedsch,-0.008740120567381382,mid,vb3,0.0,0.0,0.0,0.0,0.0
12.0,32.0,-0.6995050311088562,1.0,-1.9431359767913818,girl,mixedsch,-0.008740120567381382,mid,vb3,0.0,0.0,-1.9431359767913818,0.0,0.0
12.0,33.0,0.004321751184761524,1.0,1.528225302696228,boy,mixedsch,-0.008740120567381382,mid,vb1,0.0,0.0,0.0,0.0,0.0
12.0,34.0,0.13406679034233093,1.0,0.7843621969223022,girl,mixedsch,-0.008740120567381382,mid,vb2,0.0,0.0,0.7843621969223022,0.0,0.0
12.0,35.0,0.8965656757354736,1.0,0.3711048662662506,girl,mixedsch,-0.008740120567381382,mid,vb2,0.0,0.0,0.3711048662662506,0.0,0.0
12.0,36.0,0.004321751184761524,1.0,-0.2074553370475769,boy,mixedsch,-0.008740120567381382,mid,vb2,0.0,0.0,0.0,0.0,0.0
12.0,37.0,-0.5551124811172485,1.0,0.7843621969223022,girl,mixedsch,-0.008740120567381382,mid,vb2,0.0,0.0,0.7843621969223022,0.0,0.0
12.0,38.0,0.1941491812467575,1.0,0.040499038994312286,girl,mixedsch,-0.008740120567381382,mid,vb2,0.0,0.0,0.040499038994312286,0.0,0.0
12.0,39.0,0.8965656757354736,1.0,-0.6207126379013062,girl,mixedsch,-0.008740120567381382,mid,vb2,0.0,0.0,-0.6207126379013062,0.0,0.0
12.0,40.0,0.13406679034233093,1.0,-1.199272871017456,boy,mixedsch,-0.008740120567381382,mid,vb2,0.0,0.0,0.0,0.0,0.0
12.0,41.0,-0.19761060178279877,1.0,-0.7033640742301941,girl,mixedsch,-0.008740120567381382,mid,vb2,0.0,0.0,-0.7033640742301941,0.0,0.0
12.0,42.0,0.328072190284729,1.0,-0.37275826930999756,boy,mixedsch,-0.008740120567381382,mid,vb2,0.0,0.0,0.0,0.0,0.0
12.0,43.0,0.328072190284729,1.0,1.2802709341049194,boy,mixedsch,-0.008740120567381382,mid,vb2,0.0,0.0,0.0,0.0,0.0
12.0,44.0,0.678758978843689,1.0,0.6190592646598816,boy,mixedsch,-0.008740120567381382,mid,vb1,0.0,0.0,0.0,0.0,0.0
12.0,45.0,0.678758978843689,1.0,0.040499038994312286,girl,mixedsch,-0.008740120567381382,mid,vb1,0.0,0.0,0.040499038994312286,0.0,0.0
12.0,46.0,-1.029066801071167,1.0,-0.12480387836694717,boy,mixedsch,-0.008740120567381382,mid,vb2,0.0,0.0,0.0,0.0,0.0
12.0,47.0,0.07353636622428894,1.0,0.45375630259513855,girl,mixedsch,-0.008740120567381382,mid,vb2,0.0,0.0,0.45375630259513855,0.0,0.0
13.0,1.0,-0.5551124811172485,1.0,-1.199272871017456,girl,mixedsch,-0.14934103190898895,mid,vb3,0.0,0.0,-1.199272871017456,0.0,0.0
13.0,2.0,-0.6995050311088562,1.0,-0.7860155701637268,boy,mixedsch,-0.14934103190898895,mid,vb2,0.0,0.0,0.0,0.0,0.0
13.0,3.0,-0.9393776655197144,1.0,-1.777833104133606,girl,mixedsch,-0.14934103190898895,mid,vb3,0.0,0.0,-1.777833104133606,0.0,0.0
13.0,4.0,0.2613244652748108,1.0,-0.29010680317878723,girl,mixedsch,-0.14934103190898895,mid,vb2,0.0,0.0,-0.29010680317878723,0.0,0.0
13.0,5.0,0.13406679034233093,1.0,1.0323165655136108,girl,mixedsch,-0.14934103190898895,mid,vb1,0.0,0.0,1.0323165655136108,0.0,0.0
13.0,6.0,0.5443409085273743,1.0,0.20580196380615234,girl,mixedsch,-0.14934103190898895,mid,vb2,0.0,0.0,0.20580196380615234,0.0,0.0
13.0,7.0,-0.5551124811172485,1.0,-0.7860155701637268,girl,mixedsch,-0.14934103190898895,mid,vb2,0.0,0.0,-0.7860155701637268,0.0,0.0
13.0,8.0,-0.4198014438152313,1.0,0.6190592646598816,boy,mixedsch,-0.14934103190898895,mid,vb1,0.0,0.0,0.0,0.0,0.0
13.0,9.0,-1.8366867303848267,1.0,-0.5380612015724182,boy,mixedsch,-0.14934103190898895,mid,vb2,0.0,0.0,0.0,0.0,0.0
13.0,10.0,-1.7238824367523193,1.0,-1.1166213750839233,boy,mixedsch,-0.14934103190898895,mid,vb3,0.0,0.0,0.0,0.0,0.0
13.0,11.0,0.13406679034233093,1.0,-0.042152419686317444,girl,mixedsch,-0.14934103190898895,mid,vb2,0.0,0.0,-0.042152419686317444,0.0,0.0
13.0,12.0,-1.5266530513763428,1.0,-1.9431359767913818,boy,mixedsch,-0.14934103190898895,mid,vb3,0.0,0.0,0.0,0.0,0.0
13.0,13.0,0.07353636622428894,1.0,-0.4554097056388855,girl,mixedsch,-0.14934103190898895,mid,vb2,0.0,0.0,-0.4554097056388855,0.0,0.0
13.0,14.0,-1.2194855213165283,1.0,-2.934953451156616,boy,mixedsch,-0.14934103190898895,mid,vb3,0.0,0.0,0.0,0.0,0.0
13.0,15.0,-0.6230506896972656,1.0,-0.2074553370475769,girl,mixedsch,-0.14934103190898895,mid,vb2,0.0,0.0,-0.2074553370475769,0.0,0.0
13.0,16.0,1.506184697151184,1.0,1.4455738067626953,girl,mixedsch,-0.14934103190898895,mid,vb1,0.0,0.0,1.4455738067626953,0.0,0.0
13.0,17.0,1.1094379425048828,1.0,1.2802709341049194,boy,mixedsch,-0.14934103190898895,mid,vb1,0.0,0.0,0.0,0.0,0.0
13.0,18.0,-1.9620754718780518,1.0,-1.1166213750839233,girl,mixedsch,-0.14934103190898895,mid,vb2,0.0,0.0,-1.1166213750839233,0.0,0.0
13.0,19.0,-1.3353148698806763,1.0,0.6190592646598816,girl,mixedsch,-0.14934103190898895,mid,vb2,0.0,0.0,0.6190592646598816,0.0,0.0
13.0,20.0,2.31360125541687,1.0,1.6108767986297607,girl,mixedsch,-0.14934103190898895,mid,vb1,0.0,0.0,1.6108767986297607,0.0,0.0
13.0,21.0,-1.438662052154541,1.0,-2.1084389686584473,boy,mixedsch,-0.14934103190898895,mid,vb3,0.0,0.0,0.0,0.0,0.0
13.0,22.0,-1.438662052154541,1.0,-1.0339698791503906,boy,mixedsch,-0.14934103190898895,mid,vb2,0.0,0.0,0.0,0.0,0.0
13.0,23.0,-0.8526700735092163,1.0,-0.8686670064926147,girl,mixedsch,-0.14934103190898895,mid,vb3,0.0,0.0,-0.8686670064926147,0.0,0.0
13.0,24.0,-0.26515936851501465,1.0,-0.37275826930999756,boy,mixedsch,-0.14934103190898895,mid,vb2,0.0,0.0,0.0,0.0,0.0
13.0,25.0,-1.029066801071167,1.0,-0.37275826930999756,girl,mixedsch,-0.14934103190898895,mid,vb2,0.0,0.0,-0.37275826930999756,0.0,0.0
13.0,26.0,0.2613244652748108,1.0,-0.29010680317878723,boy,mixedsch,-0.14934103190898895,mid,vb2,0.0,0.0,0.0,0.0,0.0
13.0,27.0,-0.4198014438152313,1.0,-0.37275826930999756,boy,mixedsch,-0.14934103190898895,mid,vb2,0.0,0.0,0.0,0.0,0.0
13.0,28.0,-0.19761060178279877,1.0,0.28845342993736267,girl,mixedsch,-0.14934103190898895,mid,vb2,0.0,0.0,0.28845342993736267,0.0,0.0
13.0,29.0,-1.2194855213165283,1.0,-0.2074553370475769,boy,mixedsch,-0.14934103190898895,mid,vb2,0.0,0.0,0.0,0.0,0.0
13.0,30.0,-2.752659797668457,1.0,-1.5298787355422974,boy,mixedsch,-0.14934103190898895,mid,vb3,0.0,0.0,0.0,0.0,0.0
13.0,31.0,0.328072190284729,1.0,-0.29010680317878723,girl,mixedsch,-0.14934103190898895,mid,vb2,0.0,0.0,-0.29010680317878723,0.0,0.0
13.0,32.0,0.8965656757354736,1.0,1.1976194381713867,boy,mixedsch,-0.14934103190898895,mid,vb1,0.0,0.0,0.0,0.0,0.0
13.0,33.0,-0.5551124811172485,1.0,-1.6951816082000732,boy,mixedsch,-0.14934103190898895,mid,vb3,0.0,0.0,0.0,0.0,0.0
13.0,34.0,0.5443409085273743,1.0,-0.29010680317878723,boy,mixedsch,-0.14934103190898895,mid,vb1,0.0,0.0,0.0,0.0,0.0
13.0,35.0,-0.4198014438152313,1.0,-0.29010680317878723,boy,mixedsch,-0.14934103190898895,mid,vb2,0.0,0.0,0.0,0.0,0.0
13.0,36.0,0.004321751184761524,1.0,0.7843621969223022,girl,mixedsch,-0.14934103190898895,mid,vb2,0.0,0.0,0.7843621969223022,0.0,0.0
13.0,37.0,-0.19761060178279877,1.0,0.20580196380615234,girl,mixedsch,-0.14934103190898895,mid,vb2,0.0,0.0,0.20580196380615234,0.0,0.0
13.0,38.0,0.9675859808921814,1.0,2.8506486415863037,girl,mixedsch,-0.14934103190898895,mid,vb1,0.0,0.0,2.8506486415863037,0.0,0.0
13.0,39.0,1.175849437713623,1.0,0.3711048662662506,girl,mixedsch,-0.14934103190898895,mid,vb1,0.0,0.0,0.3711048662662506,0.0,0.0
13.0,40.0,0.9675859808921814,1.0,0.9496650099754333,boy,mixedsch,-0.14934103190898895,mid,vb2,0.0,0.0,0.0,0.0,0.0
13.0,41.0,1.0396080017089844,1.0,-1.199272871017456,girl,mixedsch,-0.14934103190898895,mid,vb2,0.0,0.0,-1.199272871017456,0.0,0.0
13.0,42.0,0.4781937301158905,1.0,1.2802709341049194,girl,mixedsch,-0.14934103190898895,mid,vb1,0.0,0.0,1.2802709341049194,0.0,0.0
13.0,43.0,-1.438662052154541,1.0,-2.025787353515625,girl,mixedsch,-0.14934103190898895,mid,vb3,0.0,0.0,-2.025787353515625,0.0,0.0
13.0,44.0,-0.4198014438152313,1.0,-0.5380612015724182,girl,mixedsch,-0.14934103190898895,mid,vb2,0.0,0.0,-0.5380612015724182,0.0,0.0
13.0,45.0,0.821988046169281,1.0,-0.042152419686317444,girl,mixedsch,-0.14934103190898895,mid,vb2,0.0,0.0,-0.042152419686317444,0.0,0.0
13.0,46.0,-0.12908467650413513,1.0,-1.0339698791503906,boy,mixedsch,-0.14934103190898895,mid,vb3,0.0,0.0,0.0,0.0,0.0
13.0,47.0,0.4781937301158905,1.0,-0.12480387836694717,girl,mixedsch,-0.14934103190898895,mid,vb2,0.0,0.0,-0.12480387836694717,0.0,0.0
13.0,48.0,-0.6230506896972656,1.0,-0.29010680317878723,boy,mixedsch,-0.14934103190898895,mid,vb2,0.0,0.0,0.0,0.0,0.0
13.0,49.0,-0.776108980178833,1.0,0.45375630259513855,girl,mixedsch,-0.14934103190898895,mid,vb2,0.0,0.0,0.45375630259513855,0.0,0.0
13.0,50.0,-1.1186243295669556,1.0,-0.2074553370475769,girl,mixedsch,-0.14934103190898895,mid,vb2,0.0,0.0,-0.2074553370475769,0.0,0.0
13.0,51.0,-0.5551124811172485,1.0,1.6108767986297607,boy,mixedsch,-0.14934103190898895,mid,vb1,0.0,0.0,0.0,0.0,0.0
13.0,52.0,1.2405332326889038,1.0,0.3711048662662506,girl,mixedsch,-0.14934103190898895,mid,vb2,0.0,0.0,0.3711048662662506,0.0,0.0
13.0,53.0,0.13406679034233093,1.0,0.3711048662662506,boy,mixedsch,-0.14934103190898895,mid,vb2,0.0,0.0,0.0,0.0,0.0
13.0,54.0,0.1941491812467575,1.0,0.5364077687263489,girl,mixedsch,-0.14934103190898895,mid,vb1,0.0,0.0,0.5364077687263489,0.0,0.0
13.0,55.0,1.7348991632461548,1.0,1.6108767986297607,girl,mixedsch,-0.14934103190898895,mid,vb1,0.0,0.0,1.6108767986297607,0.0,0.0
13.0,56.0,-0.6230506896972656,1.0,-0.12480387836694717,girl,mixedsch,-0.14934103190898895,mid,vb2,0.0,0.0,-0.12480387836694717,0.0,0.0
13.0,57.0,0.821988046169281,1.0,0.7017107009887695,girl,mixedsch,-0.14934103190898895,mid,vb2,0.0,0.0,0.7017107009887695,0.0,0.0
13.0,58.0,0.2613244652748108,1.0,0.040499038994312286,boy,mixedsch,-0.14934103190898895,mid,vb2,0.0,0.0,0.0,0.0,0.0
13.0,59.0,-1.2194855213165283,1.0,-0.9513183832168579,girl,mixedsch,-0.14934103190898895,mid,vb2,0.0,0.0,-0.9513183832168579,0.0,0.0
13.0,60.0,-0.12908467650413513,1.0,-0.12480387836694717,girl,mixedsch,-0.14934103190898895,mid,vb1,0.0,0.0,-0.12480387836694717,0.0,0.0
13.0,61.0,-1.3353148698806763,1.0,-0.4554097056388855,girl,mixedsch,-0.14934103190898895,mid,vb2,0.0,0.0,-0.4554097056388855,0.0,0.0
13.0,62.0,-0.19761060178279877,1.0,0.040499038994312286,boy,mixedsch,-0.14934103190898895,mid,vb2,0.0,0.0,0.0,0.0,0.0
13.0,63.0,-0.5551124811172485,1.0,-0.4554097056388855,boy,mixedsch,-0.14934103190898895,mid,vb2,0.0,0.0,0.0,0.0,0.0
13.0,64.0,-0.8526700735092163,1.0,0.45375630259513855,girl,mixedsch,-0.14934103190898895,mid,vb2,0.0,0.0,0.45375630259513855,0.0,0.0
14.0,1.0,1.661805510520935,1.0,1.2802709341049194,girl,mixedsch,0.32643964886665344,high,vb1,0.0,0.0,1.2802709341049194,0.0,0.0
14.0,2.0,0.4781937301158905,1.0,-0.37275826930999756,boy,mixedsch,0.32643964886665344,high,vb2,0.0,0.0,0.0,0.0,0.0
14.0,3.0,0.4026685655117035,1.0,0.6190592646598816,boy,mixedsch,0.32643964886665344,high,vb1,0.0,0.0,0.0,0.0,0.0
14.0,4.0,-0.26515936851501465,1.0,0.20580196380615234,boy,mixedsch,0.32643964886665344,high,vb2,0.0,0.0,0.0,0.0,0.0
14.0,5.0,1.175849437713623,1.0,0.7017107009887695,girl,mixedsch,0.32643964886665344,high,vb2,0.0,0.0,0.7017107009887695,0.0,0.0
14.0,6.0,0.2613244652748108,1.0,0.20580196380615234,girl,mixedsch,0.32643964886665344,high,vb2,0.0,0.0,0.20580196380615234,0.0,0.0
14.0,7.0,-0.776108980178833,1.0,0.20580196380615234,boy,mixedsch,0.32643964886665344,high,vb2,0.0,0.0,0.0,0.0,0.0
14.0,8.0,0.4026685655117035,1.0,0.040499038994312286,boy,mixedsch,0.32643964886665344,high,vb2,0.0,0.0,0.0,0.0,0.0
14.0,9.0,-0.4927808344364166,1.0,0.7017107009887695,boy,mixedsch,0.32643964886665344,high,vb1,0.0,0.0,0.0,0.0,0.0
14.0,10.0,-0.06208816543221474,1.0,-0.29010680317878723,girl,mixedsch,0.32643964886665344,high,vb2,0.0,0.0,-0.29010680317878723,0.0,0.0
14.0,11.0,0.9675859808921814,1.0,0.8670135736465454,girl,mixedsch,0.32643964886665344,high,vb2,0.0,0.0,0.8670135736465454,0.0,0.0
14.0,12.0,-0.776108980178833,1.0,-2.1084389686584473,girl,mixedsch,0.32643964886665344,high,vb3,0.0,0.0,-2.1084389686584473,0.0,0.0
14.0,13.0,0.2613244652748108,1.0,0.5364077687263489,boy,mixedsch,0.32643964886665344,high,vb1,0.0,0.0,0.0,0.0,0.0
14.0,14.0,-0.776108980178833,1.0,0.7843621969223022,boy,mixedsch,0.32643964886665344,high,vb1,0.0,0.0,0.0,0.0,0.0
14.0,15.0,0.1941491812467575,1.0,-0.6207126379013062,girl,mixedsch,0.32643964886665344,high,vb2,0.0,0.0,-0.6207126379013062,0.0,0.0
14.0,16.0,0.4026685655117035,1.0,2.189436912536621,boy,mixedsch,0.32643964886665344,high,vb1,0.0,0.0,0.0,0.0,0.0
14.0,17.0,-1.5266530513763428,1.0,-0.2074553370475769,girl,mixedsch,0.32643964886665344,high,vb3,0.0,0.0,-0.2074553370475769,0.0,0.0
14.0,18.0,1.4395315647125244,1.0,1.4455738067626953,girl,mixedsch,0.32643964886665344,high,vb2,0.0,0.0,1.4455738067626953,0.0,0.0
14.0,19.0,-0.4927808344364166,1.0,-0.5380612015724182,girl,mixedsch,0.32643964886665344,high,vb2,0.0,0.0,-0.5380612015724182,0.0,0.0
14.0,20.0,-0.06208816543221474,1.0,0.45375630259513855,girl,mixedsch,0.32643964886665344,high,vb2,0.0,0.0,0.45375630259513855,0.0,0.0
14.0,21.0,-0.06208816543221474,1.0,-0.7033640742301941,girl,mixedsch,0.32643964886665344,high,vb2,0.0,0.0,-0.7033640742301941,0.0,0.0
14.0,22.0,-0.4198014438152313,1.0,0.9496650099754333,girl,mixedsch,0.32643964886665344,high,vb1,0.0,0.0,0.9496650099754333,0.0,0.0
14.0,23.0,-0.12908467650413513,1.0,-0.2074553370475769,boy,mixedsch,0.32643964886665344,high,vb2,0.0,0.0,0.0,0.0,0.0
14.0,24.0,1.175849437713623,1.0,1.4455738067626953,girl,mixedsch,0.32643964886665344,high,vb1,0.0,0.0,1.4455738067626953,0.0,0.0
14.0,25.0,-0.5551124811172485,1.0,0.5364077687263489,boy,mixedsch,0.32643964886665344,high,vb2,0.0,0.0,0.0,0.0,0.0
14.0,26.0,2.2031209468841553,1.0,-0.042152419686317444,girl,mixedsch,0.32643964886665344,high,vb1,0.0,0.0,-0.042152419686317444,0.0,0.0
14.0,27.0,-0.12908467650413513,1.0,1.3629224300384521,girl,mixedsch,0.32643964886665344,high,vb2,0.0,0.0,1.3629224300384521,0.0,0.0
14.0,28.0,0.1941491812467575,1.0,1.6108767986297607,girl,mixedsch,0.32643964886665344,high,vb1,0.0,0.0,1.6108767986297607,0.0,0.0
14.0,29.0,1.3101423978805542,1.0,0.7017107009887695,girl,mixedsch,0.32643964886665344,high,vb1,0.0,0.0,0.7017107009887695,0.0,0.0
14.0,30.0,-1.438662052154541,1.0,-0.9513183832168579,boy,mixedsch,0.32643964886665344,high,vb2,0.0,0.0,0.0,0.0,0.0
14.0,31.0,-2.2917308807373047,1.0,-1.6125301122665405,girl,mixedsch,0.32643964886665344,high,vb2,0.0,0.0,-1.6125301122665405,0.0,0.0
14.0,32.0,-0.6995050311088562,1.0,-0.37275826930999756,girl,mixedsch,0.32643964886665344,high,vb2,0.0,0.0,-0.37275826930999756,0.0,0.0
14.0,33.0,-0.12908467650413513,1.0,-0.12480387836694717,boy,mixedsch,0.32643964886665344,high,vb2,0.0,0.0,0.0,0.0,0.0
14.0,34.0,-2.2917308807373047,1.0,-1.1166213750839233,girl,mixedsch,0.32643964886665344,high,vb2,0.0,0.0,-1.1166213750839233,0.0,0.0
14.0,35.0,-0.4198014438152313,1.0,1.1976194381713867,girl,mixedsch,0.32643964886665344,high,vb2,0.0,0.0,1.1976194381713867,0.0,0.0
14.0,36.0,0.4026685655117035,1.0,0.040499038994312286,boy,mixedsch,0.32643964886665344,high,vb2,0.0,0.0,0.0,0.0,0.0
14.0,37.0,-0.12908467650413513,1.0,0.7017107009887695,boy,mixedsch,0.32643964886665344,high,vb2,0.0,0.0,0.0,0.0,0.0
14.0,38.0,-2.1086435317993164,1.0,-0.9513183832168579,boy,mixedsch,0.32643964886665344,high,vb2,0.0,0.0,0.0,0.0,0.0
14.0,39.0,0.328072190284729,1.0,0.3711048662662506,girl,mixedsch,0.32643964886665344,high,vb1,0.0,0.0,0.3711048662662506,0.0,0.0
14.0,40.0,0.678758978843689,1.0,0.8670135736465454,girl,mixedsch,0.32643964886665344,high,vb2,0.0,0.0,0.8670135736465454,0.0,0.0
14.0,41.0,-1.6237297058105469,1.0,-1.199272871017456,girl,mixedsch,0.32643964886665344,high,vb3,0.0,0.0,-1.199272871017456,0.0,0.0
14.0,42.0,-1.5266530513763428,1.0,0.3711048662662506,girl,mixedsch,0.32643964886665344,high,vb2,0.0,0.0,0.3711048662662506,0.0,0.0
14.0,43.0,0.821988046169281,1.0,1.3629224300384521,boy,mixedsch,0.32643964886665344,high,vb2,0.0,0.0,0.0,0.0,0.0
14.0,44.0,-0.33884158730506897,1.0,-0.2074553370475769,girl,mixedsch,0.32643964886665344,high,vb2,0.0,0.0,-0.2074553370475769,0.0,0.0
14.0,45.0,-1.1186243295669556,1.0,-0.5380612015724182,girl,mixedsch,0.32643964886665344,high,vb2,0.0,0.0,-0.5380612015724182,0.0,0.0
14.0,46.0,-0.33884158730506897,1.0,-0.9513183832168579,boy,mixedsch,0.32643964886665344,high,vb2,0.0,0.0,0.0,0.0,0.0
14.0,47.0,0.7472277283668518,1.0,0.7843621969223022,girl,mixedsch,0.32643964886665344,high,vb2,0.0,0.0,0.7843621969223022,0.0,0.0
14.0,48.0,1.3101423978805542,1.0,0.5364077687263489,boy,mixedsch,0.32643964886665344,high,vb1,0.0,0.0,0.0,0.0,0.0
14.0,49.0,-0.5551124811172485,1.0,-0.7033640742301941,girl,mixedsch,0.32643964886665344,high,vb2,0.0,0.0,-0.7033640742301941,0.0,0.0
14.0,50.0,1.175849437713623,1.0,1.528225302696228,girl,mixedsch,0.32643964886665344,high,vb1,0.0,0.0,1.528225302696228,0.0,0.0
14.0,51.0,0.4781937301158905,1.0,0.8670135736465454,girl,mixedsch,0.32643964886665344,high,vb1,0.0,0.0,0.8670135736465454,0.0,0.0
14.0,52.0,-0.6995050311088562,1.0,-0.042152419686317444,girl,mixedsch,0.32643964886665344,high,vb3,0.0,0.0,-0.042152419686317444,0.0,0.0
14.0,53.0,0.2613244652748108,1.0,1.4455738067626953,girl,mixedsch,0.32643964886665344,high,vb1,0.0,0.0,1.4455738067626953,0.0,0.0
14.0,54.0,-0.6230506896972656,1.0,-1.1166213750839233,girl,mixedsch,0.32643964886665344,high,vb3,0.0,0.0,-1.1166213750839233,0.0,0.0
14.0,55.0,0.4026685655117035,1.0,0.5364077687263489,boy,mixedsch,0.32643964886665344,high,vb1,0.0,0.0,0.0,0.0,0.0
14.0,56.0,0.004321751184761524,1.0,-0.12480387836694717,boy,mixedsch,0.32643964886665344,high,vb2,0.0,0.0,0.0,0.0,0.0
14.0,57.0,-0.6995050311088562,1.0,0.3711048662662506,boy,mixedsch,0.32643964886665344,high,vb2,0.0,0.0,0.0,0.0,0.0
14.0,58.0,0.9675859808921814,1.0,1.0323165655136108,girl,mixedsch,0.32643964886665344,high,vb2,0.0,0.0,1.0323165655136108,0.0,0.0
14.0,59.0,-0.9393776655197144,1.0,-0.7033640742301941,boy,mixedsch,0.32643964886665344,high,vb2,0.0,0.0,0.0,0.0,0.0
14.0,60.0,-0.12908467650413513,1.0,-0.2074553370475769,girl,mixedsch,0.32643964886665344,high,vb2,0.0,0.0,-0.2074553370475769,0.0,0.0
14.0,61.0,-1.3353148698806763,1.0,-0.29010680317878723,girl,mixedsch,0.32643964886665344,high,vb3,0.0,0.0,-0.29010680317878723,0.0,0.0
14.0,62.0,0.004321751184761524,1.0,2.106785535812378,girl,mixedsch,0.32643964886665344,high,vb2,0.0,0.0,2.106785535812378,0.0,0.0
14.0,63.0,-1.2194855213165283,1.0,-0.042152419686317444,boy,mixedsch,0.32643964886665344,high,vb2,0.0,0.0,0.0,0.0,0.0
14.0,64.0,-0.6995050311088562,1.0,0.45375630259513855,girl,mixedsch,0.32643964886665344,high,vb2,0.0,0.0,0.45375630259513855,0.0,0.0
14.0,65.0,-1.1186243295669556,1.0,0.5364077687263489,girl,mixedsch,0.32643964886665344,high,vb2,0.0,0.0,0.5364077687263489,0.0,0.0
14.0,66.0,1.1094379425048828,1.0,0.28845342993736267,girl,mixedsch,0.32643964886665344,high,vb2,0.0,0.0,0.28845342993736267,0.0,0.0
14.0,67.0,1.5792195796966553,1.0,1.8588311672210693,girl,mixedsch,0.32643964886665344,high,vb1,0.0,0.0,1.8588311672210693,0.0,0.0
14.0,68.0,-1.1186243295669556,1.0,0.9496650099754333,boy,mixedsch,0.32643964886665344,high,vb2,0.0,0.0,0.0,0.0,0.0
14.0,69.0,-0.4927808344364166,1.0,-0.7033640742301941,girl,mixedsch,0.32643964886665344,high,vb2,0.0,0.0,-0.7033640742301941,0.0,0.0
14.0,70.0,1.7348991632461548,1.0,1.4455738067626953,girl,mixedsch,0.32643964886665344,high,vb1,0.0,0.0,1.4455738067626953,0.0,0.0
14.0,71.0,-1.2194855213165283,1.0,0.7843621969223022,boy,mixedsch,0.32643964886665344,high,vb2,0.0,0.0,0.0,0.0,0.0
14.0,72.0,-0.5551124811172485,1.0,-1.1166213750839233,boy,mixedsch,0.32643964886665344,high,vb2,0.0,0.0,0.0,0.0,0.0
14.0,73.0,-0.26515936851501465,1.0,-0.042152419686317444,boy,mixedsch,0.32643964886665344,high,vb1,0.0,0.0,0.0,0.0,0.0
14.0,74.0,0.1941491812467575,1.0,0.45375630259513855,girl,mixedsch,0.32643964886665344,high,vb1,0.0,0.0,0.45375630259513855,0.0,0.0
14.0,75.0,1.4395315647125244,1.0,1.1976194381713867,girl,mixedsch,0.32643964886665344,high,vb2,0.0,0.0,1.1976194381713867,0.0,0.0
14.0,76.0,1.3101423978805542,1.0,-0.12480387836694717,boy,mixedsch,0.32643964886665344,high,vb1,0.0,0.0,0.0,0.0,0.0
14.0,77.0,0.1941491812467575,1.0,0.7017107009887695,boy,mixedsch,0.32643964886665344,high,vb2,0.0,0.0,0.0,0.0,0.0
14.0,78.0,-1.029066801071167,1.0,-1.364575743675232,boy,mixedsch,0.32643964886665344,high,vb2,0.0,0.0,0.0,0.0,0.0
14.0,79.0,0.4781937301158905,1.0,-0.37275826930999756,girl,mixedsch,0.32643964886665344,high,vb2,0.0,0.0,-0.37275826930999756,0.0,0.0
14.0,80.0,1.2405332326889038,1.0,1.3629224300384521,girl,mixedsch,0.32643964886665344,high,vb1,0.0,0.0,1.3629224300384521,0.0,0.0
14.0,81.0,-0.26515936851501465,1.0,0.6190592646598816,boy,mixedsch,0.32643964886665344,high,vb2,0.0,0.0,0.0,0.0,0.0
14.0,82.0,1.661805510520935,1.0,2.0241341590881348,boy,mixedsch,0.32643964886665344,high,vb1,0.0,0.0,0.0,0.0,0.0
14.0,83.0,-0.12908467650413513,1.0,0.7843621969223022,boy,mixedsch,0.32643964886665344,high,vb2,0.0,0.0,0.0,0.0,0.0
14.0,84.0,0.1941491812467575,1.0,-0.5380612015724182,girl,mixedsch,0.32643964886665344,high,vb2,0.0,0.0,-0.5380612015724182,0.0,0.0
14.0,85.0,0.07353636622428894,1.0,1.0323165655136108,boy,mixedsch,0.32643964886665344,high,vb1,0.0,0.0,0.0,0.0,0.0
14.0,86.0,0.7472277283668518,1.0,0.7843621969223022,girl,mixedsch,0.32643964886665344,high,vb1,0.0,0.0,0.7843621969223022,0.0,0.0
14.0,87.0,-0.33884158730506897,1.0,-0.5380612015724182,boy,mixedsch,0.32643964886665344,high,vb2,0.0,0.0,0.0,0.0,0.0
14.0,88.0,-1.3353148698806763,1.0,0.28845342993736267,boy,mixedsch,0.32643964886665344,high,vb2,0.0,0.0,0.0,0.0,0.0
14.0,89.0,-0.19761060178279877,1.0,1.0323165655136108,girl,mixedsch,0.32643964886665344,high,vb2,0.0,0.0,1.0323165655136108,0.0,0.0
14.0,90.0,0.7472277283668518,1.0,2.8506486415863037,girl,mixedsch,0.32643964886665344,high,vb1,0.0,0.0,2.8506486415863037,0.0,0.0
14.0,91.0,-0.6995050311088562,1.0,-1.1166213750839233,girl,mixedsch,0.32643964886665344,high,vb2,0.0,0.0,-1.1166213750839233,0.0,0.0
14.0,92.0,-0.5551124811172485,1.0,0.20580196380615234,girl,mixedsch,0.32643964886665344,high,vb2,0.0,0.0,0.20580196380615234,0.0,0.0
14.0,93.0,0.6107285618782043,1.0,1.8588311672210693,girl,mixedsch,0.32643964886665344,high,vb1,0.0,0.0,1.8588311672210693,0.0,0.0
14.0,94.0,0.9675859808921814,1.0,1.528225302696228,girl,mixedsch,0.32643964886665344,high,vb2,0.0,0.0,1.528225302696228,0.0,0.0
14.0,95.0,0.7472277283668518,1.0,1.528225302696228,girl,mixedsch,0.32643964886665344,high,vb2,0.0,0.0,1.528225302696228,0.0,0.0
14.0,96.0,0.5443409085273743,1.0,1.6108767986297607,girl,mixedsch,0.32643964886665344,high,vb1,0.0,0.0,1.6108767986297607,0.0,0.0
14.0,97.0,0.821988046169281,1.0,0.28845342993736267,girl,mixedsch,0.32643964886665344,high,vb1,0.0,0.0,0.28845342993736267,0.0,0.0
14.0,98.0,-0.776108980178833,1.0,-0.042152419686317444,boy,mixedsch,0.32643964886665344,high,vb2,0.0,0.0,0.0,0.0,0.0
14.0,99.0,0.4026685655117035,1.0,0.7017107009887695,boy,mixedsch,0.32643964886665344,high,vb2,0.0,0.0,0.0,0.0,0.0
14.0,100.0,-0.9393776655197144,1.0,-1.9431359767913818,girl,mixedsch,0.32643964886665344,high,vb3,0.0,0.0,-1.9431359767913818,0.0,0.0
14.0,101.0,-0.33884158730506897,1.0,0.3711048662662506,boy,mixedsch,0.32643964886665344,high,vb2,0.0,0.0,0.0,0.0,0.0
14.0,102.0,-1.7238824367523193,1.0,-0.4554097056388855,boy,mixedsch,0.32643964886665344,high,vb2,0.0,0.0,0.0,0.0,0.0
14.0,103.0,0.13406679034233093,1.0,0.20580196380615234,boy,mixedsch,0.32643964886665344,high,vb2,0.0,0.0,0.0,0.0,0.0
14.0,104.0,-0.4927808344364166,1.0,0.45375630259513855,boy,mixedsch,0.32643964886665344,high,vb2,0.0,0.0,0.0,0.0,0.0
14.0,105.0,0.6107285618782043,1.0,-1.8604844808578491,boy,mixedsch,0.32643964886665344,high,vb2,0.0,0.0,0.0,0.0,0.0
14.0,106.0,-1.2194855213165283,1.0,-1.1166213750839233,boy,mixedsch,0.32643964886665344,high,vb2,0.0,0.0,0.0,0.0,0.0
14.0,107.0,0.5443409085273743,1.0,0.3711048662662506,boy,mixedsch,0.32643964886665344,high,vb1,0.0,0.0,0.0,0.0,0.0
14.0,108.0,-0.12908467650413513,1.0,0.3711048662662506,boy,mixedsch,0.32643964886665344,high,vb2,0.0,0.0,0.0,0.0,0.0
14.0,109.0,-1.9620754718780518,1.0,-1.5298787355422974,boy,mixedsch,0.32643964886665344,high,vb3,0.0,0.0,0.0,0.0,0.0
14.0,110.0,-1.438662052154541,1.0,0.5364077687263489,boy,mixedsch,0.32643964886665344,high,vb2,0.0,0.0,0.0,0.0,0.0
14.0,111.0,1.1094379425048828,1.0,1.9414825439453125,girl,mixedsch,0.32643964886665344,high,vb1,0.0,0.0,1.9414825439453125,0.0,0.0
14.0,112.0,0.821988046169281,1.0,1.3629224300384521,girl,mixedsch,0.32643964886665344,high,vb1,0.0,0.0,1.3629224300384521,0.0,0.0
14.0,113.0,0.6107285618782043,1.0,0.9496650099754333,boy,mixedsch,0.32643964886665344,high,vb2,0.0,0.0,0.0,0.0,0.0
14.0,114.0,-1.1186243295669556,1.0,-0.5380612015724182,girl,mixedsch,0.32643964886665344,high,vb2,0.0,0.0,-0.5380612015724182,0.0,0.0
14.0,115.0,1.3747409582138062,1.0,0.12315050512552261,girl,mixedsch,0.32643964886665344,high,vb2,0.0,0.0,0.12315050512552261,0.0,0.0
14.0,116.0,-0.19761060178279877,1.0,0.3711048662662506,girl,mixedsch,0.32643964886665344,high,vb1,0.0,0.0,0.3711048662662506,0.0,0.0
14.0,117.0,-0.26515936851501465,1.0,0.8670135736465454,boy,mixedsch,0.32643964886665344,high,vb1,0.0,0.0,0.0,0.0,0.0
14.0,118.0,-1.029066801071167,1.0,0.6190592646598816,boy,mixedsch,0.32643964886665344,high,vb2,0.0,0.0,0.0,0.0,0.0
14.0,119.0,1.3747409582138062,1.0,2.3547399044036865,boy,mixedsch,0.32643964886665344,high,vb1,0.0,0.0,0.0,0.0,0.0
14.0,120.0,-0.4198014438152313,1.0,-0.6207126379013062,girl,mixedsch,0.32643964886665344,high,vb2,0.0,0.0,-0.6207126379013062,0.0,0.0
14.0,121.0,1.175849437713623,1.0,0.28845342993736267,boy,mixedsch,0.32643964886665344,high,vb2,0.0,0.0,0.0,0.0,0.0
14.0,122.0,1.2405332326889038,1.0,1.7761796712875366,girl,mixedsch,0.32643964886665344,high,vb2,0.0,0.0,1.7761796712875366,0.0,0.0
14.0,123.0,0.7472277283668518,1.0,-0.2074553370475769,girl,mixedsch,0.32643964886665344,high,vb2,0.0,0.0,-0.2074553370475769,0.0,0.0
14.0,124.0,0.9675859808921814,1.0,0.3711048662662506,girl,mixedsch,0.32643964886665344,high,vb1,0.0,0.0,0.3711048662662506,0.0,0.0
14.0,125.0,-0.8526700735092163,1.0,-1.1166213750839233,boy,mixedsch,0.32643964886665344,high,vb2,0.0,0.0,0.0,0.0,0.0
14.0,126.0,-0.19761060178279877,1.0,0.9496650099754333,girl,mixedsch,0.32643964886665344,high,vb2,0.0,0.0,0.9496650099754333,0.0,0.0
14.0,127.0,0.4026685655117035,1.0,1.1976194381713867,boy,mixedsch,0.32643964886665344,high,vb2,0.0,0.0,0.0,0.0,0.0
14.0,128.0,0.5443409085273743,1.0,1.8588311672210693,boy,mixedsch,0.32643964886665344,high,vb1,0.0,0.0,0.0,0.0,0.0
14.0,129.0,1.1094379425048828,1.0,0.5364077687263489,girl,mixedsch,0.32643964886665344,high,vb1,0.0,0.0,0.5364077687263489,0.0,0.0
14.0,130.0,0.2613244652748108,1.0,0.6190592646598816,girl,mixedsch,0.32643964886665344,high,vb1,0.0,0.0,0.6190592646598816,0.0,0.0
14.0,131.0,0.004321751184761524,1.0,1.8588311672210693,boy,mixedsch,0.32643964886665344,high,vb1,0.0,0.0,0.0,0.0,0.0
14.0,132.0,0.1941491812467575,1.0,-0.042152419686317444,boy,mixedsch,0.32643964886665344,high,vb2,0.0,0.0,0.0,0.0,0.0
14.0,133.0,0.13406679034233093,1.0,-0.29010680317878723,boy,mixedsch,0.32643964886665344,high,vb2,0.0,0.0,0.0,0.0,0.0
14.0,134.0,-1.6237297058105469,1.0,-0.8686670064926147,girl,mixedsch,0.32643964886665344,high,vb2,0.0,0.0,-0.8686670064926147,0.0,0.0
14.0,135.0,0.07353636622428894,1.0,0.12315050512552261,boy,mixedsch,0.32643964886665344,high,vb2,0.0,0.0,0.0,0.0,0.0
14.0,136.0,1.8138266801834106,1.0,1.8588311672210693,boy,mixedsch,0.32643964886665344,high,vb1,0.0,0.0,0.0,0.0,0.0
14.0,137.0,0.13406679034233093,1.0,-0.7860155701637268,boy,mixedsch,0.32643964886665344,high,vb3,0.0,0.0,0.0,0.0,0.0
14.0,138.0,-1.5266530513763428,1.0,0.28845342993736267,girl,mixedsch,0.32643964886665344,high,vb2,0.0,0.0,0.28845342993736267,0.0,0.0
14.0,139.0,-1.438662052154541,1.0,0.040499038994312286,boy,mixedsch,0.32643964886665344,high,vb2,0.0,0.0,0.0,0.0,0.0
14.0,140.0,1.175849437713623,1.0,1.693528175354004,girl,mixedsch,0.32643964886665344,high,vb1,0.0,0.0,1.693528175354004,0.0,0.0
14.0,141.0,0.821988046169281,1.0,0.20580196380615234,boy,mixedsch,0.32643964886665344,high,vb2,0.0,0.0,0.0,0.0,0.0
14.0,142.0,-0.06208816543221474,1.0,0.6190592646598816,girl,mixedsch,0.32643964886665344,high,vb1,0.0,0.0,0.6190592646598816,0.0,0.0
14.0,143.0,-0.33884158730506897,1.0,-0.6207126379013062,girl,mixedsch,0.32643964886665344,high,vb2,0.0,0.0,-0.6207126379013062,0.0,0.0
14.0,144.0,1.8138266801834106,1.0,1.4455738067626953,boy,mixedsch,0.32643964886665344,high,vb1,0.0,0.0,0.0,0.0,0.0
14.0,145.0,0.07353636622428894,1.0,-1.1166213750839233,boy,mixedsch,0.32643964886665344,high,vb2,0.0,0.0,0.0,0.0,0.0
14.0,146.0,-1.5266530513763428,1.0,-0.7033640742301941,boy,mixedsch,0.32643964886665344,high,vb2,0.0,0.0,0.0,0.0,0.0
14.0,147.0,-0.06208816543221474,1.0,-0.12480387836694717,boy,mixedsch,0.32643964886665344,high,vb2,0.0,0.0,0.0,0.0,0.0
14.0,148.0,0.6107285618782043,1.0,0.9496650099754333,girl,mixedsch,0.32643964886665344,high,vb1,0.0,0.0,0.9496650099754333,0.0,0.0
14.0,149.0,-2.2917308807373047,1.0,-0.8686670064926147,boy,mixedsch,0.32643964886665344,high,vb2,0.0,0.0,0.0,0.0,0.0
14.0,150.0,-0.19761060178279877,1.0,0.28845342993736267,girl,mixedsch,0.32643964886665344,high,vb2,0.0,0.0,0.28845342993736267,0.0,0.0
14.0,151.0,-0.19761060178279877,1.0,-0.7860155701637268,boy,mixedsch,0.32643964886665344,high,vb3,0.0,0.0,0.0,0.0,0.0
14.0,152.0,0.6107285618782043,1.0,0.28845342993736267,girl,mixedsch,0.32643964886665344,high,vb2,0.0,0.0,0.28845342993736267,0.0,0.0
14.0,153.0,-0.12908467650413513,1.0,0.12315050512552261,girl,mixedsch,0.32643964886665344,high,vb2,0.0,0.0,0.12315050512552261,0.0,0.0
14.0,154.0,1.9003351926803589,1.0,1.7761796712875366,boy,mixedsch,0.32643964886665344,high,vb1,0.0,0.0,0.0,0.0,0.0
14.0,155.0,0.328072190284729,1.0,0.6190592646598816,girl,mixedsch,0.32643964886665344,high,vb2,0.0,0.0,0.6190592646598816,0.0,0.0
14.0,156.0,0.9675859808921814,1.0,1.2802709341049194,boy,mixedsch,0.32643964886665344,high,vb2,0.0,0.0,0.0,0.0,0.0
14.0,157.0,0.5443409085273743,1.0,1.0323165655136108,girl,mixedsch,0.32643964886665344,high,vb2,0.0,0.0,1.0323165655136108,0.0,0.0
14.0,158.0,1.175849437713623,1.0,0.8670135736465454,girl,mixedsch,0.32643964886665344,high,vb1,0.0,0.0,0.8670135736465454,0.0,0.0
14.0,159.0,-0.06208816543221474,1.0,0.5364077687263489,boy,mixedsch,0.32643964886665344,high,vb2,0.0,0.0,0.0,0.0,0.0
14.0,160.0,1.175849437713623,1.0,0.45375630259513855,boy,mixedsch,0.32643964886665344,high,vb1,0.0,0.0,0.0,0.0,0.0
14.0,161.0,0.07353636622428894,1.0,1.4455738067626953,girl,mixedsch,0.32643964886665344,high,vb2,0.0,0.0,1.4455738067626953,0.0,0.0
14.0,162.0,0.13406679034233093,1.0,0.45375630259513855,boy,mixedsch,0.32643964886665344,high,vb1,0.0,0.0,0.0,0.0,0.0
14.0,163.0,-0.06208816543221474,1.0,0.7843621969223022,girl,mixedsch,0.32643964886665344,high,vb2,0.0,0.0,0.7843621969223022,0.0,0.0
14.0,164.0,0.4026685655117035,1.0,0.7843621969223022,girl,mixedsch,0.32643964886665344,high,vb1,0.0,0.0,0.7843621969223022,0.0,0.0
14.0,165.0,-1.1186243295669556,1.0,-1.0339698791503906,boy,mixedsch,0.32643964886665344,high,vb2,0.0,0.0,0.0,0.0,0.0
14.0,166.0,0.6107285618782043,1.0,0.5364077687263489,girl,mixedsch,0.32643964886665344,high,vb1,0.0,0.0,0.5364077687263489,0.0,0.0
14.0,167.0,-1.9620754718780518,1.0,-0.12480387836694717,girl,mixedsch,0.32643964886665344,high,vb2,0.0,0.0,-0.12480387836694717,0.0,0.0
14.0,168.0,1.1094379425048828,1.0,1.4455738067626953,boy,mixedsch,0.32643964886665344,high,vb1,0.0,0.0,0.0,0.0,0.0
14.0,169.0,-1.2194855213165283,1.0,0.28845342993736267,boy,mixedsch,0.32643964886665344,high,vb1,0.0,0.0,0.0,0.0,0.0
14.0,170.0,0.4781937301158905,1.0,0.28845342993736267,girl,mixedsch,0.32643964886665344,high,vb2,0.0,0.0,0.28845342993736267,0.0,0.0
14.0,171.0,-0.6995050311088562,1.0,-0.7033640742301941,boy,mixedsch,0.32643964886665344,high,vb2,0.0,0.0,0.0,0.0,0.0
14.0,172.0,-0.6995050311088562,1.0,-0.042152419686317444,boy,mixedsch,0.32643964886665344,high,vb2,0.0,0.0,0.0,0.0,0.0
14.0,173.0,-1.029066801071167,1.0,0.6190592646598816,girl,mixedsch,0.32643964886665344,high,vb1,0.0,0.0,0.6190592646598816,0.0,0.0
14.0,174.0,-0.6995050311088562,1.0,0.28845342993736267,boy,mixedsch,0.32643964886665344,high,vb2,0.0,0.0,0.0,0.0,0.0
14.0,175.0,0.7472277283668518,1.0,0.9496650099754333,boy,mixedsch,0.32643964886665344,high,vb1,0.0,0.0,0.0,0.0,0.0
14.0,176.0,1.175849437713623,1.0,0.3711048662662506,girl,mixedsch,0.32643964886665344,high,vb1,0.0,0.0,0.3711048662662506,0.0,0.0
14.0,177.0,-0.12908467650413513,1.0,0.12315050512552261,girl,mixedsch,0.32643964886665344,high,vb1,0.0,0.0,0.12315050512552261,0.0,0.0
14.0,178.0,1.5792195796966553,1.0,1.7761796712875366,girl,mixedsch,0.32643964886665344,high,vb1,0.0,0.0,1.7761796712875366,0.0,0.0
14.0,179.0,0.821988046169281,1.0,1.0323165655136108,girl,mixedsch,0.32643964886665344,high,vb1,0.0,0.0,1.0323165655136108,0.0,0.0
14.0,180.0,-0.26515936851501465,1.0,-0.5380612015724182,boy,mixedsch,0.32643964886665344,high,vb2,0.0,0.0,0.0,0.0,0.0
14.0,181.0,-0.12908467650413513,1.0,0.12315050512552261,girl,mixedsch,0.32643964886665344,high,vb2,0.0,0.0,0.12315050512552261,0.0,0.0
14.0,182.0,1.1094379425048828,1.0,0.3711048662662506,girl,mixedsch,0.32643964886665344,high,vb2,0.0,0.0,0.3711048662662506,0.0,0.0
14.0,183.0,0.4781937301158905,1.0,0.12315050512552261,boy,mixedsch,0.32643964886665344,high,vb2,0.0,0.0,0.0,0.0,0.0
14.0,184.0,0.2613244652748108,1.0,-0.8686670064926147,girl,mixedsch,0.32643964886665344,high,vb2,0.0,0.0,-0.8686670064926147,0.0,0.0
14.0,185.0,0.6107285618782043,1.0,-0.2074553370475769,girl,mixedsch,0.32643964886665344,high,vb2,0.0,0.0,-0.2074553370475769,0.0,0.0
14.0,186.0,-0.26515936851501465,1.0,0.20580196380615234,girl,mixedsch,0.32643964886665344,high,vb2,0.0,0.0,0.20580196380615234,0.0,0.0
14.0,187.0,0.8965656757354736,1.0,0.45375630259513855,boy,mixedsch,0.32643964886665344,high,vb2,0.0,0.0,0.0,0.0,0.0
14.0,188.0,-0.33884158730506897,1.0,0.20580196380615234,girl,mixedsch,0.32643964886665344,high,vb2,0.0,0.0,0.20580196380615234,0.0,0.0
14.0,189.0,0.9675859808921814,1.0,-1.0339698791503906,girl,mixedsch,0.32643964886665344,high,vb2,0.0,0.0,-1.0339698791503906,0.0,0.0
14.0,190.0,-0.5551124811172485,1.0,0.040499038994312286,boy,mixedsch,0.32643964886665344,high,vb2,0.0,0.0,0.0,0.0,0.0
14.0,191.0,-0.6230506896972656,1.0,-1.1166213750839233,girl,mixedsch,0.32643964886665344,high,vb3,0.0,0.0,-1.1166213750839233,0.0,0.0
14.0,192.0,0.004321751184761524,1.0,1.3629224300384521,boy,mixedsch,0.32643964886665344,high,vb1,0.0,0.0,0.0,0.0,0.0
14.0,193.0,0.2613244652748108,1.0,0.5364077687263489,boy,mixedsch,0.32643964886665344,high,vb2,0.0,0.0,0.0,0.0,0.0
14.0,194.0,-1.5266530513763428,1.0,-0.4554097056388855,boy,mixedsch,0.32643964886665344,high,vb2,0.0,0.0,0.0,0.0,0.0
14.0,195.0,-0.9393776655197144,1.0,0.6190592646598816,girl,mixedsch,0.32643964886665344,high,vb1,0.0,0.0,0.6190592646598816,0.0,0.0
14.0,196.0,-1.8366867303848267,1.0,-1.2819242477416992,boy,mixedsch,0.32643964886665344,high,vb2,0.0,0.0,0.0,0.0,0.0
14.0,197.0,1.175849437713623,1.0,0.7017107009887695,girl,mixedsch,0.32643964886665344,high,vb1,0.0,0.0,0.7017107009887695,0.0,0.0
14.0,198.0,0.5443409085273743,1.0,1.0323165655136108,boy,mixedsch,0.32643964886665344,high,vb1,0.0,0.0,0.0,0.0,0.0
15.0,1.0,-0.8526700735092163,1.0,-0.6207126379013062,girl,mixedsch,0.27028822898864746,high,vb2,0.0,0.0,-0.6207126379013062,0.0,0.0
15.0,2.0,-0.19761060178279877,1.0,0.20580196380615234,girl,mixedsch,0.27028822898864746,high,vb1,0.0,0.0,0.20580196380615234,0.0,0.0
15.0,3.0,-0.6230506896972656,1.0,-0.7860155701637268,girl,mixedsch,0.27028822898864746,high,vb2,0.0,0.0,-0.7860155701637268,0.0,0.0
15.0,4.0,-0.12908467650413513,1.0,-0.042152419686317444,girl,mixedsch,0.27028822898864746,high,vb2,0.0,0.0,-0.042152419686317444,0.0,0.0
15.0,5.0,0.13406679034233093,1.0,0.8670135736465454,boy,mixedsch,0.27028822898864746,high,vb1,0.0,0.0,0.0,0.0,0.0
15.0,6.0,2.2031209468841553,1.0,0.9496650099754333,boy,mixedsch,0.27028822898864746,high,vb1,0.0,0.0,0.0,0.0,0.0
15.0,7.0,1.5792195796966553,1.0,1.6108767986297607,girl,mixedsch,0.27028822898864746,high,vb1,0.0,0.0,1.6108767986297607,0.0,0.0
15.0,8.0,0.2613244652748108,1.0,1.0323165655136108,boy,mixedsch,0.27028822898864746,high,vb1,0.0,0.0,0.0,0.0,0.0
15.0,9.0,-1.2194855213165283,1.0,1.0323165655136108,boy,mixedsch,0.27028822898864746,high,vb1,0.0,0.0,0.0,0.0,0.0
15.0,10.0,1.5792195796966553,1.0,1.693528175354004,boy,mixedsch,0.27028822898864746,high,vb1,0.0,0.0,0.0,0.0,0.0
15.0,11.0,1.8138266801834106,1.0,1.3629224300384521,girl,mixedsch,0.27028822898864746,high,vb1,0.0,0.0,1.3629224300384521,0.0,0.0
15.0,12.0,0.6107285618782043,1.0,0.040499038994312286,girl,mixedsch,0.27028822898864746,high,vb1,0.0,0.0,0.040499038994312286,0.0,0.0
15.0,13.0,0.07353636622428894,1.0,0.20580196380615234,girl,mixedsch,0.27028822898864746,high,vb1,0.0,0.0,0.20580196380615234,0.0,0.0
15.0,14.0,0.1941491812467575,1.0,-0.2074553370475769,boy,mixedsch,0.27028822898864746,high,vb2,0.0,0.0,0.0,0.0,0.0
15.0,15.0,0.4781937301158905,1.0,-0.042152419686317444,girl,mixedsch,0.27028822898864746,high,vb2,0.0,0.0,-0.042152419686317444,0.0,0.0
15.0,16.0,-0.4927808344364166,1.0,0.20580196380615234,girl,mixedsch,0.27028822898864746,high,vb2,0.0,0.0,0.20580196380615234,0.0,0.0
15.0,17.0,-0.6230506896972656,1.0,-0.7860155701637268,boy,mixedsch,0.27028822898864746,high,vb2,0.0,0.0,0.0,0.0,0.0
15.0,18.0,0.6107285618782043,1.0,1.1149680614471436,boy,mixedsch,0.27028822898864746,high,vb2,0.0,0.0,0.0,0.0,0.0
15.0,19.0,-0.4198014438152313,1.0,-1.0339698791503906,boy,mixedsch,0.27028822898864746,high,vb3,0.0,0.0,0.0,0.0,0.0
15.0,20.0,-1.9620754718780518,1.0,-0.8686670064926147,girl,mixedsch,0.27028822898864746,high,vb2,0.0,0.0,-0.8686670064926147,0.0,0.0
15.0,21.0,1.1094379425048828,1.0,1.1149680614471436,boy,mixedsch,0.27028822898864746,high,vb1,0.0,0.0,0.0,0.0,0.0
15.0,22.0,-0.8526700735092163,1.0,-0.6207126379013062,boy,mixedsch,0.27028822898864746,high,vb2,0.0,0.0,0.0,0.0,0.0
15.0,23.0,0.328072190284729,1.0,0.28845342993736267,girl,mixedsch,0.27028822898864746,high,vb2,0.0,0.0,0.28845342993736267,0.0,0.0
15.0,24.0,-1.3353148698806763,1.0,-0.2074553370475769,boy,mixedsch,0.27028822898864746,high,vb2,0.0,0.0,0.0,0.0,0.0
15.0,25.0,0.821988046169281,1.0,1.1976194381713867,girl,mixedsch,0.27028822898864746,high,vb1,0.0,0.0,1.1976194381713867,0.0,0.0
15.0,26.0,0.328072190284729,1.0,1.3629224300384521,boy,mixedsch,0.27028822898864746,high,vb1,0.0,0.0,0.0,0.0,0.0
15.0,27.0,1.1094379425048828,1.0,1.1976194381713867,girl,mixedsch,0.27028822898864746,high,vb1,0.0,0.0,1.1976194381713867,0.0,0.0
15.0,28.0,-0.4927808344364166,1.0,0.7017107009887695,girl,mixedsch,0.27028822898864746,high,vb1,0.0,0.0,0.7017107009887695,0.0,0.0
15.0,29.0,-0.33884158730506897,1.0,1.2802709341049194,girl,mixedsch,0.27028822898864746,high,vb1,0.0,0.0,1.2802709341049194,0.0,0.0
15.0,30.0,-0.19761060178279877,1.0,-0.29010680317878723,boy,mixedsch,0.27028822898864746,high,vb2,0.0,0.0,0.0,0.0,0.0
15.0,31.0,-0.8526700735092163,1.0,0.040499038994312286,boy,mixedsch,0.27028822898864746,high,vb2,0.0,0.0,0.0,0.0,0.0
15.0,32.0,-1.6237297058105469,1.0,0.12315050512552261,girl,mixedsch,0.27028822898864746,high,vb2,0.0,0.0,0.12315050512552261,0.0,0.0
15.0,33.0,0.1941491812467575,1.0,-0.042152419686317444,boy,mixedsch,0.27028822898864746,high,vb1,0.0,0.0,0.0,0.0,0.0
15.0,34.0,-1.6237297058105469,1.0,-0.9513183832168579,boy,mixedsch,0.27028822898864746,high,vb2,0.0,0.0,0.0,0.0,0.0
15.0,35.0,-0.12908467650413513,1.0,-0.29010680317878723,boy,mixedsch,0.27028822898864746,high,vb2,0.0,0.0,0.0,0.0,0.0
15.0,36.0,-0.8526700735092163,1.0,-0.37275826930999756,girl,mixedsch,0.27028822898864746,high,vb2,0.0,0.0,-0.37275826930999756,0.0,0.0
15.0,37.0,-0.19761060178279877,1.0,-0.5380612015724182,girl,mixedsch,0.27028822898864746,high,vb2,0.0,0.0,-0.5380612015724182,0.0,0.0
15.0,38.0,0.678758978843689,1.0,1.1149680614471436,girl,mixedsch,0.27028822898864746,high,vb1,0.0,0.0,1.1149680614471436,0.0,0.0
15.0,39.0,-0.9393776655197144,1.0,-0.2074553370475769,boy,mixedsch,0.27028822898864746,high,vb2,0.0,0.0,0.0,0.0,0.0
15.0,40.0,-0.9393776655197144,1.0,-0.2074553370475769,boy,mixedsch,0.27028822898864746,high,vb2,0.0,0.0,0.0,0.0,0.0
15.0,41.0,0.13406679034233093,1.0,0.5364077687263489,girl,mixedsch,0.27028822898864746,high,vb1,0.0,0.0,0.5364077687263489,0.0,0.0
15.0,42.0,-0.26515936851501465,1.0,0.5364077687263489,girl,mixedsch,0.27028822898864746,high,vb1,0.0,0.0,0.5364077687263489,0.0,0.0
15.0,43.0,-1.1186243295669556,1.0,-1.0339698791503906,boy,mixedsch,0.27028822898864746,high,vb2,0.0,0.0,0.0,0.0,0.0
15.0,44.0,-1.029066801071167,1.0,-1.364575743675232,girl,mixedsch,0.27028822898864746,high,vb3,0.0,0.0,-1.364575743675232,0.0,0.0
15.0,45.0,-0.8526700735092163,1.0,-0.9513183832168579,girl,mixedsch,0.27028822898864746,high,vb2,0.0,0.0,-0.9513183832168579,0.0,0.0
15.0,46.0,-0.06208816543221474,1.0,-0.12480387836694717,girl,mixedsch,0.27028822898864746,high,vb1,0.0,0.0,-0.12480387836694717,0.0,0.0
15.0,47.0,1.4395315647125244,1.0,0.28845342993736267,girl,mixedsch,0.27028822898864746,high,vb1,0.0,0.0,0.28845342993736267,0.0,0.0
15.0,48.0,-0.26515936851501465,1.0,0.12315050512552261,girl,mixedsch,0.27028822898864746,high,vb2,0.0,0.0,0.12315050512552261,0.0,0.0
15.0,49.0,1.9003351926803589,1.0,0.7843621969223022,girl,mixedsch,0.27028822898864746,high,vb2,0.0,0.0,0.7843621969223022,0.0,0.0
15.0,50.0,-0.06208816543221474,1.0,-0.6207126379013062,boy,mixedsch,0.27028822898864746,high,vb2,0.0,0.0,0.0,0.0,0.0
15.0,51.0,-1.2194855213165283,1.0,0.20580196380615234,boy,mixedsch,0.27028822898864746,high,vb2,0.0,0.0,0.0,0.0,0.0
15.0,52.0,-1.1186243295669556,1.0,-1.0339698791503906,girl,mixedsch,0.27028822898864746,high,vb1,0.0,0.0,-1.0339698791503906,0.0,0.0
15.0,53.0,0.004321751184761524,1.0,1.4455738067626953,girl,mixedsch,0.27028822898864746,high,vb1,0.0,0.0,1.4455738067626953,0.0,0.0
15.0,54.0,-0.6230506896972656,1.0,-0.5380612015724182,boy,mixedsch,0.27028822898864746,high,vb2,0.0,0.0,0.0,0.0,0.0
15.0,55.0,2.1029746532440186,1.0,1.6108767986297607,girl,mixedsch,0.27028822898864746,high,vb1,0.0,0.0,1.6108767986297607,0.0,0.0
15.0,56.0,0.9675859808921814,1.0,1.1976194381713867,boy,mixedsch,0.27028822898864746,high,vb1,0.0,0.0,0.0,0.0,0.0
15.0,57.0,-0.6995050311088562,1.0,-0.6207126379013062,boy,mixedsch,0.27028822898864746,high,vb2,0.0,0.0,0.0,0.0,0.0
15.0,58.0,-0.8526700735092163,1.0,-0.7033640742301941,girl,mixedsch,0.27028822898864746,high,vb2,0.0,0.0,-0.7033640742301941,0.0,0.0
15.0,59.0,0.4781937301158905,1.0,-0.4554097056388855,girl,mixedsch,0.27028822898864746,high,vb1,0.0,0.0,-0.4554097056388855,0.0,0.0
15.0,60.0,0.4026685655117035,1.0,2.106785535812378,girl,mixedsch,0.27028822898864746,high,vb3,0.0,0.0,2.106785535812378,0.0,0.0
15.0,61.0,1.1094379425048828,1.0,1.2802709341049194,boy,mixedsch,0.27028822898864746,high,vb2,0.0,0.0,0.0,0.0,0.0
15.0,62.0,1.5792195796966553,1.0,0.7017107009887695,boy,mixedsch,0.27028822898864746,high,vb1,0.0,0.0,0.0,0.0,0.0
15.0,63.0,-0.06208816543221474,1.0,0.3711048662662506,boy,mixedsch,0.27028822898864746,high,vb1,0.0,0.0,0.0,0.0,0.0
15.0,64.0,0.13406679034233093,1.0,0.28845342993736267,girl,mixedsch,0.27028822898864746,high,vb2,0.0,0.0,0.28845342993736267,0.0,0.0
15.0,65.0,-0.4198014438152313,1.0,0.3711048662662506,boy,mixedsch,0.27028822898864746,high,vb2,0.0,0.0,0.0,0.0,0.0
15.0,66.0,0.6107285618782043,1.0,0.3711048662662506,girl,mixedsch,0.27028822898864746,high,vb2,0.0,0.0,0.3711048662662506,0.0,0.0
15.0,67.0,-0.19761060178279877,1.0,-0.37275826930999756,boy,mixedsch,0.27028822898864746,high,vb2,0.0,0.0,0.0,0.0,0.0
15.0,68.0,0.6107285618782043,1.0,1.528225302696228,boy,mixedsch,0.27028822898864746,high,vb2,0.0,0.0,0.0,0.0,0.0
15.0,69.0,-2.5101213455200195,1.0,-0.6207126379013062,boy,mixedsch,0.27028822898864746,high,vb3,0.0,0.0,0.0,0.0,0.0
15.0,70.0,1.3101423978805542,1.0,0.6190592646598816,girl,mixedsch,0.27028822898864746,high,vb1,0.0,0.0,0.6190592646598816,0.0,0.0
15.0,71.0,1.175849437713623,1.0,1.1149680614471436,boy,mixedsch,0.27028822898864746,high,vb1,0.0,0.0,0.0,0.0,0.0
15.0,72.0,-1.438662052154541,1.0,0.28845342993736267,girl,mixedsch,0.27028822898864746,high,vb2,0.0,0.0,0.28845342993736267,0.0,0.0
15.0,73.0,0.1941491812467575,1.0,-0.042152419686317444,boy,mixedsch,0.27028822898864746,high,vb2,0.0,0.0,0.0,0.0,0.0
15.0,74.0,-0.6230506896972656,1.0,0.9496650099754333,girl,mixedsch,0.27028822898864746,high,vb1,0.0,0.0,0.9496650099754333,0.0,0.0
15.0,75.0,-0.19761060178279877,1.0,0.040499038994312286,girl,mixedsch,0.27028822898864746,high,vb1,0.0,0.0,0.040499038994312286,0.0,0.0
15.0,76.0,-0.5551124811172485,1.0,0.5364077687263489,boy,mixedsch,0.27028822898864746,high,vb2,0.0,0.0,0.0,0.0,0.0
15.0,77.0,-0.5551124811172485,1.0,1.6108767986297607,boy,mixedsch,0.27028822898864746,high,vb1,0.0,0.0,0.0,0.0,0.0
15.0,78.0,1.5792195796966553,1.0,0.7843621969223022,boy,mixedsch,0.27028822898864746,high,vb1,0.0,0.0,0.0,0.0,0.0
15.0,79.0,-1.029066801071167,1.0,-0.042152419686317444,girl,mixedsch,0.27028822898864746,high,vb1,0.0,0.0,-0.042152419686317444,0.0,0.0
15.0,80.0,-0.06208816543221474,1.0,0.040499038994312286,girl,mixedsch,0.27028822898864746,high,vb2,0.0,0.0,0.040499038994312286,0.0,0.0
15.0,81.0,-1.6237297058105469,1.0,-0.4554097056388855,boy,mixedsch,0.27028822898864746,high,vb2,0.0,0.0,0.0,0.0,0.0
15.0,82.0,0.678758978843689,1.0,-0.6207126379013062,girl,mixedsch,0.27028822898864746,high,vb1,0.0,0.0,-0.6207126379013062,0.0,0.0
15.0,83.0,1.1094379425048828,1.0,1.6108767986297607,boy,mixedsch,0.27028822898864746,high,vb1,0.0,0.0,0.0,0.0,0.0
15.0,84.0,-0.26515936851501465,1.0,-1.0339698791503906,boy,mixedsch,0.27028822898864746,high,vb2,0.0,0.0,0.0,0.0,0.0
15.0,85.0,0.6107285618782043,1.0,-0.042152419686317444,boy,mixedsch,0.27028822898864746,high,vb1,0.0,0.0,0.0,0.0,0.0
15.0,86.0,0.7472277283668518,1.0,1.4455738067626953,boy,mixedsch,0.27028822898864746,high,vb1,0.0,0.0,0.0,0.0,0.0
15.0,87.0,-0.4198014438152313,1.0,0.7017107009887695,boy,mixedsch,0.27028822898864746,high,vb1,0.0,0.0,0.0,0.0,0.0
15.0,88.0,-0.776108980178833,1.0,-0.12480387836694717,boy,mixedsch,0.27028822898864746,high,vb1,0.0,0.0,0.0,0.0,0.0
15.0,89.0,-0.6230506896972656,1.0,0.6190592646598816,boy,mixedsch,0.27028822898864746,high,vb2,0.0,0.0,0.0,0.0,0.0
15.0,90.0,-0.26515936851501465,1.0,0.040499038994312286,girl,mixedsch,0.27028822898864746,high,vb2,0.0,0.0,0.040499038994312286,0.0,0.0
15.0,91.0,0.004321751184761524,1.0,0.6190592646598816,boy,mixedsch,0.27028822898864746,high,vb1,0.0,0.0,0.0,0.0,0.0
17.0,1.0,-0.8526700735092163,1.0,-0.7860155701637268,girl,mixedsch,-0.1182442456483841,mid,vb2,0.0,0.0,-0.7860155701637268,0.0,0.0
17.0,2.0,0.5443409085273743,1.0,-0.29010680317878723,boy,mixedsch,-0.1182442456483841,mid,vb2,0.0,0.0,0.0,0.0,0.0
17.0,3.0,0.328072190284729,1.0,0.9496650099754333,girl,mixedsch,-0.1182442456483841,mid,vb1,0.0,0.0,0.9496650099754333,0.0,0.0
17.0,4.0,-2.5101213455200195,1.0,-1.6951816082000732,girl,mixedsch,-0.1182442456483841,mid,vb3,0.0,0.0,-1.6951816082000732,0.0,0.0
17.0,5.0,-0.33884158730506897,1.0,-0.5380612015724182,boy,mixedsch,-0.1182442456483841,mid,vb2,0.0,0.0,0.0,0.0,0.0
17.0,6.0,-0.26515936851501465,1.0,-2.1910903453826904,boy,mixedsch,-0.1182442456483841,mid,vb3,0.0,0.0,0.0,0.0,0.0
17.0,7.0,-1.6237297058105469,1.0,-2.025787353515625,boy,mixedsch,-0.1182442456483841,mid,vb3,0.0,0.0,0.0,0.0,0.0
17.0,8.0,-0.19761060178279877,1.0,-0.12480387836694717,girl,mixedsch,-0.1182442456483841,mid,vb2,0.0,0.0,-0.12480387836694717,0.0,0.0
17.0,9.0,-0.5551124811172485,1.0,0.20580196380615234,girl,mixedsch,-0.1182442456483841,mid,vb2,0.0,0.0,0.20580196380615234,0.0,0.0
17.0,10.0,-1.2194855213165283,1.0,-1.199272871017456,girl,mixedsch,-0.1182442456483841,mid,vb3,0.0,0.0,-1.199272871017456,0.0,0.0
17.0,11.0,-1.5266530513763428,1.0,-0.5380612015724182,girl,mixedsch,-0.1182442456483841,mid,vb2,0.0,0.0,-0.5380612015724182,0.0,0.0
17.0,12.0,0.821988046169281,1.0,1.3629224300384521,girl,mixedsch,-0.1182442456483841,mid,vb2,0.0,0.0,1.3629224300384521,0.0,0.0
17.0,13.0,0.07353636622428894,1.0,-0.7033640742301941,girl,mixedsch,-0.1182442456483841,mid,vb2,0.0,0.0,-0.7033640742301941,0.0,0.0
17.0,14.0,0.8965656757354736,1.0,-0.2074553370475769,girl,mixedsch,-0.1182442456483841,mid,vb1,0.0,0.0,-0.2074553370475769,0.0,0.0
17.0,15.0,-0.19761060178279877,1.0,-1.6951816082000732,girl,mixedsch,-0.1182442456483841,mid,vb2,0.0,0.0,-1.6951816082000732,0.0,0.0
17.0,16.0,-0.8526700735092163,1.0,-0.37275826930999756,girl,mixedsch,-0.1182442456483841,mid,vb2,0.0,0.0,-0.37275826930999756,0.0,0.0
17.0,17.0,0.5443409085273743,1.0,1.1976194381713867,boy,mixedsch,-0.1182442456483841,mid,vb1,0.0,0.0,0.0,0.0,0.0
17.0,18.0,1.3747409582138062,1.0,1.693528175354004,girl,mixedsch,-0.1182442456483841,mid,vb1,0.0,0.0,1.693528175354004,0.0,0.0
17.0,19.0,-1.3353148698806763,1.0,0.040499038994312286,girl,mixedsch,-0.1182442456483841,mid,vb2,0.0,0.0,0.040499038994312286,0.0,0.0
17.0,20.0,-1.1186243295669556,1.0,-0.5380612015724182,boy,mixedsch,-0.1182442456483841,mid,vb2,0.0,0.0,0.0,0.0,0.0
17.0,21.0,-2.5101213455200195,1.0,-1.777833104133606,girl,mixedsch,-0.1182442456483841,mid,vb3,0.0,0.0,-1.777833104133606,0.0,0.0
17.0,22.0,0.328072190284729,1.0,0.3711048662662506,girl,mixedsch,-0.1182442456483841,mid,vb2,0.0,0.0,0.3711048662662506,0.0,0.0
17.0,23.0,-0.4198014438152313,1.0,0.3711048662662506,girl,mixedsch,-0.1182442456483841,mid,vb1,0.0,0.0,0.3711048662662506,0.0,0.0
17.0,24.0,0.07353636622428894,1.0,-2.356393337249756,girl,mixedsch,-0.1182442456483841,mid,vb3,0.0,0.0,-2.356393337249756,0.0,0.0
17.0,25.0,-0.9393776655197144,1.0,-0.7033640742301941,girl,mixedsch,-0.1182442456483841,mid,vb2,0.0,0.0,-0.7033640742301941,0.0,0.0
17.0,26.0,-0.26515936851501465,1.0,-0.2074553370475769,girl,mixedsch,-0.1182442456483841,mid,vb2,0.0,0.0,-0.2074553370475769,0.0,0.0
17.0,27.0,0.004321751184761524,1.0,0.5364077687263489,boy,mixedsch,-0.1182442456483841,mid,vb2,0.0,0.0,0.0,0.0,0.0
17.0,28.0,-0.4198014438152313,1.0,0.9496650099754333,boy,mixedsch,-0.1182442456483841,mid,vb1,0.0,0.0,0.0,0.0,0.0
17.0,29.0,0.328072190284729,1.0,-0.5380612015724182,boy,mixedsch,-0.1182442456483841,mid,vb2,0.0,0.0,0.0,0.0,0.0
17.0,30.0,-0.19761060178279877,1.0,-1.1166213750839233,girl,mixedsch,-0.1182442456483841,mid,vb2,0.0,0.0,-1.1166213750839233,0.0,0.0
17.0,31.0,0.4026685655117035,1.0,0.6190592646598816,girl,mixedsch,-0.1182442456483841,mid,vb2,0.0,0.0,0.6190592646598816,0.0,0.0
17.0,32.0,0.328072190284729,1.0,2.2720885276794434,girl,mixedsch,-0.1182442456483841,mid,vb2,0.0,0.0,2.2720885276794434,0.0,0.0
17.0,33.0,-0.4198014438152313,1.0,-0.2074553370475769,girl,mixedsch,-0.1182442456483841,mid,vb2,0.0,0.0,-0.2074553370475769,0.0,0.0
17.0,34.0,-1.029066801071167,1.0,-0.29010680317878723,boy,mixedsch,-0.1182442456483841,mid,vb2,0.0,0.0,0.0,0.0,0.0
17.0,35.0,0.6107285618782043,1.0,-0.12480387836694717,boy,mixedsch,-0.1182442456483841,mid,vb2,0.0,0.0,0.0,0.0,0.0
17.0,36.0,-1.8366867303848267,1.0,-2.1084389686584473,boy,mixedsch,-0.1182442456483841,mid,vb2,0.0,0.0,0.0,0.0,0.0
17.0,37.0,1.175849437713623,1.0,0.6190592646598816,girl,mixedsch,-0.1182442456483841,mid,vb1,0.0,0.0,0.6190592646598816,0.0,0.0
17.0,38.0,-0.4198014438152313,1.0,-1.6951816082000732,boy,mixedsch,-0.1182442456483841,mid,vb3,0.0,0.0,0.0,0.0,0.0
17.0,39.0,0.13406679034233093,1.0,1.0323165655136108,girl,mixedsch,-0.1182442456483841,mid,vb1,0.0,0.0,1.0323165655136108,0.0,0.0
17.0,40.0,1.175849437713623,1.0,1.8588311672210693,boy,mixedsch,-0.1182442456483841,mid,vb1,0.0,0.0,0.0,0.0,0.0
17.0,41.0,-0.5551124811172485,1.0,0.7017107009887695,girl,mixedsch,-0.1182442456483841,mid,vb2,0.0,0.0,0.7017107009887695,0.0,0.0
17.0,42.0,1.3101423978805542,1.0,1.693528175354004,girl,mixedsch,-0.1182442456483841,mid,vb1,0.0,0.0,1.693528175354004,0.0,0.0
17.0,43.0,0.5443409085273743,1.0,-0.4554097056388855,girl,mixedsch,-0.1182442456483841,mid,vb2,0.0,0.0,-0.4554097056388855,0.0,0.0
17.0,44.0,-0.19761060178279877,1.0,0.7843621969223022,girl,mixedsch,-0.1182442456483841,mid,vb1,0.0,0.0,0.7843621969223022,0.0,0.0
17.0,45.0,-2.5101213455200195,1.0,-1.5298787355422974,girl,mixedsch,-0.1182442456483841,mid,vb3,0.0,0.0,-1.5298787355422974,0.0,0.0
17.0,46.0,-0.06208816543221474,1.0,-0.5380612015724182,girl,mixedsch,-0.1182442456483841,mid,vb2,0.0,0.0,-0.5380612015724182,0.0,0.0
17.0,47.0,-1.1186243295669556,1.0,-1.0339698791503906,girl,mixedsch,-0.1182442456483841,mid,vb3,0.0,0.0,-1.0339698791503906,0.0,0.0
17.0,48.0,-1.3353148698806763,1.0,0.20580196380615234,boy,mixedsch,-0.1182442456483841,mid,vb2,0.0,0.0,0.0,0.0,0.0
17.0,49.0,1.1094379425048828,1.0,0.9496650099754333,girl,mixedsch,-0.1182442456483841,mid,vb2,0.0,0.0,0.9496650099754333,0.0,0.0
17.0,50.0,0.4026685655117035,1.0,2.2720885276794434,boy,mixedsch,-0.1182442456483841,mid,vb1,0.0,0.0,0.0,0.0,0.0
17.0,51.0,-0.33884158730506897,1.0,-0.8686670064926147,girl,mixedsch,-0.1182442456483841,mid,vb2,0.0,0.0,-0.8686670064926147,0.0,0.0
17.0,52.0,-0.33884158730506897,1.0,0.28845342993736267,girl,mixedsch,-0.1182442456483841,mid,vb3,0.0,0.0,0.28845342993736267,0.0,0.0
17.0,53.0,-0.12908467650413513,1.0,-0.12480387836694717,girl,mixedsch,-0.1182442456483841,mid,vb2,0.0,0.0,-0.12480387836694717,0.0,0.0
17.0,54.0,0.2613244652748108,1.0,0.6190592646598816,girl,mixedsch,-0.1182442456483841,mid,vb2,0.0,0.0,0.6190592646598816,0.0,0.0
17.0,55.0,-0.776108980178833,1.0,0.3711048662662506,girl,mixedsch,-0.1182442456483841,mid,vb2,0.0,0.0,0.3711048662662506,0.0,0.0
17.0,56.0,-1.3353148698806763,1.0,-2.6869990825653076,boy,mixedsch,-0.1182442456483841,mid,vb2,0.0,0.0,0.0,0.0,0.0
17.0,57.0,0.7472277283668518,1.0,0.6190592646598816,girl,mixedsch,-0.1182442456483841,mid,vb2,0.0,0.0,0.6190592646598816,0.0,0.0
17.0,58.0,0.8965656757354736,1.0,0.6190592646598816,girl,mixedsch,-0.1182442456483841,mid,vb1,0.0,0.0,0.6190592646598816,0.0,0.0
17.0,59.0,-0.4198014438152313,1.0,-1.199272871017456,girl,mixedsch,-0.1182442456483841,mid,vb2,0.0,0.0,-1.199272871017456,0.0,0.0
17.0,60.0,1.2405332326889038,1.0,1.693528175354004,girl,mixedsch,-0.1182442456483841,mid,vb1,0.0,0.0,1.693528175354004,0.0,0.0
17.0,61.0,-0.776108980178833,1.0,-0.37275826930999756,girl,mixedsch,-0.1182442456483841,mid,vb1,0.0,0.0,-0.37275826930999756,0.0,0.0
17.0,62.0,0.328072190284729,1.0,-0.042152419686317444,girl,mixedsch,-0.1182442456483841,mid,vb1,0.0,0.0,-0.042152419686317444,0.0,0.0
17.0,63.0,1.506184697151184,1.0,0.45375630259513855,boy,mixedsch,-0.1182442456483841,mid,vb2,0.0,0.0,0.0,0.0,0.0
17.0,64.0,-0.19761060178279877,1.0,-0.7033640742301941,girl,mixedsch,-0.1182442456483841,mid,vb2,0.0,0.0,-0.7033640742301941,0.0,0.0
17.0,65.0,0.2613244652748108,1.0,-1.9431359767913818,girl,mixedsch,-0.1182442456483841,mid,vb3,0.0,0.0,-1.9431359767913818,0.0,0.0
17.0,66.0,0.4026685655117035,1.0,-0.8686670064926147,girl,mixedsch,-0.1182442456483841,mid,vb2,0.0,0.0,-0.8686670064926147,0.0,0.0
17.0,67.0,-0.19761060178279877,1.0,-0.4554097056388855,girl,mixedsch,-0.1182442456483841,mid,vb2,0.0,0.0,-0.4554097056388855,0.0,0.0
17.0,68.0,-1.438662052154541,1.0,-1.4472272396087646,girl,mixedsch,-0.1182442456483841,mid,vb3,0.0,0.0,-1.4472272396087646,0.0,0.0
17.0,69.0,-0.4927808344364166,1.0,-0.7860155701637268,girl,mixedsch,-0.1182442456483841,mid,vb2,0.0,0.0,-0.7860155701637268,0.0,0.0
17.0,70.0,-0.9393776655197144,1.0,0.12315050512552261,boy,mixedsch,-0.1182442456483841,mid,vb2,0.0,0.0,0.0,0.0,0.0
17.0,71.0,0.8965656757354736,1.0,1.1149680614471436,boy,mixedsch,-0.1182442456483841,mid,vb1,0.0,0.0,0.0,0.0,0.0
17.0,72.0,1.4395315647125244,1.0,0.9496650099754333,girl,mixedsch,-0.1182442456483841,mid,vb1,0.0,0.0,0.9496650099754333,0.0,0.0
17.0,73.0,0.004321751184761524,1.0,0.28845342993736267,girl,mixedsch,-0.1182442456483841,mid,vb2,0.0,0.0,0.28845342993736267,0.0,0.0
17.0,74.0,-0.33884158730506897,1.0,0.7017107009887695,girl,mixedsch,-0.1182442456483841,mid,vb2,0.0,0.0,0.7017107009887695,0.0,0.0
17.0,75.0,-1.1186243295669556,1.0,-0.12480387836694717,girl,mixedsch,-0.1182442456483841,mid,vb2,0.0,0.0,-0.12480387836694717,0.0,0.0
17.0,76.0,-1.438662052154541,1.0,-0.29010680317878723,girl,mixedsch,-0.1182442456483841,mid,vb2,0.0,0.0,-0.29010680317878723,0.0,0.0
17.0,77.0,0.07353636622428894,1.0,-0.4554097056388855,girl,mixedsch,-0.1182442456483841,mid,vb2,0.0,0.0,-0.4554097056388855,0.0,0.0
17.0,78.0,-1.2194855213165283,1.0,-1.4472272396087646,boy,mixedsch,-0.1182442456483841,mid,vb2,0.0,0.0,0.0,0.0,0.0
17.0,79.0,-0.4927808344364166,1.0,0.5364077687263489,girl,mixedsch,-0.1182442456483841,mid,vb2,0.0,0.0,0.5364077687263489,0.0,0.0
17.0,80.0,0.004321751184761524,1.0,0.5364077687263489,girl,mixedsch,-0.1182442456483841,mid,vb2,0.0,0.0,0.5364077687263489,0.0,0.0
17.0,81.0,-0.26515936851501465,1.0,-0.042152419686317444,girl,mixedsch,-0.1182442456483841,mid,vb2,0.0,0.0,-0.042152419686317444,0.0,0.0
17.0,82.0,0.13406679034233093,1.0,0.6190592646598816,girl,mixedsch,-0.1182442456483841,mid,vb1,0.0,0.0,0.6190592646598816,0.0,0.0
17.0,83.0,0.1941491812467575,1.0,-0.2074553370475769,boy,mixedsch,-0.1182442456483841,mid,vb2,0.0,0.0,0.0,0.0,0.0
17.0,84.0,-1.029066801071167,1.0,-0.042152419686317444,girl,mixedsch,-0.1182442456483841,mid,vb2,0.0,0.0,-0.042152419686317444,0.0,0.0
17.0,85.0,-1.7238824367523193,1.0,-0.042152419686317444,boy,mixedsch,-0.1182442456483841,mid,vb1,0.0,0.0,0.0,0.0,0.0
17.0,86.0,0.004321751184761524,1.0,0.45375630259513855,boy,mixedsch,-0.1182442456483841,mid,vb1,0.0,0.0,0.0,0.0,0.0
17.0,87.0,-0.26515936851501465,1.0,-1.4472272396087646,girl,mixedsch,-0.1182442456483841,mid,vb2,0.0,0.0,-1.4472272396087646,0.0,0.0
17.0,88.0,-0.6230506896972656,1.0,-0.6207126379013062,girl,mixedsch,-0.1182442456483841,mid,vb2,0.0,0.0,-0.6207126379013062,0.0,0.0
17.0,89.0,-0.6230506896972656,1.0,-0.6207126379013062,girl,mixedsch,-0.1182442456483841,mid,vb2,0.0,0.0,-0.6207126379013062,0.0,0.0
17.0,90.0,-0.12908467650413513,1.0,1.6108767986297607,boy,mixedsch,-0.1182442456483841,mid,vb1,0.0,0.0,0.0,0.0,0.0
17.0,91.0,-0.33884158730506897,1.0,1.6108767986297607,girl,mixedsch,-0.1182442456483841,mid,vb1,0.0,0.0,1.6108767986297607,0.0,0.0
17.0,92.0,-0.9393776655197144,1.0,0.20580196380615234,girl,mixedsch,-0.1182442456483841,mid,vb1,0.0,0.0,0.20580196380615234,0.0,0.0
17.0,93.0,-0.9393776655197144,1.0,-0.29010680317878723,boy,mixedsch,-0.1182442456483841,mid,vb2,0.0,0.0,0.0,0.0,0.0
17.0,94.0,-0.5551124811172485,1.0,0.7017107009887695,girl,mixedsch,-0.1182442456483841,mid,vb2,0.0,0.0,0.7017107009887695,0.0,0.0
17.0,95.0,1.0396080017089844,1.0,1.1149680614471436,girl,mixedsch,-0.1182442456483841,mid,vb1,0.0,0.0,1.1149680614471436,0.0,0.0
17.0,96.0,-0.6230506896972656,1.0,-0.37275826930999756,girl,mixedsch,-0.1182442456483841,mid,vb3,0.0,0.0,-0.37275826930999756,0.0,0.0
17.0,97.0,-1.8366867303848267,1.0,0.12315050512552261,girl,mixedsch,-0.1182442456483841,mid,vb2,0.0,0.0,0.12315050512552261,0.0,0.0
17.0,98.0,0.678758978843689,1.0,0.040499038994312286,girl,mixedsch,-0.1182442456483841,mid,vb2,0.0,0.0,0.040499038994312286,0.0,0.0
17.0,99.0,-1.5266530513763428,1.0,-0.4554097056388855,girl,mixedsch,-0.1182442456483841,mid,vb3,0.0,0.0,-0.4554097056388855,0.0,0.0
17.0,100.0,0.7472277283668518,1.0,0.040499038994312286,girl,mixedsch,-0.1182442456483841,mid,vb2,0.0,0.0,0.040499038994312286,0.0,0.0
17.0,101.0,1.0396080017089844,1.0,3.015951633453369,girl,mixedsch,-0.1182442456483841,mid,vb1,0.0,0.0,3.015951633453369,0.0,0.0
17.0,102.0,-0.12908467650413513,1.0,-1.1166213750839233,girl,mixedsch,-0.1182442456483841,mid,vb2,0.0,0.0,-1.1166213750839233,0.0,0.0
17.0,103.0,0.2613244652748108,1.0,-0.9513183832168579,girl,mixedsch,-0.1182442456483841,mid,vb2,0.0,0.0,-0.9513183832168579,0.0,0.0
17.0,104.0,0.4026685655117035,1.0,0.28845342993736267,girl,mixedsch,-0.1182442456483841,mid,vb1,0.0,0.0,0.28845342993736267,0.0,0.0
17.0,105.0,0.4026685655117035,1.0,0.3711048662662506,girl,mixedsch,-0.1182442456483841,mid,vb1,0.0,0.0,0.3711048662662506,0.0,0.0
17.0,106.0,1.3101423978805542,1.0,-0.8686670064926147,girl,mixedsch,-0.1182442456483841,mid,vb2,0.0,0.0,-0.8686670064926147,0.0,0.0
17.0,107.0,1.175849437713623,1.0,-0.4554097056388855,girl,mixedsch,-0.1182442456483841,mid,vb2,0.0,0.0,-0.4554097056388855,0.0,0.0
17.0,108.0,-2.1086435317993164,1.0,-0.9513183832168579,girl,mixedsch,-0.1182442456483841,mid,vb2,0.0,0.0,-0.9513183832168579,0.0,0.0
17.0,109.0,-0.06208816543221474,1.0,0.12315050512552261,girl,mixedsch,-0.1182442456483841,mid,vb2,0.0,0.0,0.12315050512552261,0.0,0.0
17.0,110.0,-0.8526700735092163,1.0,-0.29010680317878723,girl,mixedsch,-0.1182442456483841,mid,vb2,0.0,0.0,-0.29010680317878723,0.0,0.0
17.0,111.0,0.07353636622428894,1.0,0.20580196380615234,girl,mixedsch,-0.1182442456483841,mid,vb2,0.0,0.0,0.20580196380615234,0.0,0.0
17.0,112.0,0.2613244652748108,1.0,0.28845342993736267,girl,mixedsch,-0.1182442456483841,mid,vb2,0.0,0.0,0.28845342993736267,0.0,0.0
17.0,113.0,0.7472277283668518,1.0,0.7843621969223022,girl,mixedsch,-0.1182442456483841,mid,vb1,0.0,0.0,0.7843621969223022,0.0,0.0
17.0,114.0,-0.4198014438152313,1.0,-1.6951816082000732,boy,mixedsch,-0.1182442456483841,mid,vb3,0.0,0.0,0.0,0.0,0.0
17.0,115.0,-0.4198014438152313,1.0,-0.2074553370475769,girl,mixedsch,-0.1182442456483841,mid,vb2,0.0,0.0,-0.2074553370475769,0.0,0.0
17.0,116.0,1.0396080017089844,1.0,0.45375630259513855,girl,mixedsch,-0.1182442456483841,mid,vb2,0.0,0.0,0.45375630259513855,0.0,0.0
17.0,117.0,0.2613244652748108,1.0,1.3629224300384521,boy,mixedsch,-0.1182442456483841,mid,vb1,0.0,0.0,0.0,0.0,0.0
17.0,118.0,0.4026685655117035,1.0,0.040499038994312286,girl,mixedsch,-0.1182442456483841,mid,vb1,0.0,0.0,0.040499038994312286,0.0,0.0
17.0,119.0,-0.4927808344364166,1.0,0.040499038994312286,girl,mixedsch,-0.1182442456483841,mid,vb2,0.0,0.0,0.040499038994312286,0.0,0.0
17.0,120.0,0.6107285618782043,1.0,0.5364077687263489,girl,mixedsch,-0.1182442456483841,mid,vb1,0.0,0.0,0.5364077687263489,0.0,0.0
17.0,121.0,-0.33884158730506897,1.0,-0.8686670064926147,girl,mixedsch,-0.1182442456483841,mid,vb2,0.0,0.0,-0.8686670064926147,0.0,0.0
17.0,122.0,-0.6995050311088562,1.0,-0.29010680317878723,girl,mixedsch,-0.1182442456483841,mid,vb2,0.0,0.0,-0.29010680317878723,0.0,0.0
17.0,123.0,-0.8526700735092163,1.0,-0.6207126379013062,boy,mixedsch,-0.1182442456483841,mid,vb2,0.0,0.0,0.0,0.0,0.0
17.0,124.0,-1.8366867303848267,1.0,-2.934953451156616,boy,mixedsch,-0.1182442456483841,mid,vb3,0.0,0.0,0.0,0.0,0.0
17.0,125.0,-0.776108980178833,1.0,0.12315050512552261,girl,mixedsch,-0.1182442456483841,mid,vb2,0.0,0.0,0.12315050512552261,0.0,0.0
17.0,126.0,-3.0595431327819824,1.0,-1.8604844808578491,boy,mixedsch,-0.1182442456483841,mid,vb3,0.0,0.0,0.0,0.0,0.0
19.0,1.0,-1.6237297058105469,1.0,-1.4472272396087646,boy,mixedsch,0.3846297264099121,high,vb2,0.0,0.0,0.0,0.0,0.0
19.0,2.0,0.328072190284729,1.0,0.5364077687263489,girl,mixedsch,0.3846297264099121,high,vb2,0.0,0.0,0.5364077687263489,0.0,0.0
19.0,3.0,0.4781937301158905,1.0,0.28845342993736267,boy,mixedsch,0.3846297264099121,high,vb1,0.0,0.0,0.0,0.0,0.0
19.0,4.0,1.4395315647125244,1.0,0.5364077687263489,girl,mixedsch,0.3846297264099121,high,vb1,0.0,0.0,0.5364077687263489,0.0,0.0
19.0,5.0,-0.12908467650413513,1.0,1.1149680614471436,boy,mixedsch,0.3846297264099121,high,vb2,0.0,0.0,0.0,0.0,0.0
19.0,6.0,1.5792195796966553,1.0,0.7017107009887695,girl,mixedsch,0.3846297264099121,high,vb1,0.0,0.0,0.7017107009887695,0.0,0.0
19.0,7.0,1.3101423978805542,1.0,1.693528175354004,girl,mixedsch,0.3846297264099121,high,vb1,0.0,0.0,1.693528175354004,0.0,0.0
19.0,8.0,-1.029066801071167,1.0,0.28845342993736267,boy,mixedsch,0.3846297264099121,high,vb2,0.0,0.0,0.0,0.0,0.0
19.0,9.0,-0.33884158730506897,1.0,0.20580196380615234,boy,mixedsch,0.3846297264099121,high,vb1,0.0,0.0,0.0,0.0,0.0
19.0,10.0,0.328072190284729,1.0,0.8670135736465454,boy,mixedsch,0.3846297264099121,high,vb1,0.0,0.0,0.0,0.0,0.0
19.0,11.0,0.2613244652748108,1.0,0.8670135736465454,boy,mixedsch,0.3846297264099121,high,vb1,0.0,0.0,0.0,0.0,0.0
19.0,12.0,0.4781937301158905,1.0,0.28845342993736267,boy,mixedsch,0.3846297264099121,high,vb1,0.0,0.0,0.0,0.0,0.0
19.0,13.0,0.6107285618782043,1.0,-0.37275826930999756,girl,mixedsch,0.3846297264099121,high,vb2,0.0,0.0,-0.37275826930999756,0.0,0.0
19.0,14.0,-0.776108980178833,1.0,-0.29010680317878723,boy,mixedsch,0.3846297264099121,high,vb2,0.0,0.0,0.0,0.0,0.0
19.0,15.0,1.4395315647125244,1.0,1.0323165655136108,girl,mixedsch,0.3846297264099121,high,vb1,0.0,0.0,1.0323165655136108,0.0,0.0
19.0,16.0,-0.6230506896972656,1.0,0.45375630259513855,boy,mixedsch,0.3846297264099121,high,vb2,0.0,0.0,0.0,0.0,0.0
19.0,17.0,-1.3353148698806763,1.0,-0.042152419686317444,boy,mixedsch,0.3846297264099121,high,vb2,0.0,0.0,0.0,0.0,0.0
19.0,18.0,1.4395315647125244,1.0,0.20580196380615234,girl,mixedsch,0.3846297264099121,high,vb1,0.0,0.0,0.20580196380615234,0.0,0.0
19.0,19.0,-0.06208816543221474,1.0,0.28845342993736267,boy,mixedsch,0.3846297264099121,high,vb2,0.0,0.0,0.0,0.0,0.0
19.0,20.0,1.3101423978805542,1.0,1.1976194381713867,boy,mixedsch,0.3846297264099121,high,vb1,0.0,0.0,0.0,0.0,0.0
19.0,21.0,-0.776108980178833,1.0,0.6190592646598816,boy,mixedsch,0.3846297264099121,high,vb2,0.0,0.0,0.0,0.0,0.0
19.0,22.0,-0.6995050311088562,1.0,0.12315050512552261,boy,mixedsch,0.3846297264099121,high,vb2,0.0,0.0,0.0,0.0,0.0
19.0,23.0,1.9771069288253784,1.0,0.8670135736465454,girl,mixedsch,0.3846297264099121,high,vb1,0.0,0.0,0.8670135736465454,0.0,0.0
19.0,24.0,0.7472277283668518,1.0,-0.042152419686317444,girl,mixedsch,0.3846297264099121,high,vb2,0.0,0.0,-0.042152419686317444,0.0,0.0
19.0,25.0,-0.06208816543221474,1.0,0.20580196380615234,boy,mixedsch,0.3846297264099121,high,vb2,0.0,0.0,0.0,0.0,0.0
19.0,26.0,-0.6230506896972656,1.0,-0.7860155701637268,boy,mixedsch,0.3846297264099121,high,vb2,0.0,0.0,0.0,0.0,0.0
19.0,27.0,0.9675859808921814,1.0,1.1149680614471436,boy,mixedsch,0.3846297264099121,high,vb1,0.0,0.0,0.0,0.0,0.0
19.0,28.0,-0.6230506896972656,1.0,0.7843621969223022,girl,mixedsch,0.3846297264099121,high,vb2,0.0,0.0,0.7843621969223022,0.0,0.0
19.0,29.0,-0.776108980178833,1.0,0.20580196380615234,girl,mixedsch,0.3846297264099121,high,vb2,0.0,0.0,0.20580196380615234,0.0,0.0
19.0,30.0,-0.19761060178279877,1.0,-0.12480387836694717,girl,mixedsch,0.3846297264099121,high,vb2,0.0,0.0,-0.12480387836694717,0.0,0.0
19.0,31.0,0.4026685655117035,1.0,-0.042152419686317444,boy,mixedsch,0.3846297264099121,high,vb2,0.0,0.0,0.0,0.0,0.0
19.0,32.0,-0.12908467650413513,1.0,0.12315050512552261,boy,mixedsch,0.3846297264099121,high,vb1,0.0,0.0,0.0,0.0,0.0
19.0,33.0,0.4781937301158905,1.0,1.0323165655136108,boy,mixedsch,0.3846297264099121,high,vb2,0.0,0.0,0.0,0.0,0.0
19.0,34.0,-0.19761060178279877,1.0,-0.4554097056388855,boy,mixedsch,0.3846297264099121,high,vb2,0.0,0.0,0.0,0.0,0.0
19.0,35.0,0.004321751184761524,1.0,1.1149680614471436,girl,mixedsch,0.3846297264099121,high,vb1,0.0,0.0,1.1149680614471436,0.0,0.0
19.0,36.0,0.2613244652748108,1.0,0.5364077687263489,girl,mixedsch,0.3846297264099121,high,vb2,0.0,0.0,0.5364077687263489,0.0,0.0
19.0,37.0,0.5443409085273743,1.0,0.9496650099754333,boy,mixedsch,0.3846297264099121,high,vb2,0.0,0.0,0.0,0.0,0.0
19.0,38.0,0.4026685655117035,1.0,0.6190592646598816,boy,mixedsch,0.3846297264099121,high,vb2,0.0,0.0,0.0,0.0,0.0
19.0,39.0,1.1094379425048828,1.0,0.20580196380615234,boy,mixedsch,0.3846297264099121,high,vb2,0.0,0.0,0.0,0.0,0.0
19.0,40.0,1.3101423978805542,1.0,1.1976194381713867,girl,mixedsch,0.3846297264099121,high,vb1,0.0,0.0,1.1976194381713867,0.0,0.0
19.0,41.0,0.678758978843689,1.0,-0.12480387836694717,boy,mixedsch,0.3846297264099121,high,vb2,0.0,0.0,0.0,0.0,0.0
19.0,42.0,0.7472277283668518,1.0,1.0323165655136108,boy,mixedsch,0.3846297264099121,high,vb2,0.0,0.0,0.0,0.0,0.0
19.0,43.0,-0.6995050311088562,1.0,-0.37275826930999756,boy,mixedsch,0.3846297264099121,high,vb2,0.0,0.0,0.0,0.0,0.0
19.0,44.0,-0.776108980178833,1.0,-1.199272871017456,boy,mixedsch,0.3846297264099121,high,vb2,0.0,0.0,0.0,0.0,0.0
19.0,45.0,1.5792195796966553,1.0,0.7017107009887695,girl,mixedsch,0.3846297264099121,high,vb1,0.0,0.0,0.7017107009887695,0.0,0.0
19.0,46.0,-1.2194855213165283,1.0,-0.8686670064926147,boy,mixedsch,0.3846297264099121,high,vb2,0.0,0.0,0.0,0.0,0.0
19.0,47.0,-0.6230506896972656,1.0,1.1149680614471436,girl,mixedsch,0.3846297264099121,high,vb2,0.0,0.0,1.1149680614471436,0.0,0.0
19.0,48.0,1.7348991632461548,1.0,0.8670135736465454,girl,mixedsch,0.3846297264099121,high,vb1,0.0,0.0,0.8670135736465454,0.0,0.0
19.0,49.0,0.07353636622428894,1.0,0.8670135736465454,girl,mixedsch,0.3846297264099121,high,vb1,0.0,0.0,0.8670135736465454,0.0,0.0
19.0,50.0,0.4026685655117035,1.0,-0.2074553370475769,girl,mixedsch,0.3846297264099121,high,vb1,0.0,0.0,-0.2074553370475769,0.0,0.0
19.0,51.0,0.5443409085273743,1.0,1.1149680614471436,boy,mixedsch,0.3846297264099121,high,vb1,0.0,0.0,0.0,0.0,0.0
19.0,52.0,-1.5266530513763428,1.0,0.28845342993736267,girl,mixedsch,0.3846297264099121,high,vb2,0.0,0.0,0.28845342993736267,0.0,0.0
19.0,53.0,1.661805510520935,1.0,1.3629224300384521,boy,mixedsch,0.3846297264099121,high,vb1,0.0,0.0,0.0,0.0,0.0
19.0,54.0,0.2613244652748108,1.0,0.28845342993736267,girl,mixedsch,0.3846297264099121,high,vb1,0.0,0.0,0.28845342993736267,0.0,0.0
19.0,55.0,-0.6995050311088562,1.0,-0.37275826930999756,boy,mixedsch,0.3846297264099121,high,vb2,0.0,0.0,0.0,0.0,0.0
20.0,1.0,-0.9393776655197144,1.0,0.28845342993736267,boy,mixedsch,0.44104063510894775,high,vb2,0.0,0.0,0.0,0.0,0.0
20.0,2.0,0.8965656757354736,1.0,2.4373912811279297,boy,mixedsch,0.44104063510894775,high,vb1,0.0,0.0,0.0,0.0,0.0
20.0,3.0,0.1941491812467575,1.0,0.7017107009887695,boy,mixedsch,0.44104063510894775,high,vb1,0.0,0.0,0.0,0.0,0.0
20.0,4.0,0.2613244652748108,1.0,-0.9513183832168579,girl,mixedsch,0.44104063510894775,high,vb3,0.0,0.0,-0.9513183832168579,0.0,0.0
20.0,5.0,-0.26515936851501465,1.0,-0.12480387836694717,boy,mixedsch,0.44104063510894775,high,vb1,0.0,0.0,0.0,0.0,0.0
20.0,6.0,1.2405332326889038,1.0,-0.042152419686317444,girl,mixedsch,0.44104063510894775,high,vb1,0.0,0.0,-0.042152419686317444,0.0,0.0
20.0,7.0,-0.6230506896972656,1.0,-0.042152419686317444,girl,mixedsch,0.44104063510894775,high,vb3,0.0,0.0,-0.042152419686317444,0.0,0.0
20.0,8.0,1.8138266801834106,1.0,0.9496650099754333,girl,mixedsch,0.44104063510894775,high,vb1,0.0,0.0,0.9496650099754333,0.0,0.0
20.0,9.0,0.07353636622428894,1.0,-0.8686670064926147,boy,mixedsch,0.44104063510894775,high,vb3,0.0,0.0,0.0,0.0,0.0
20.0,10.0,0.4781937301158905,1.0,-1.0339698791503906,boy,mixedsch,0.44104063510894775,high,vb3,0.0,0.0,0.0,0.0,0.0
20.0,11.0,1.3747409582138062,1.0,0.040499038994312286,boy,mixedsch,0.44104063510894775,high,vb2,0.0,0.0,0.0,0.0,0.0
20.0,12.0,-2.2917308807373047,1.0,-1.364575743675232,boy,mixedsch,0.44104063510894775,high,vb3,0.0,0.0,0.0,0.0,0.0
20.0,13.0,-0.06208816543221474,1.0,0.040499038994312286,girl,mixedsch,0.44104063510894775,high,vb2,0.0,0.0,0.040499038994312286,0.0,0.0
20.0,14.0,1.3101423978805542,1.0,1.1149680614471436,boy,mixedsch,0.44104063510894775,high,vb1,0.0,0.0,0.0,0.0,0.0
20.0,15.0,-0.4198014438152313,1.0,-0.5380612015724182,girl,mixedsch,0.44104063510894775,high,vb2,0.0,0.0,-0.5380612015724182,0.0,0.0
20.0,16.0,0.07353636622428894,1.0,-0.9513183832168579,girl,mixedsch,0.44104063510894775,high,vb2,0.0,0.0,-0.9513183832168579,0.0,0.0
20.0,17.0,0.5443409085273743,1.0,-0.6207126379013062,boy,mixedsch,0.44104063510894775,high,vb2,0.0,0.0,0.0,0.0,0.0
20.0,18.0,1.3101423978805542,1.0,1.528225302696228,girl,mixedsch,0.44104063510894775,high,vb1,0.0,0.0,1.528225302696228,0.0,0.0
20.0,19.0,-0.12908467650413513,1.0,0.7017107009887695,girl,mixedsch,0.44104063510894775,high,vb2,0.0,0.0,0.7017107009887695,0.0,0.0
20.0,20.0,-0.19761060178279877,1.0,-0.6207126379013062,girl,mixedsch,0.44104063510894775,high,vb3,0.0,0.0,-0.6207126379013062,0.0,0.0
20.0,21.0,1.1094379425048828,1.0,0.5364077687263489,boy,mixedsch,0.44104063510894775,high,vb1,0.0,0.0,0.0,0.0,0.0
20.0,22.0,1.0396080017089844,1.0,1.9414825439453125,boy,mixedsch,0.44104063510894775,high,vb1,0.0,0.0,0.0,0.0,0.0
20.0,23.0,-0.26515936851501465,1.0,-0.042152419686317444,boy,mixedsch,0.44104063510894775,high,vb2,0.0,0.0,0.0,0.0,0.0
20.0,24.0,-0.33884158730506897,1.0,0.7017107009887695,girl,mixedsch,0.44104063510894775,high,vb2,0.0,0.0,0.7017107009887695,0.0,0.0
20.0,25.0,0.13406679034233093,1.0,0.28845342993736267,boy,mixedsch,0.44104063510894775,high,vb1,0.0,0.0,0.0,0.0,0.0
20.0,26.0,1.661805510520935,1.0,2.3547399044036865,boy,mixedsch,0.44104063510894775,high,vb1,0.0,0.0,0.0,0.0,0.0
20.0,27.0,1.661805510520935,1.0,1.6108767986297607,girl,mixedsch,0.44104063510894775,high,vb1,0.0,0.0,1.6108767986297607,0.0,0.0
20.0,28.0,1.2405332326889038,1.0,1.4455738067626953,girl,mixedsch,0.44104063510894775,high,vb2,0.0,0.0,1.4455738067626953,0.0,0.0
20.0,29.0,0.678758978843689,1.0,0.040499038994312286,girl,mixedsch,0.44104063510894775,high,vb2,0.0,0.0,0.040499038994312286,0.0,0.0
20.0,30.0,1.2405332326889038,1.0,1.6108767986297607,girl,mixedsch,0.44104063510894775,high,vb1,0.0,0.0,1.6108767986297607,0.0,0.0
20.0,31.0,1.5792195796966553,1.0,2.3547399044036865,girl,mixedsch,0.44104063510894775,high,vb1,0.0,0.0,2.3547399044036865,0.0,0.0
20.0,32.0,0.1941491812467575,1.0,0.7843621969223022,boy,mixedsch,0.44104063510894775,high,vb2,0.0,0.0,0.0,0.0,0.0
20.0,33.0,0.6107285618782043,1.0,0.5364077687263489,boy,mixedsch,0.44104063510894775,high,vb2,0.0,0.0,0.0,0.0,0.0
20.0,34.0,1.2405332326889038,1.0,0.6190592646598816,boy,mixedsch,0.44104063510894775,high,vb1,0.0,0.0,0.0,0.0,0.0
20.0,35.0,0.8965656757354736,1.0,0.8670135736465454,boy,mixedsch,0.44104063510894775,high,vb1,0.0,0.0,0.0,0.0,0.0
20.0,36.0,1.0396080017089844,1.0,1.6108767986297607,boy,mixedsch,0.44104063510894775,high,vb1,0.0,0.0,0.0,0.0,0.0
20.0,37.0,-0.19761060178279877,1.0,0.040499038994312286,girl,mixedsch,0.44104063510894775,high,vb2,0.0,0.0,0.040499038994312286,0.0,0.0
20.0,38.0,0.9675859808921814,1.0,-0.9513183832168579,boy,mixedsch,0.44104063510894775,high,vb2,0.0,0.0,0.0,0.0,0.0
20.0,39.0,0.328072190284729,1.0,0.20580196380615234,girl,mixedsch,0.44104063510894775,high,vb2,0.0,0.0,0.20580196380615234,0.0,0.0
22.0,1.0,-0.26515936851501465,1.0,-0.8686670064926147,girl,mixedsch,-0.06235610693693161,mid,vb2,0.0,0.0,-0.8686670064926147,0.0,0.0
22.0,2.0,1.7348991632461548,1.0,3.015951633453369,boy,mixedsch,-0.06235610693693161,mid,vb1,0.0,0.0,0.0,0.0,0.0
22.0,3.0,-1.5266530513763428,1.0,0.28845342993736267,girl,mixedsch,-0.06235610693693161,mid,vb2,0.0,0.0,0.28845342993736267,0.0,0.0
22.0,4.0,0.8965656757354736,1.0,1.4455738067626953,boy,mixedsch,-0.06235610693693161,mid,vb1,0.0,0.0,0.0,0.0,0.0
22.0,5.0,-0.12908467650413513,1.0,1.7761796712875366,girl,mixedsch,-0.06235610693693161,mid,vb2,0.0,0.0,1.7761796712875366,0.0,0.0
22.0,6.0,-0.4198014438152313,1.0,0.5364077687263489,girl,mixedsch,-0.06235610693693161,mid,vb2,0.0,0.0,0.5364077687263489,0.0,0.0
22.0,7.0,0.4026685655117035,1.0,-0.12480387836694717,girl,mixedsch,-0.06235610693693161,mid,vb1,0.0,0.0,-0.12480387836694717,0.0,0.0
22.0,8.0,0.2613244652748108,1.0,1.2802709341049194,boy,mixedsch,-0.06235610693693161,mid,vb2,0.0,0.0,0.0,0.0,0.0
22.0,9.0,0.328072190284729,1.0,-0.6207126379013062,boy,mixedsch,-0.06235610693693161,mid,vb2,0.0,0.0,0.0,0.0,0.0
22.0,10.0,0.328072190284729,1.0,1.2802709341049194,girl,mixedsch,-0.06235610693693161,mid,vb1,0.0,0.0,1.2802709341049194,0.0,0.0
22.0,11.0,-0.26515936851501465,1.0,-0.37275826930999756,girl,mixedsch,-0.06235610693693161,mid,vb2,0.0,0.0,-0.37275826930999756,0.0,0.0
22.0,12.0,-1.1186243295669556,1.0,-0.29010680317878723,girl,mixedsch,-0.06235610693693161,mid,vb2,0.0,0.0,-0.29010680317878723,0.0,0.0
22.0,13.0,-0.6230506896972656,1.0,0.45375630259513855,girl,mixedsch,-0.06235610693693161,mid,vb2,0.0,0.0,0.45375630259513855,0.0,0.0
22.0,14.0,-1.3353148698806763,1.0,0.45375630259513855,boy,mixedsch,-0.06235610693693161,mid,vb1,0.0,0.0,0.0,0.0,0.0
22.0,15.0,-0.33884158730506897,1.0,-0.7033640742301941,boy,mixedsch,-0.06235610693693161,mid,vb2,0.0,0.0,0.0,0.0,0.0
22.0,16.0,-0.776108980178833,1.0,0.28845342993736267,boy,mixedsch,-0.06235610693693161,mid,vb2,0.0,0.0,0.0,0.0,0.0
22.0,17.0,0.821988046169281,1.0,0.9496650099754333,boy,mixedsch,-0.06235610693693161,mid,vb2,0.0,0.0,0.0,0.0,0.0
22.0,18.0,-0.4927808344364166,1.0,0.20580196380615234,boy,mixedsch,-0.06235610693693161,mid,vb2,0.0,0.0,0.0,0.0,0.0
22.0,19.0,-1.1186243295669556,1.0,-1.199272871017456,boy,mixedsch,-0.06235610693693161,mid,vb2,0.0,0.0,0.0,0.0,0.0
22.0,20.0,0.9675859808921814,1.0,1.3629224300384521,girl,mixedsch,-0.06235610693693161,mid,vb1,0.0,0.0,1.3629224300384521,0.0,0.0
22.0,21.0,0.6107285618782043,1.0,0.28845342993736267,girl,mixedsch,-0.06235610693693161,mid,vb2,0.0,0.0,0.28845342993736267,0.0,0.0
22.0,22.0,-1.5266530513763428,1.0,-2.2737417221069336,boy,mixedsch,-0.06235610693693161,mid,vb3,0.0,0.0,0.0,0.0,0.0
22.0,23.0,-0.5551124811172485,1.0,-2.025787353515625,boy,mixedsch,-0.06235610693693161,mid,vb3,0.0,0.0,0.0,0.0,0.0
22.0,24.0,-0.4927808344364166,1.0,-0.042152419686317444,girl,mixedsch,-0.06235610693693161,mid,vb2,0.0,0.0,-0.042152419686317444,0.0,0.0
22.0,25.0,-0.06208816543221474,1.0,0.20580196380615234,boy,mixedsch,-0.06235610693693161,mid,vb1,0.0,0.0,0.0,0.0,0.0
22.0,26.0,0.5443409085273743,1.0,0.45375630259513855,boy,mixedsch,-0.06235610693693161,mid,vb1,0.0,0.0,0.0,0.0,0.0
22.0,27.0,-1.3353148698806763,1.0,-1.1166213750839233,boy,mixedsch,-0.06235610693693161,mid,vb2,0.0,0.0,0.0,0.0,0.0
22.0,28.0,0.5443409085273743,1.0,-0.2074553370475769,boy,mixedsch,-0.06235610693693161,mid,vb1,0.0,0.0,0.0,0.0,0.0
22.0,29.0,0.6107285618782043,1.0,-0.29010680317878723,boy,mixedsch,-0.06235610693693161,mid,vb3,0.0,0.0,0.0,0.0,0.0
22.0,30.0,0.004321751184761524,1.0,0.12315050512552261,girl,mixedsch,-0.06235610693693161,mid,vb2,0.0,0.0,0.12315050512552261,0.0,0.0
22.0,31.0,-0.12908467650413513,1.0,-0.12480387836694717,girl,mixedsch,-0.06235610693693161,mid,vb2,0.0,0.0,-0.12480387836694717,0.0,0.0
22.0,32.0,-0.06208816543221474,1.0,-0.5380612015724182,girl,mixedsch,-0.06235610693693161,mid,vb2,0.0,0.0,-0.5380612015724182,0.0,0.0
22.0,33.0,0.1941491812467575,1.0,0.6190592646598816,boy,mixedsch,-0.06235610693693161,mid,vb1,0.0,0.0,0.0,0.0,0.0
22.0,34.0,-0.4198014438152313,1.0,-0.5380612015724182,girl,mixedsch,-0.06235610693693161,mid,vb2,0.0,0.0,-0.5380612015724182,0.0,0.0
22.0,35.0,-0.5551124811172485,1.0,0.3711048662662506,boy,mixedsch,-0.06235610693693161,mid,vb2,0.0,0.0,0.0,0.0,0.0
22.0,36.0,0.1941491812467575,1.0,0.7843621969223022,girl,mixedsch,-0.06235610693693161,mid,vb1,0.0,0.0,0.7843621969223022,0.0,0.0
22.0,37.0,0.4026685655117035,1.0,-1.364575743675232,boy,mixedsch,-0.06235610693693161,mid,vb1,0.0,0.0,0.0,0.0,0.0
22.0,38.0,-1.8366867303848267,1.0,-1.8604844808578491,boy,mixedsch,-0.06235610693693161,mid,vb3,0.0,0.0,0.0,0.0,0.0
22.0,39.0,-0.4927808344364166,1.0,1.2802709341049194,boy,mixedsch,-0.06235610693693161,mid,vb1,0.0,0.0,0.0,0.0,0.0
22.0,40.0,-2.2917308807373047,1.0,-0.7860155701637268,girl,mixedsch,-0.06235610693693161,mid,vb3,0.0,0.0,-0.7860155701637268,0.0,0.0
22.0,41.0,-1.1186243295669556,1.0,-0.8686670064926147,girl,mixedsch,-0.06235610693693161,mid,vb3,0.0,0.0,-0.8686670064926147,0.0,0.0
22.0,42.0,-0.776108980178833,1.0,0.20580196380615234,boy,mixedsch,-0.06235610693693161,mid,vb2,0.0,0.0,0.0,0.0,0.0
22.0,43.0,-0.4927808344364166,1.0,-0.5380612015724182,boy,mixedsch,-0.06235610693693161,mid,vb1,0.0,0.0,0.0,0.0,0.0
22.0,44.0,-0.9393776655197144,1.0,0.7017107009887695,girl,mixedsch,-0.06235610693693161,mid,vb1,0.0,0.0,0.7017107009887695,0.0,0.0
22.0,45.0,-0.8526700735092163,1.0,-1.364575743675232,boy,mixedsch,-0.06235610693693161,mid,vb2,0.0,0.0,0.0,0.0,0.0
22.0,46.0,-0.6230506896972656,1.0,0.040499038994312286,boy,mixedsch,-0.06235610693693161,mid,vb2,0.0,0.0,0.0,0.0,0.0
22.0,47.0,1.4395315647125244,1.0,0.8670135736465454,girl,mixedsch,-0.06235610693693161,mid,vb1,0.0,0.0,0.8670135736465454,0.0,0.0
22.0,48.0,-0.9393776655197144,1.0,-0.7033640742301941,girl,mixedsch,-0.06235610693693161,mid,vb2,0.0,0.0,-0.7033640742301941,0.0,0.0
22.0,49.0,-0.8526700735092163,1.0,-0.6207126379013062,girl,mixedsch,-0.06235610693693161,mid,vb2,0.0,0.0,-0.6207126379013062,0.0,0.0
22.0,50.0,-0.8526700735092163,1.0,1.6108767986297607,boy,mixedsch,-0.06235610693693161,mid,vb1,0.0,0.0,0.0,0.0,0.0
22.0,51.0,-0.6230506896972656,1.0,0.040499038994312286,girl,mixedsch,-0.06235610693693161,mid,vb2,0.0,0.0,0.040499038994312286,0.0,0.0
22.0,52.0,-1.8366867303848267,1.0,-0.5380612015724182,girl,mixedsch,-0.06235610693693161,mid,vb2,0.0,0.0,-0.5380612015724182,0.0,0.0
22.0,53.0,-0.19761060178279877,1.0,1.6108767986297607,girl,mixedsch,-0.06235610693693161,mid,vb1,0.0,0.0,1.6108767986297607,0.0,0.0
22.0,54.0,-0.776108980178833,1.0,0.6190592646598816,girl,mixedsch,-0.06235610693693161,mid,vb1,0.0,0.0,0.6190592646598816,0.0,0.0
22.0,55.0,-1.438662052154541,1.0,-0.37275826930999756,boy,mixedsch,-0.06235610693693161,mid,vb2,0.0,0.0,0.0,0.0,0.0
22.0,56.0,-0.19761060178279877,1.0,2.106785535812378,boy,mixedsch,-0.06235610693693161,mid,vb1,0.0,0.0,0.0,0.0,0.0
22.0,57.0,1.2405332326889038,1.0,0.8670135736465454,girl,mixedsch,-0.06235610693693161,mid,vb1,0.0,0.0,0.8670135736465454,0.0,0.0
22.0,58.0,-1.9620754718780518,1.0,-1.0339698791503906,boy,mixedsch,-0.06235610693693161,mid,vb3,0.0,0.0,0.0,0.0,0.0
22.0,59.0,-0.9393776655197144,1.0,-0.7860155701637268,boy,mixedsch,-0.06235610693693161,mid,vb2,0.0,0.0,0.0,0.0,0.0
22.0,60.0,-0.9393776655197144,1.0,-0.4554097056388855,boy,mixedsch,-0.06235610693693161,mid,vb2,0.0,0.0,0.0,0.0,0.0
22.0,61.0,-0.4198014438152313,1.0,0.040499038994312286,girl,mixedsch,-0.06235610693693161,mid,vb1,0.0,0.0,0.040499038994312286,0.0,0.0
22.0,62.0,-0.9393776655197144,1.0,-2.2737417221069336,boy,mixedsch,-0.06235610693693161,mid,vb2,0.0,0.0,0.0,0.0,0.0
22.0,63.0,-1.5266530513763428,1.0,-1.5298787355422974,boy,mixedsch,-0.06235610693693161,mid,vb2,0.0,0.0,0.0,0.0,0.0
22.0,64.0,-1.5266530513763428,1.0,-0.7033640742301941,girl,mixedsch,-0.06235610693693161,mid,vb2,0.0,0.0,-0.7033640742301941,0.0,0.0
22.0,65.0,0.6107285618782043,1.0,0.8670135736465454,boy,mixedsch,-0.06235610693693161,mid,vb1,0.0,0.0,0.0,0.0,0.0
22.0,66.0,-2.2917308807373047,1.0,-1.1166213750839233,boy,mixedsch,-0.06235610693693161,mid,vb2,0.0,0.0,0.0,0.0,0.0
22.0,67.0,0.328072190284729,1.0,0.7017107009887695,girl,mixedsch,-0.06235610693693161,mid,vb2,0.0,0.0,0.7017107009887695,0.0,0.0
22.0,68.0,0.1941491812467575,1.0,-0.042152419686317444,girl,mixedsch,-0.06235610693693161,mid,vb2,0.0,0.0,-0.042152419686317444,0.0,0.0
22.0,69.0,-0.33884158730506897,1.0,-1.6951816082000732,girl,mixedsch,-0.06235610693693161,mid,vb3,0.0,0.0,-1.6951816082000732,0.0,0.0
22.0,70.0,-1.9620754718780518,1.0,-1.4472272396087646,boy,mixedsch,-0.06235610693693161,mid,vb3,0.0,0.0,0.0,0.0,0.0
22.0,71.0,-0.6995050311088562,1.0,-0.7033640742301941,boy,mixedsch,-0.06235610693693161,mid,vb2,0.0,0.0,0.0,0.0,0.0
22.0,72.0,-2.5101213455200195,1.0,-0.8686670064926147,boy,mixedsch,-0.06235610693693161,mid,vb2,0.0,0.0,0.0,0.0,0.0
22.0,73.0,-1.2194855213165283,1.0,0.20580196380615234,boy,mixedsch,-0.06235610693693161,mid,vb1,0.0,0.0,0.0,0.0,0.0
22.0,74.0,-0.4198014438152313,1.0,-0.2074553370475769,girl,mixedsch,-0.06235610693693161,mid,vb2,0.0,0.0,-0.2074553370475769,0.0,0.0
22.0,75.0,-0.4198014438152313,1.0,-1.0339698791503906,boy,mixedsch,-0.06235610693693161,mid,vb2,0.0,0.0,0.0,0.0,0.0
22.0,76.0,0.9675859808921814,1.0,1.7761796712875366,boy,mixedsch,-0.06235610693693161,mid,vb1,0.0,0.0,0.0,0.0,0.0
22.0,77.0,-0.12908467650413513,1.0,0.45375630259513855,girl,mixedsch,-0.06235610693693161,mid,vb2,0.0,0.0,0.45375630259513855,0.0,0.0
22.0,78.0,-0.33884158730506897,1.0,0.12315050512552261,boy,mixedsch,-0.06235610693693161,mid,vb1,0.0,0.0,0.0,0.0,0.0
22.0,79.0,0.1941491812467575,1.0,0.8670135736465454,boy,mixedsch,-0.06235610693693161,mid,vb2,0.0,0.0,0.0,0.0,0.0
22.0,80.0,-0.8526700735092163,1.0,-0.9513183832168579,girl,mixedsch,-0.06235610693693161,mid,vb2,0.0,0.0,-0.9513183832168579,0.0,0.0
22.0,81.0,-2.2917308807373047,1.0,-1.2819242477416992,boy,mixedsch,-0.06235610693693161,mid,vb3,0.0,0.0,0.0,0.0,0.0
22.0,82.0,-0.4198014438152313,1.0,-0.29010680317878723,girl,mixedsch,-0.06235610693693161,mid,vb2,0.0,0.0,-0.29010680317878723,0.0,0.0
22.0,83.0,-2.2917308807373047,1.0,-1.8604844808578491,boy,mixedsch,-0.06235610693693161,mid,vb3,0.0,0.0,0.0,0.0,0.0
22.0,84.0,-1.2194855213165283,1.0,-0.8686670064926147,boy,mixedsch,-0.06235610693693161,mid,vb2,0.0,0.0,0.0,0.0,0.0
22.0,85.0,0.13406679034233093,1.0,-0.2074553370475769,girl,mixedsch,-0.06235610693693161,mid,vb2,0.0,0.0,-0.2074553370475769,0.0,0.0
22.0,86.0,0.07353636622428894,1.0,0.040499038994312286,girl,mixedsch,-0.06235610693693161,mid,vb2,0.0,0.0,0.040499038994312286,0.0,0.0
22.0,87.0,0.07353636622428894,1.0,1.8588311672210693,boy,mixedsch,-0.06235610693693161,mid,vb1,0.0,0.0,0.0,0.0,0.0
22.0,88.0,-1.3353148698806763,1.0,-0.042152419686317444,girl,mixedsch,-0.06235610693693161,mid,vb2,0.0,0.0,-0.042152419686317444,0.0,0.0
22.0,89.0,-1.3353148698806763,1.0,-0.37275826930999756,girl,mixedsch,-0.06235610693693161,mid,vb3,0.0,0.0,-0.37275826930999756,0.0,0.0
22.0,90.0,0.07353636622428894,1.0,1.4455738067626953,girl,mixedsch,-0.06235610693693161,mid,vb1,0.0,0.0,1.4455738067626953,0.0,0.0
23.0,1.0,0.328072190284729,1.0,-0.2074553370475769,girl,mixedsch,-0.2546847462654114,mid,vb2,0.0,0.0,-0.2074553370475769,0.0,0.0
23.0,2.0,-2.2917308807373047,1.0,-0.7033640742301941,boy,mixedsch,-0.2546847462654114,mid,vb2,0.0,0.0,0.0,0.0,0.0
23.0,3.0,-0.8526700735092163,1.0,0.3711048662662506,boy,mixedsch,-0.2546847462654114,mid,vb2,0.0,0.0,0.0,0.0,0.0
23.0,4.0,-0.5551124811172485,1.0,1.693528175354004,boy,mixedsch,-0.2546847462654114,mid,vb2,0.0,0.0,0.0,0.0,0.0
23.0,5.0,-1.029066801071167,1.0,-1.2819242477416992,girl,mixedsch,-0.2546847462654114,mid,vb3,0.0,0.0,-1.2819242477416992,0.0,0.0
23.0,6.0,0.7472277283668518,1.0,-1.777833104133606,boy,mixedsch,-0.2546847462654114,mid,vb3,0.0,0.0,0.0,0.0,0.0
23.0,7.0,-0.33884158730506897,1.0,1.1149680614471436,boy,mixedsch,-0.2546847462654114,mid,vb1,0.0,0.0,0.0,0.0,0.0
23.0,8.0,-1.7238824367523193,1.0,-1.1166213750839233,girl,mixedsch,-0.2546847462654114,mid,vb2,0.0,0.0,-1.1166213750839233,0.0,0.0
23.0,9.0,0.5443409085273743,1.0,0.12315050512552261,girl,mixedsch,-0.2546847462654114,mid,vb1,0.0,0.0,0.12315050512552261,0.0,0.0
23.0,10.0,-0.5551124811172485,1.0,0.45375630259513855,boy,mixedsch,-0.2546847462654114,mid,vb1,0.0,0.0,0.0,0.0,0.0
23.0,11.0,0.7472277283668518,1.0,-0.2074553370475769,girl,mixedsch,-0.2546847462654114,mid,vb2,0.0,0.0,-0.2074553370475769,0.0,0.0
23.0,12.0,-0.776108980178833,1.0,0.5364077687263489,girl,mixedsch,-0.2546847462654114,mid,vb2,0.0,0.0,0.5364077687263489,0.0,0.0
23.0,13.0,0.6107285618782043,1.0,0.9496650099754333,girl,mixedsch,-0.2546847462654114,mid,vb2,0.0,0.0,0.9496650099754333,0.0,0.0
23.0,14.0,-2.1086435317993164,1.0,-1.1166213750839233,girl,mixedsch,-0.2546847462654114,mid,vb3,0.0,0.0,-1.1166213750839233,0.0,0.0
23.0,15.0,-2.752659797668457,1.0,-2.356393337249756,girl,mixedsch,-0.2546847462654114,mid,vb3,0.0,0.0,-2.356393337249756,0.0,0.0
23.0,16.0,0.7472277283668518,1.0,1.4455738067626953,boy,mixedsch,-0.2546847462654114,mid,vb1,0.0,0.0,0.0,0.0,0.0
23.0,17.0,-0.776108980178833,1.0,0.040499038994312286,girl,mixedsch,-0.2546847462654114,mid,vb2,0.0,0.0,0.040499038994312286,0.0,0.0
23.0,18.0,-1.029066801071167,1.0,-0.29010680317878723,girl,mixedsch,-0.2546847462654114,mid,vb2,0.0,0.0,-0.29010680317878723,0.0,0.0
23.0,19.0,-1.029066801071167,1.0,-1.6125301122665405,boy,mixedsch,-0.2546847462654114,mid,vb2,0.0,0.0,0.0,0.0,0.0
23.0,20.0,-0.06208816543221474,1.0,0.28845342993736267,girl,mixedsch,-0.2546847462654114,mid,vb2,0.0,0.0,0.28845342993736267,0.0,0.0
23.0,21.0,-0.33884158730506897,1.0,0.7843621969223022,girl,mixedsch,-0.2546847462654114,mid,vb1,0.0,0.0,0.7843621969223022,0.0,0.0
23.0,22.0,-2.2917308807373047,1.0,0.040499038994312286,girl,mixedsch,-0.2546847462654114,mid,vb3,0.0,0.0,0.040499038994312286,0.0,0.0
23.0,23.0,-0.9393776655197144,1.0,0.6190592646598816,girl,mixedsch,-0.2546847462654114,mid,vb2,0.0,0.0,0.6190592646598816,0.0,0.0
23.0,24.0,-0.33884158730506897,1.0,-0.7033640742301941,girl,mixedsch,-0.2546847462654114,mid,vb3,0.0,0.0,-0.7033640742301941,0.0,0.0
23.0,25.0,-2.5101213455200195,1.0,-1.6125301122665405,boy,mixedsch,-0.2546847462654114,mid,vb3,0.0,0.0,0.0,0.0,0.0
23.0,26.0,0.821988046169281,1.0,-1.0339698791503906,boy,mixedsch,-0.2546847462654114,mid,vb2,0.0,0.0,0.0,0.0,0.0
23.0,27.0,-1.9620754718780518,1.0,0.20580196380615234,girl,mixedsch,-0.2546847462654114,mid,vb3,0.0,0.0,0.20580196380615234,0.0,0.0
23.0,28.0,-0.9393776655197144,1.0,-1.777833104133606,girl,mixedsch,-0.2546847462654114,mid,vb3,0.0,0.0,-1.777833104133606,0.0,0.0
26.0,1.0,-0.6230506896972656,1.0,-2.1084389686584473,boy,mixedsch,-0.6548753380775452,low,vb3,0.0,0.0,0.0,0.0,0.0
26.0,2.0,0.1941491812467575,1.0,0.12315050512552261,boy,mixedsch,-0.6548753380775452,low,vb1,0.0,0.0,0.0,0.0,0.0
26.0,3.0,1.0396080017089844,1.0,-1.1166213750839233,boy,mixedsch,-0.6548753380775452,low,vb2,0.0,0.0,0.0,0.0,0.0
26.0,4.0,-0.12908467650413513,1.0,-1.199272871017456,girl,mixedsch,-0.6548753380775452,low,vb2,0.0,0.0,-1.199272871017456,0.0,0.0
26.0,5.0,0.07353636622428894,1.0,0.12315050512552261,girl,mixedsch,-0.6548753380775452,low,vb1,0.0,0.0,0.12315050512552261,0.0,0.0
26.0,6.0,0.4026685655117035,1.0,-0.7033640742301941,girl,mixedsch,-0.6548753380775452,low,vb3,0.0,0.0,-0.7033640742301941,0.0,0.0
26.0,7.0,0.1941491812467575,1.0,0.20580196380615234,boy,mixedsch,-0.6548753380775452,low,vb2,0.0,0.0,0.0,0.0,0.0
26.0,8.0,-0.9393776655197144,1.0,-0.7860155701637268,boy,mixedsch,-0.6548753380775452,low,vb2,0.0,0.0,0.0,0.0,0.0
26.0,9.0,-0.19761060178279877,1.0,0.45375630259513855,boy,mixedsch,-0.6548753380775452,low,vb1,0.0,0.0,0.0,0.0,0.0
26.0,10.0,0.7472277283668518,1.0,-0.7860155701637268,boy,mixedsch,-0.6548753380775452,low,vb2,0.0,0.0,0.0,0.0,0.0
26.0,11.0,-0.9393776655197144,1.0,-0.7033640742301941,boy,mixedsch,-0.6548753380775452,low,vb2,0.0,0.0,0.0,0.0,0.0
26.0,12.0,-2.1086435317993164,1.0,-1.6951816082000732,boy,mixedsch,-0.6548753380775452,low,vb3,0.0,0.0,0.0,0.0,0.0
26.0,13.0,-0.6995050311088562,1.0,-1.2819242477416992,girl,mixedsch,-0.6548753380775452,low,vb3,0.0,0.0,-1.2819242477416992,0.0,0.0
26.0,14.0,-1.2194855213165283,1.0,-1.1166213750839233,boy,mixedsch,-0.6548753380775452,low,vb2,0.0,0.0,0.0,0.0,0.0
26.0,15.0,0.4026685655117035,1.0,0.6190592646598816,boy,mixedsch,-0.6548753380775452,low,vb2,0.0,0.0,0.0,0.0,0.0
26.0,16.0,0.678758978843689,1.0,0.040499038994312286,boy,mixedsch,-0.6548753380775452,low,vb1,0.0,0.0,0.0,0.0,0.0
26.0,17.0,-0.4927808344364166,1.0,-0.6207126379013062,girl,mixedsch,-0.6548753380775452,low,vb2,0.0,0.0,-0.6207126379013062,0.0,0.0
26.0,18.0,-0.4927808344364166,1.0,-1.4472272396087646,girl,mixedsch,-0.6548753380775452,low,vb2,0.0,0.0,-1.4472272396087646,0.0,0.0
26.0,19.0,1.0396080017089844,1.0,0.040499038994312286,girl,mixedsch,-0.6548753380775452,low,vb1,0.0,0.0,0.040499038994312286,0.0,0.0
26.0,20.0,0.13406679034233093,1.0,-0.6207126379013062,girl,mixedsch,-0.6548753380775452,low,vb2,0.0,0.0,-0.6207126379013062,0.0,0.0
26.0,21.0,0.07353636622428894,1.0,-0.7033640742301941,girl,mixedsch,-0.6548753380775452,low,vb2,0.0,0.0,-0.7033640742301941,0.0,0.0
26.0,22.0,-1.438662052154541,1.0,-2.6869990825653076,boy,mixedsch,-0.6548753380775452,low,vb3,0.0,0.0,0.0,0.0,0.0
26.0,23.0,0.13406679034233093,1.0,-1.1166213750839233,boy,mixedsch,-0.6548753380775452,low,vb2,0.0,0.0,0.0,0.0,0.0
26.0,24.0,-0.6230506896972656,1.0,0.20580196380615234,boy,mixedsch,-0.6548753380775452,low,vb2,0.0,0.0,0.0,0.0,0.0
26.0,25.0,1.175849437713623,1.0,0.5364077687263489,girl,mixedsch,-0.6548753380775452,low,vb1,0.0,0.0,0.5364077687263489,0.0,0.0
26.0,26.0,-0.6995050311088562,1.0,-0.12480387836694717,boy,mixedsch,-0.6548753380775452,low,vb2,0.0,0.0,0.0,0.0,0.0
26.0,27.0,1.175849437713623,1.0,0.9496650099754333,girl,mixedsch,-0.6548753380775452,low,vb1,0.0,0.0,0.9496650099754333,0.0,0.0
26.0,28.0,-1.5266530513763428,1.0,0.9496650099754333,girl,mixedsch,-0.6548753380775452,low,vb2,0.0,0.0,0.9496650099754333,0.0,0.0
26.0,29.0,0.1941491812467575,1.0,0.12315050512552261,boy,mixedsch,-0.6548753380775452,low,vb2,0.0,0.0,0.0,0.0,0.0
26.0,30.0,0.821988046169281,1.0,0.45375630259513855,boy,mixedsch,-0.6548753380775452,low,vb2,0.0,0.0,0.0,0.0,0.0
26.0,31.0,-1.2194855213165283,1.0,0.28845342993736267,boy,mixedsch,-0.6548753380775452,low,vb3,0.0,0.0,0.0,0.0,0.0
26.0,32.0,-0.4198014438152313,1.0,-0.9513183832168579,girl,mixedsch,-0.6548753380775452,low,vb2,0.0,0.0,-0.9513183832168579,0.0,0.0
26.0,33.0,-1.2194855213165283,1.0,-0.8686670064926147,boy,mixedsch,-0.6548753380775452,low,vb2,0.0,0.0,0.0,0.0,0.0
26.0,34.0,-1.2194855213165283,1.0,-0.6207126379013062,girl,mixedsch,-0.6548753380775452,low,vb2,0.0,0.0,-0.6207126379013062,0.0,0.0
26.0,35.0,-0.4198014438152313,1.0,-1.777833104133606,boy,mixedsch,-0.6548753380775452,low,vb2,0.0,0.0,0.0,0.0,0.0
26.0,36.0,-0.4198014438152313,1.0,-0.37275826930999756,boy,mixedsch,-0.6548753380775452,low,vb3,0.0,0.0,0.0,0.0,0.0
26.0,37.0,-1.2194855213165283,1.0,-0.5380612015724182,girl,mixedsch,-0.6548753380775452,low,vb3,0.0,0.0,-0.5380612015724182,0.0,0.0
26.0,38.0,0.6107285618782043,1.0,0.5364077687263489,boy,mixedsch,-0.6548753380775452,low,vb1,0.0,0.0,0.0,0.0,0.0
26.0,39.0,-0.19761060178279877,1.0,-1.5298787355422974,girl,mixedsch,-0.6548753380775452,low,vb3,0.0,0.0,-1.5298787355422974,0.0,0.0
26.0,40.0,-0.4198014438152313,1.0,-1.6951816082000732,boy,mixedsch,-0.6548753380775452,low,vb2,0.0,0.0,0.0,0.0,0.0
26.0,41.0,-0.4927808344364166,1.0,0.040499038994312286,girl,mixedsch,-0.6548753380775452,low,vb2,0.0,0.0,0.040499038994312286,0.0,0.0
26.0,42.0,-1.029066801071167,1.0,-1.777833104133606,boy,mixedsch,-0.6548753380775452,low,vb3,0.0,0.0,0.0,0.0,0.0
26.0,43.0,-1.2194855213165283,1.0,-0.6207126379013062,boy,mixedsch,-0.6548753380775452,low,vb3,0.0,0.0,0.0,0.0,0.0
26.0,44.0,-0.26515936851501465,1.0,0.20580196380615234,boy,mixedsch,-0.6548753380775452,low,vb2,0.0,0.0,0.0,0.0,0.0
26.0,45.0,-0.4927808344364166,1.0,-1.199272871017456,girl,mixedsch,-0.6548753380775452,low,vb2,0.0,0.0,-1.199272871017456,0.0,0.0
26.0,46.0,-1.3353148698806763,1.0,-1.9431359767913818,boy,mixedsch,-0.6548753380775452,low,vb3,0.0,0.0,0.0,0.0,0.0
26.0,47.0,-0.8526700735092163,1.0,-1.1166213750839233,boy,mixedsch,-0.6548753380775452,low,vb2,0.0,0.0,0.0,0.0,0.0
26.0,48.0,0.13406679034233093,1.0,0.45375630259513855,girl,mixedsch,-0.6548753380775452,low,vb2,0.0,0.0,0.45375630259513855,0.0,0.0
26.0,49.0,-0.4927808344364166,1.0,-2.521696090698242,girl,mixedsch,-0.6548753380775452,low,vb2,0.0,0.0,-2.521696090698242,0.0,0.0
26.0,50.0,-1.6237297058105469,1.0,-2.1910903453826904,girl,mixedsch,-0.6548753380775452,low,vb3,0.0,0.0,-2.1910903453826904,0.0,0.0
26.0,51.0,0.004321751184761524,1.0,-0.9513183832168579,boy,mixedsch,-0.6548753380775452,low,vb2,0.0,0.0,0.0,0.0,0.0
26.0,52.0,-0.4198014438152313,1.0,-0.042152419686317444,girl,mixedsch,-0.6548753380775452,low,vb3,0.0,0.0,-0.042152419686317444,0.0,0.0
26.0,53.0,0.4781937301158905,1.0,1.528225302696228,boy,mixedsch,-0.6548753380775452,low,vb2,0.0,0.0,0.0,0.0,0.0
26.0,54.0,-0.4198014438152313,1.0,-0.9513183832168579,boy,mixedsch,-0.6548753380775452,low,vb2,0.0,0.0,0.0,0.0,0.0
26.0,55.0,0.7472277283668518,1.0,-0.2074553370475769,boy,mixedsch,-0.6548753380775452,low,vb1,0.0,0.0,0.0,0.0,0.0
26.0,56.0,0.1941491812467575,1.0,-0.12480387836694717,girl,mixedsch,-0.6548753380775452,low,vb1,0.0,0.0,-0.12480387836694717,0.0,0.0
26.0,57.0,-1.9620754718780518,1.0,-2.439044713973999,girl,mixedsch,-0.6548753380775452,low,vb3,0.0,0.0,-2.439044713973999,0.0,0.0
26.0,58.0,-0.5551124811172485,1.0,-0.29010680317878723,boy,mixedsch,-0.6548753380775452,low,vb2,0.0,0.0,0.0,0.0,0.0
26.0,59.0,0.4781937301158905,1.0,-0.12480387836694717,girl,mixedsch,-0.6548753380775452,low,vb2,0.0,0.0,-0.12480387836694717,0.0,0.0
26.0,60.0,-0.33884158730506897,1.0,-0.9513183832168579,girl,mixedsch,-0.6548753380775452,low,vb2,0.0,0.0,-0.9513183832168579,0.0,0.0
26.0,61.0,0.4026685655117035,1.0,0.7017107009887695,girl,mixedsch,-0.6548753380775452,low,vb1,0.0,0.0,0.7017107009887695,0.0,0.0
26.0,62.0,-1.5266530513763428,1.0,-0.7033640742301941,girl,mixedsch,-0.6548753380775452,low,vb2,0.0,0.0,-0.7033640742301941,0.0,0.0
26.0,63.0,1.5792195796966553,1.0,0.9496650099754333,girl,mixedsch,-0.6548753380775452,low,vb1,0.0,0.0,0.9496650099754333,0.0,0.0
26.0,64.0,-0.4927808344364166,1.0,-1.6951816082000732,boy,mixedsch,-0.6548753380775452,low,vb3,0.0,0.0,0.0,0.0,0.0
26.0,65.0,-1.029066801071167,1.0,-1.6125301122665405,boy,mixedsch,-0.6548753380775452,low,vb3,0.0,0.0,0.0,0.0,0.0
26.0,66.0,0.4026685655117035,1.0,-0.12480387836694717,boy,mixedsch,-0.6548753380775452,low,vb1,0.0,0.0,0.0,0.0,0.0
26.0,67.0,0.678758978843689,1.0,-0.2074553370475769,girl,mixedsch,-0.6548753380775452,low,vb1,0.0,0.0,-0.2074553370475769,0.0,0.0
26.0,68.0,-2.752659797668457,1.0,-0.9513183832168579,boy,mixedsch,-0.6548753380775452,low,vb3,0.0,0.0,0.0,0.0,0.0
26.0,69.0,-0.776108980178833,1.0,-0.6207126379013062,boy,mixedsch,-0.6548753380775452,low,vb2,0.0,0.0,0.0,0.0,0.0
26.0,70.0,-1.3353148698806763,1.0,-1.8604844808578491,boy,mixedsch,-0.6548753380775452,low,vb2,0.0,0.0,0.0,0.0,0.0
26.0,71.0,-2.1086435317993164,1.0,-2.769650459289551,boy,mixedsch,-0.6548753380775452,low,vb3,0.0,0.0,0.0,0.0,0.0
26.0,72.0,-0.19761060178279877,1.0,-0.12480387836694717,boy,mixedsch,-0.6548753380775452,low,vb2,0.0,0.0,0.0,0.0,0.0
26.0,73.0,-0.776108980178833,1.0,-0.7033640742301941,boy,mixedsch,-0.6548753380775452,low,vb2,0.0,0.0,0.0,0.0,0.0
26.0,74.0,-0.776108980178833,1.0,-0.9513183832168579,girl,mixedsch,-0.6548753380775452,low,vb2,0.0,0.0,-0.9513183832168579,0.0,0.0
26.0,75.0,-1.438662052154541,1.0,-1.6951816082000732,boy,mixedsch,-0.6548753380775452,low,vb2,0.0,0.0,0.0,0.0,0.0
28.0,1.0,-1.029066801071167,1.0,0.3711048662662506,boy,mixedsch,-0.353907972574234,low,vb2,0.0,0.0,0.0,0.0,0.0
28.0,2.0,-0.9393776655197144,1.0,0.8670135736465454,girl,mixedsch,-0.353907972574234,low,vb1,0.0,0.0,0.8670135736465454,0.0,0.0
28.0,3.0,0.1941491812467575,1.0,-0.7033640742301941,boy,mixedsch,-0.353907972574234,low,vb2,0.0,0.0,0.0,0.0,0.0
28.0,4.0,-0.8526700735092163,1.0,-0.12480387836694717,girl,mixedsch,-0.353907972574234,low,vb2,0.0,0.0,-0.12480387836694717,0.0,0.0
28.0,5.0,-0.4198014438152313,1.0,0.12315050512552261,boy,mixedsch,-0.353907972574234,low,vb2,0.0,0.0,0.0,0.0,0.0
28.0,6.0,-1.029066801071167,1.0,-1.6125301122665405,girl,mixedsch,-0.353907972574234,low,vb3,0.0,0.0,-1.6125301122665405,0.0,0.0
28.0,7.0,-0.6230506896972656,1.0,-0.12480387836694717,girl,mixedsch,-0.353907972574234,low,vb2,0.0,0.0,-0.12480387836694717,0.0,0.0
28.0,8.0,0.004321751184761524,1.0,0.7843621969223022,boy,mixedsch,-0.353907972574234,low,vb2,0.0,0.0,0.0,0.0,0.0
28.0,9.0,-1.8366867303848267,1.0,-2.025787353515625,boy,mixedsch,-0.353907972574234,low,vb3,0.0,0.0,0.0,0.0,0.0
28.0,10.0,-1.2194855213165283,1.0,-0.4554097056388855,boy,mixedsch,-0.353907972574234,low,vb2,0.0,0.0,0.0,0.0,0.0
28.0,11.0,-0.4198014438152313,1.0,1.6108767986297607,girl,mixedsch,-0.353907972574234,low,vb1,0.0,0.0,1.6108767986297607,0.0,0.0
28.0,12.0,-1.3353148698806763,1.0,-0.6207126379013062,boy,mixedsch,-0.353907972574234,low,vb2,0.0,0.0,0.0,0.0,0.0
28.0,13.0,-0.6230506896972656,1.0,-0.12480387836694717,boy,mixedsch,-0.353907972574234,low,vb2,0.0,0.0,0.0,0.0,0.0
28.0,14.0,-0.776108980178833,1.0,-0.8686670064926147,boy,mixedsch,-0.353907972574234,low,vb2,0.0,0.0,0.0,0.0,0.0
28.0,15.0,-1.438662052154541,1.0,-0.8686670064926147,boy,mixedsch,-0.353907972574234,low,vb2,0.0,0.0,0.0,0.0,0.0
28.0,16.0,-1.1186243295669556,1.0,0.20580196380615234,boy,mixedsch,-0.353907972574234,low,vb1,0.0,0.0,0.0,0.0,0.0
28.0,17.0,-1.1186243295669556,1.0,0.3711048662662506,girl,mixedsch,-0.353907972574234,low,vb2,0.0,0.0,0.3711048662662506,0.0,0.0
28.0,18.0,-0.5551124811172485,1.0,-0.29010680317878723,boy,mixedsch,-0.353907972574234,low,vb2,0.0,0.0,0.0,0.0,0.0
28.0,19.0,-1.3353148698806763,1.0,0.28845342993736267,boy,mixedsch,-0.353907972574234,low,vb2,0.0,0.0,0.0,0.0,0.0
28.0,20.0,-0.06208816543221474,1.0,-0.2074553370475769,girl,mixedsch,-0.353907972574234,low,vb3,0.0,0.0,-0.2074553370475769,0.0,0.0
28.0,21.0,0.07353636622428894,1.0,0.7843621969223022,girl,mixedsch,-0.353907972574234,low,vb1,0.0,0.0,0.7843621969223022,0.0,0.0
28.0,22.0,-0.4198014438152313,1.0,0.12315050512552261,boy,mixedsch,-0.353907972574234,low,vb3,0.0,0.0,0.0,0.0,0.0
28.0,23.0,-1.5266530513763428,1.0,-1.1166213750839233,boy,mixedsch,-0.353907972574234,low,vb3,0.0,0.0,0.0,0.0,0.0
28.0,24.0,-1.5266530513763428,1.0,-0.8686670064926147,boy,mixedsch,-0.353907972574234,low,vb3,0.0,0.0,0.0,0.0,0.0
28.0,25.0,-1.9620754718780518,1.0,0.12315050512552261,boy,mixedsch,-0.353907972574234,low,vb2,0.0,0.0,0.0,0.0,0.0
28.0,26.0,-1.3353148698806763,1.0,-0.29010680317878723,girl,mixedsch,-0.353907972574234,low,vb1,0.0,0.0,-0.29010680317878723,0.0,0.0
28.0,27.0,0.07353636622428894,1.0,0.45375630259513855,girl,mixedsch,-0.353907972574234,low,vb1,0.0,0.0,0.45375630259513855,0.0,0.0
28.0,28.0,-0.33884158730506897,1.0,-1.364575743675232,boy,mixedsch,-0.353907972574234,low,vb2,0.0,0.0,0.0,0.0,0.0
28.0,29.0,-1.3353148698806763,1.0,-1.364575743675232,girl,mixedsch,-0.353907972574234,low,vb3,0.0,0.0,-1.364575743675232,0.0,0.0
28.0,30.0,-0.26515936851501465,1.0,0.7843621969223022,girl,mixedsch,-0.353907972574234,low,vb2,0.0,0.0,0.7843621969223022,0.0,0.0
28.0,31.0,-1.5266530513763428,1.0,0.5364077687263489,girl,mixedsch,-0.353907972574234,low,vb1,0.0,0.0,0.5364077687263489,0.0,0.0
28.0,32.0,-1.6237297058105469,1.0,0.3711048662662506,boy,mixedsch,-0.353907972574234,low,vb2,0.0,0.0,0.0,0.0,0.0
28.0,33.0,-1.1186243295669556,1.0,-1.199272871017456,girl,mixedsch,-0.353907972574234,low,vb3,0.0,0.0,-1.199272871017456,0.0,0.0
28.0,34.0,-0.33884158730506897,1.0,0.6190592646598816,boy,mixedsch,-0.353907972574234,low,vb2,0.0,0.0,0.0,0.0,0.0
28.0,35.0,-1.2194855213165283,1.0,-1.1166213750839233,boy,mixedsch,-0.353907972574234,low,vb3,0.0,0.0,0.0,0.0,0.0
28.0,36.0,-1.3353148698806763,1.0,-0.8686670064926147,boy,mixedsch,-0.353907972574234,low,vb3,0.0,0.0,0.0,0.0,0.0
28.0,37.0,-1.6237297058105469,1.0,-1.6951816082000732,boy,mixedsch,-0.353907972574234,low,vb3,0.0,0.0,0.0,0.0,0.0
28.0,38.0,-1.3353148698806763,1.0,0.3711048662662506,boy,mixedsch,-0.353907972574234,low,vb2,0.0,0.0,0.0,0.0,0.0
28.0,39.0,-0.8526700735092163,1.0,-0.2074553370475769,girl,mixedsch,-0.353907972574234,low,vb1,0.0,0.0,-0.2074553370475769,0.0,0.0
28.0,40.0,-0.26515936851501465,1.0,0.28845342993736267,girl,mixedsch,-0.353907972574234,low,vb2,0.0,0.0,0.28845342993736267,0.0,0.0
28.0,41.0,-0.4198014438152313,1.0,-0.4554097056388855,girl,mixedsch,-0.353907972574234,low,vb2,0.0,0.0,-0.4554097056388855,0.0,0.0
28.0,42.0,-0.776108980178833,1.0,-0.7033640742301941,girl,mixedsch,-0.353907972574234,low,vb2,0.0,0.0,-0.7033640742301941,0.0,0.0
28.0,43.0,-1.5266530513763428,1.0,-2.1910903453826904,girl,mixedsch,-0.353907972574234,low,vb3,0.0,0.0,-2.1910903453826904,0.0,0.0
28.0,44.0,0.004321751184761524,1.0,-0.042152419686317444,girl,mixedsch,-0.353907972574234,low,vb2,0.0,0.0,-0.042152419686317444,0.0,0.0
28.0,45.0,-0.12908467650413513,1.0,1.2802709341049194,girl,mixedsch,-0.353907972574234,low,vb1,0.0,0.0,1.2802709341049194,0.0,0.0
28.0,46.0,-2.5101213455200195,1.0,-2.934953451156616,boy,mixedsch,-0.353907972574234,low,vb3,0.0,0.0,0.0,0.0,0.0
28.0,47.0,-0.5551124811172485,1.0,0.3711048662662506,girl,mixedsch,-0.353907972574234,low,vb2,0.0,0.0,0.3711048662662506,0.0,0.0
28.0,48.0,-0.6230506896972656,1.0,-1.5298787355422974,boy,mixedsch,-0.353907972574234,low,vb3,0.0,0.0,0.0,0.0,0.0
28.0,49.0,0.4781937301158905,1.0,-1.6125301122665405,boy,mixedsch,-0.353907972574234,low,vb3,0.0,0.0,0.0,0.0,0.0
28.0,50.0,-0.9393776655197144,1.0,-0.37275826930999756,girl,mixedsch,-0.353907972574234,low,vb2,0.0,0.0,-0.37275826930999756,0.0,0.0
28.0,51.0,-1.2194855213165283,1.0,0.040499038994312286,girl,mixedsch,-0.353907972574234,low,vb2,0.0,0.0,0.040499038994312286,0.0,0.0
28.0,52.0,-1.029066801071167,1.0,0.28845342993736267,girl,mixedsch,-0.353907972574234,low,vb2,0.0,0.0,0.28845342993736267,0.0,0.0
28.0,53.0,0.07353636622428894,1.0,-0.6207126379013062,boy,mixedsch,-0.353907972574234,low,vb2,0.0,0.0,0.0,0.0,0.0
28.0,54.0,-1.029066801071167,1.0,-0.7033640742301941,boy,mixedsch,-0.353907972574234,low,vb2,0.0,0.0,0.0,0.0,0.0
28.0,55.0,-1.6237297058105469,1.0,-0.8686670064926147,boy,mixedsch,-0.353907972574234,low,vb2,0.0,0.0,0.0,0.0,0.0
28.0,56.0,-0.5551124811172485,1.0,-0.29010680317878723,girl,mixedsch,-0.353907972574234,low,vb2,0.0,0.0,-0.29010680317878723,0.0,0.0
28.0,57.0,-1.029066801071167,1.0,-0.7860155701637268,boy,mixedsch,-0.353907972574234,low,vb2,0.0,0.0,0.0,0.0,0.0
32.0,1.0,-0.9393776655197144,1.0,-1.6951816082000732,girl,mixedsch,-0.6502310633659363,low,vb3,0.0,0.0,-1.6951816082000732,0.0,0.0
32.0,2.0,-0.33884158730506897,1.0,-1.8604844808578491,girl,mixedsch,-0.6502310633659363,low,vb3,0.0,0.0,-1.8604844808578491,0.0,0.0
32.0,3.0,-0.5551124811172485,1.0,-0.2074553370475769,boy,mixedsch,-0.6502310633659363,low,vb2,0.0,0.0,0.0,0.0,0.0
32.0,4.0,-0.8526700735092163,1.0,-0.7033640742301941,boy,mixedsch,-0.6502310633659363,low,vb2,0.0,0.0,0.0,0.0,0.0
32.0,5.0,0.1941491812467575,1.0,1.1149680614471436,girl,mixedsch,-0.6502310633659363,low,vb2,0.0,0.0,1.1149680614471436,0.0,0.0
32.0,6.0,-1.438662052154541,1.0,-2.6043477058410645,boy,mixedsch,-0.6502310633659363,low,vb3,0.0,0.0,0.0,0.0,0.0
32.0,7.0,-1.1186243295669556,1.0,-2.934953451156616,boy,mixedsch,-0.6502310633659363,low,vb3,0.0,0.0,0.0,0.0,0.0
32.0,8.0,0.004321751184761524,1.0,0.5364077687263489,boy,mixedsch,-0.6502310633659363,low,vb2,0.0,0.0,0.0,0.0,0.0
32.0,9.0,-0.4198014438152313,1.0,-0.2074553370475769,boy,mixedsch,-0.6502310633659363,low,vb2,0.0,0.0,0.0,0.0,0.0
32.0,10.0,1.0396080017089844,1.0,1.0323165655136108,boy,mixedsch,-0.6502310633659363,low,vb2,0.0,0.0,0.0,0.0,0.0
32.0,11.0,1.0396080017089844,1.0,0.45375630259513855,girl,mixedsch,-0.6502310633659363,low,vb2,0.0,0.0,0.45375630259513855,0.0,0.0
32.0,12.0,0.4026685655117035,1.0,0.3711048662662506,boy,mixedsch,-0.6502310633659363,low,vb2,0.0,0.0,0.0,0.0,0.0
32.0,13.0,-0.26515936851501465,1.0,-1.2819242477416992,boy,mixedsch,-0.6502310633659363,low,vb2,0.0,0.0,0.0,0.0,0.0
32.0,14.0,-1.6237297058105469,1.0,-1.777833104133606,boy,mixedsch,-0.6502310633659363,low,vb3,0.0,0.0,0.0,0.0,0.0
32.0,15.0,-1.438662052154541,1.0,-1.777833104133606,boy,mixedsch,-0.6502310633659363,low,vb3,0.0,0.0,0.0,0.0,0.0
32.0,16.0,1.2405332326889038,1.0,0.5364077687263489,boy,mixedsch,-0.6502310633659363,low,vb1,0.0,0.0,0.0,0.0,0.0
32.0,17.0,0.13406679034233093,1.0,-1.1166213750839233,boy,mixedsch,-0.6502310633659363,low,vb3,0.0,0.0,0.0,0.0,0.0
32.0,18.0,-3.0595431327819824,1.0,-2.6043477058410645,boy,mixedsch,-0.6502310633659363,low,vb3,0.0,0.0,0.0,0.0,0.0
32.0,19.0,0.5443409085273743,1.0,-0.6207126379013062,girl,mixedsch,-0.6502310633659363,low,vb2,0.0,0.0,-0.6207126379013062,0.0,0.0
32.0,20.0,0.328072190284729,1.0,-0.5380612015724182,boy,mixedsch,-0.6502310633659363,low,vb2,0.0,0.0,0.0,0.0,0.0
32.0,21.0,-1.8366867303848267,1.0,-0.5380612015724182,boy,mixedsch,-0.6502310633659363,low,vb2,0.0,0.0,0.0,0.0,0.0
32.0,22.0,1.506184697151184,1.0,1.693528175354004,girl,mixedsch,-0.6502310633659363,low,vb1,0.0,0.0,1.693528175354004,0.0,0.0
32.0,23.0,-0.33884158730506897,1.0,-0.9513183832168579,boy,mixedsch,-0.6502310633659363,low,vb2,0.0,0.0,0.0,0.0,0.0
32.0,24.0,-1.8366867303848267,1.0,-1.6951816082000732,boy,mixedsch,-0.6502310633659363,low,vb3,0.0,0.0,0.0,0.0,0.0
32.0,25.0,-1.029066801071167,1.0,0.040499038994312286,girl,mixedsch,-0.6502310633659363,low,vb2,0.0,0.0,0.040499038994312286,0.0,0.0
32.0,26.0,-0.12908467650413513,1.0,0.20580196380615234,girl,mixedsch,-0.6502310633659363,low,vb2,0.0,0.0,0.20580196380615234,0.0,0.0
32.0,27.0,-1.9620754718780518,1.0,-0.5380612015724182,boy,mixedsch,-0.6502310633659363,low,vb3,0.0,0.0,0.0,0.0,0.0
32.0,28.0,0.1941491812467575,1.0,0.45375630259513855,boy,mixedsch,-0.6502310633659363,low,vb2,0.0,0.0,0.0,0.0,0.0
32.0,29.0,0.678758978843689,1.0,-0.12480387836694717,girl,mixedsch,-0.6502310633659363,low,vb2,0.0,0.0,-0.12480387836694717,0.0,0.0
32.0,30.0,-0.6230506896972656,1.0,-1.364575743675232,boy,mixedsch,-0.6502310633659363,low,vb3,0.0,0.0,0.0,0.0,0.0
32.0,31.0,-0.33884158730506897,1.0,0.040499038994312286,girl,mixedsch,-0.6502310633659363,low,vb2,0.0,0.0,0.040499038994312286,0.0,0.0
32.0,32.0,0.2613244652748108,1.0,0.5364077687263489,boy,mixedsch,-0.6502310633659363,low,vb2,0.0,0.0,0.0,0.0,0.0
32.0,33.0,-0.6230506896972656,1.0,-0.12480387836694717,girl,mixedsch,-0.6502310633659363,low,vb3,0.0,0.0,-0.12480387836694717,0.0,0.0
32.0,34.0,0.004321751184761524,1.0,-1.0339698791503906,boy,mixedsch,-0.6502310633659363,low,vb3,0.0,0.0,0.0,0.0,0.0
32.0,35.0,-0.26515936851501465,1.0,-1.5298787355422974,boy,mixedsch,-0.6502310633659363,low,vb3,0.0,0.0,0.0,0.0,0.0
32.0,36.0,-0.9393776655197144,1.0,-1.8604844808578491,boy,mixedsch,-0.6502310633659363,low,vb3,0.0,0.0,0.0,0.0,0.0
32.0,37.0,-0.12908467650413513,1.0,-1.199272871017456,boy,mixedsch,-0.6502310633659363,low,vb2,0.0,0.0,0.0,0.0,0.0
32.0,38.0,0.9675859808921814,1.0,1.0323165655136108,girl,mixedsch,-0.6502310633659363,low,vb1,0.0,0.0,1.0323165655136108,0.0,0.0
32.0,39.0,0.7472277283668518,1.0,-0.5380612015724182,girl,mixedsch,-0.6502310633659363,low,vb2,0.0,0.0,-0.5380612015724182,0.0,0.0
32.0,40.0,-1.6237297058105469,1.0,-1.6125301122665405,girl,mixedsch,-0.6502310633659363,low,vb2,0.0,0.0,-1.6125301122665405,0.0,0.0
32.0,41.0,0.678758978843689,1.0,-0.042152419686317444,boy,mixedsch,-0.6502310633659363,low,vb2,0.0,0.0,0.0,0.0,0.0
32.0,42.0,-1.8366867303848267,1.0,-2.2737417221069336,girl,mixedsch,-0.6502310633659363,low,vb3,0.0,0.0,-2.2737417221069336,0.0,0.0
33.0,1.0,0.13406679034233093,1.0,0.9496650099754333,boy,mixedsch,0.07592111080884933,mid,vb2,0.0,0.0,0.0,0.0,0.0
33.0,2.0,0.5443409085273743,1.0,1.1149680614471436,boy,mixedsch,0.07592111080884933,mid,vb1,0.0,0.0,0.0,0.0,0.0
33.0,3.0,0.4781937301158905,1.0,0.040499038994312286,boy,mixedsch,0.07592111080884933,mid,vb2,0.0,0.0,0.0,0.0,0.0
33.0,4.0,0.07353636622428894,1.0,0.040499038994312286,boy,mixedsch,0.07592111080884933,mid,vb1,0.0,0.0,0.0,0.0,0.0
33.0,5.0,-1.3353148698806763,1.0,-0.12480387836694717,boy,mixedsch,0.07592111080884933,mid,vb2,0.0,0.0,0.0,0.0,0.0
33.0,6.0,-1.3353148698806763,1.0,-1.6125301122665405,boy,mixedsch,0.07592111080884933,mid,vb3,0.0,0.0,0.0,0.0,0.0
33.0,7.0,-0.5551124811172485,1.0,-1.2819242477416992,boy,mixedsch,0.07592111080884933,mid,vb2,0.0,0.0,0.0,0.0,0.0
33.0,8.0,-0.33884158730506897,1.0,-0.9513183832168579,boy,mixedsch,0.07592111080884933,mid,vb3,0.0,0.0,0.0,0.0,0.0
33.0,9.0,0.004321751184761524,1.0,0.040499038994312286,girl,mixedsch,0.07592111080884933,mid,vb3,0.0,0.0,0.040499038994312286,0.0,0.0
33.0,10.0,0.7472277283668518,1.0,1.3629224300384521,boy,mixedsch,0.07592111080884933,mid,vb1,0.0,0.0,0.0,0.0,0.0
33.0,11.0,0.2613244652748108,1.0,-1.199272871017456,girl,mixedsch,0.07592111080884933,mid,vb2,0.0,0.0,-1.199272871017456,0.0,0.0
33.0,12.0,0.8965656757354736,1.0,0.5364077687263489,boy,mixedsch,0.07592111080884933,mid,vb1,0.0,0.0,0.0,0.0,0.0
33.0,13.0,0.328072190284729,1.0,0.20580196380615234,boy,mixedsch,0.07592111080884933,mid,vb1,0.0,0.0,0.0,0.0,0.0
33.0,14.0,-0.8526700735092163,1.0,-0.4554097056388855,girl,mixedsch,0.07592111080884933,mid,vb2,0.0,0.0,-0.4554097056388855,0.0,0.0
33.0,15.0,-0.776108980178833,1.0,-0.29010680317878723,boy,mixedsch,0.07592111080884933,mid,vb2,0.0,0.0,0.0,0.0,0.0
33.0,16.0,0.004321751184761524,1.0,-0.5380612015724182,boy,mixedsch,0.07592111080884933,mid,vb2,0.0,0.0,0.0,0.0,0.0
33.0,17.0,0.4026685655117035,1.0,1.1976194381713867,boy,mixedsch,0.07592111080884933,mid,vb2,0.0,0.0,0.0,0.0,0.0
33.0,18.0,0.7472277283668518,1.0,1.3629224300384521,boy,mixedsch,0.07592111080884933,mid,vb2,0.0,0.0,0.0,0.0,0.0
33.0,19.0,0.07353636622428894,1.0,0.6190592646598816,girl,mixedsch,0.07592111080884933,mid,vb1,0.0,0.0,0.6190592646598816,0.0,0.0
33.0,20.0,-0.33884158730506897,1.0,-0.29010680317878723,girl,mixedsch,0.07592111080884933,mid,vb3,0.0,0.0,-0.29010680317878723,0.0,0.0
33.0,21.0,0.8965656757354736,1.0,1.1976194381713867,boy,mixedsch,0.07592111080884933,mid,vb2,0.0,0.0,0.0,0.0,0.0
33.0,22.0,1.0396080017089844,1.0,2.106785535812378,girl,mixedsch,0.07592111080884933,mid,vb1,0.0,0.0,2.106785535812378,0.0,0.0
33.0,23.0,-0.26515936851501465,1.0,0.7843621969223022,boy,mixedsch,0.07592111080884933,mid,vb2,0.0,0.0,0.0,0.0,0.0
33.0,24.0,1.0396080017089844,1.0,-0.042152419686317444,girl,mixedsch,0.07592111080884933,mid,vb2,0.0,0.0,-0.042152419686317444,0.0,0.0
33.0,25.0,0.678758978843689,1.0,0.040499038994312286,girl,mixedsch,0.07592111080884933,mid,vb2,0.0,0.0,0.040499038994312286,0.0,0.0
33.0,26.0,-0.06208816543221474,1.0,-0.12480387836694717,girl,mixedsch,0.07592111080884933,mid,vb2,0.0,0.0,-0.12480387836694717,0.0,0.0
33.0,27.0,-0.5551124811172485,1.0,-0.12480387836694717,boy,mixedsch,0.07592111080884933,mid,vb2,0.0,0.0,0.0,0.0,0.0
33.0,28.0,-0.33884158730506897,1.0,-0.6207126379013062,girl,mixedsch,0.07592111080884933,mid,vb3,0.0,0.0,-0.6207126379013062,0.0,0.0
33.0,29.0,0.4026685655117035,1.0,0.5364077687263489,girl,mixedsch,0.07592111080884933,mid,vb1,0.0,0.0,0.5364077687263489,0.0,0.0
33.0,30.0,-0.19761060178279877,1.0,-0.4554097056388855,boy,mixedsch,0.07592111080884933,mid,vb3,0.0,0.0,0.0,0.0,0.0
33.0,31.0,0.13406679034233093,1.0,0.7843621969223022,girl,mixedsch,0.07592111080884933,mid,vb1,0.0,0.0,0.7843621969223022,0.0,0.0
33.0,32.0,-0.4198014438152313,1.0,0.040499038994312286,girl,mixedsch,0.07592111080884933,mid,vb2,0.0,0.0,0.040499038994312286,0.0,0.0
33.0,33.0,-1.3353148698806763,1.0,-1.8604844808578491,girl,mixedsch,0.07592111080884933,mid,vb3,0.0,0.0,-1.8604844808578491,0.0,0.0
33.0,34.0,-0.33884158730506897,1.0,-1.1166213750839233,girl,mixedsch,0.07592111080884933,mid,vb3,0.0,0.0,-1.1166213750839233,0.0,0.0
33.0,35.0,0.6107285618782043,1.0,0.28845342993736267,girl,mixedsch,0.07592111080884933,mid,vb1,0.0,0.0,0.28845342993736267,0.0,0.0
33.0,36.0,0.4026685655117035,1.0,0.3711048662662506,boy,mixedsch,0.07592111080884933,mid,vb2,0.0,0.0,0.0,0.0,0.0
33.0,37.0,-0.6995050311088562,1.0,-0.4554097056388855,boy,mixedsch,0.07592111080884933,mid,vb1,0.0,0.0,0.0,0.0,0.0
33.0,38.0,-0.19761060178279877,1.0,0.040499038994312286,girl,mixedsch,0.07592111080884933,mid,vb2,0.0,0.0,0.040499038994312286,0.0,0.0
33.0,39.0,-1.3353148698806763,1.0,-0.2074553370475769,boy,mixedsch,0.07592111080884933,mid,vb2,0.0,0.0,0.0,0.0,0.0
33.0,40.0,-1.1186243295669556,1.0,-0.29010680317878723,girl,mixedsch,0.07592111080884933,mid,vb3,0.0,0.0,-0.29010680317878723,0.0,0.0
33.0,41.0,0.4026685655117035,1.0,0.9496650099754333,girl,mixedsch,0.07592111080884933,mid,vb1,0.0,0.0,0.9496650099754333,0.0,0.0
33.0,42.0,1.9003351926803589,1.0,0.28845342993736267,boy,mixedsch,0.07592111080884933,mid,vb1,0.0,0.0,0.0,0.0,0.0
33.0,43.0,-1.438662052154541,1.0,-2.852302074432373,boy,mixedsch,0.07592111080884933,mid,vb3,0.0,0.0,0.0,0.0,0.0
33.0,44.0,1.1094379425048828,1.0,0.040499038994312286,boy,mixedsch,0.07592111080884933,mid,vb1,0.0,0.0,0.0,0.0,0.0
33.0,45.0,-0.06208816543221474,1.0,1.6108767986297607,boy,mixedsch,0.07592111080884933,mid,vb1,0.0,0.0,0.0,0.0,0.0
33.0,46.0,0.678758978843689,1.0,2.3547399044036865,boy,mixedsch,0.07592111080884933,mid,vb1,0.0,0.0,0.0,0.0,0.0
33.0,47.0,-0.6995050311088562,1.0,-0.2074553370475769,boy,mixedsch,0.07592111080884933,mid,vb3,0.0,0.0,0.0,0.0,0.0
33.0,48.0,0.07353636622428894,1.0,0.3711048662662506,girl,mixedsch,0.07592111080884933,mid,vb1,0.0,0.0,0.3711048662662506,0.0,0.0
33.0,49.0,0.7472277283668518,1.0,0.20580196380615234,girl,mixedsch,0.07592111080884933,mid,vb1,0.0,0.0,0.20580196380615234,0.0,0.0
33.0,50.0,-0.9393776655197144,1.0,-0.042152419686317444,boy,mixedsch,0.07592111080884933,mid,vb2,0.0,0.0,0.0,0.0,0.0
33.0,51.0,0.328072190284729,1.0,-0.4554097056388855,boy,mixedsch,0.07592111080884933,mid,vb2,0.0,0.0,0.0,0.0,0.0
33.0,52.0,0.4026685655117035,1.0,0.12315050512552261,boy,mixedsch,0.07592111080884933,mid,vb2,0.0,0.0,0.0,0.0,0.0
33.0,53.0,-0.26515936851501465,1.0,-0.5380612015724182,boy,mixedsch,0.07592111080884933,mid,vb2,0.0,0.0,0.0,0.0,0.0
33.0,54.0,1.4395315647125244,1.0,0.20580196380615234,girl,mixedsch,0.07592111080884933,mid,vb2,0.0,0.0,0.20580196380615234,0.0,0.0
33.0,55.0,1.0396080017089844,1.0,0.20580196380615234,girl,mixedsch,0.07592111080884933,mid,vb2,0.0,0.0,0.20580196380615234,0.0,0.0
33.0,56.0,0.678758978843689,1.0,0.3711048662662506,girl,mixedsch,0.07592111080884933,mid,vb1,0.0,0.0,0.3711048662662506,0.0,0.0
33.0,57.0,1.3747409582138062,1.0,1.1976194381713867,boy,mixedsch,0.07592111080884933,mid,vb2,0.0,0.0,0.0,0.0,0.0
33.0,58.0,1.4395315647125244,1.0,-0.2074553370475769,boy,mixedsch,0.07592111080884933,mid,vb2,0.0,0.0,0.0,0.0,0.0
33.0,59.0,-0.33884158730506897,1.0,-0.4554097056388855,girl,mixedsch,0.07592111080884933,mid,vb2,0.0,0.0,-0.4554097056388855,0.0,0.0
33.0,60.0,0.1941491812467575,1.0,-1.1166213750839233,girl,mixedsch,0.07592111080884933,mid,vb2,0.0,0.0,-1.1166213750839233,0.0,0.0
33.0,61.0,-0.8526700735092163,1.0,-0.2074553370475769,boy,mixedsch,0.07592111080884933,mid,vb3,0.0,0.0,0.0,0.0,0.0
33.0,62.0,1.8138266801834106,1.0,0.28845342993736267,boy,mixedsch,0.07592111080884933,mid,vb1,0.0,0.0,0.0,0.0,0.0
33.0,63.0,-0.8526700735092163,1.0,-0.5380612015724182,girl,mixedsch,0.07592111080884933,mid,vb2,0.0,0.0,-0.5380612015724182,0.0,0.0
33.0,64.0,-0.06208816543221474,1.0,-0.12480387836694717,girl,mixedsch,0.07592111080884933,mid,vb2,0.0,0.0,-0.12480387836694717,0.0,0.0
33.0,65.0,0.2613244652748108,1.0,0.20580196380615234,girl,mixedsch,0.07592111080884933,mid,vb2,0.0,0.0,0.20580196380615234,0.0,0.0
33.0,66.0,-0.776108980178833,1.0,0.8670135736465454,boy,mixedsch,0.07592111080884933,mid,vb1,0.0,0.0,0.0,0.0,0.0
33.0,67.0,0.5443409085273743,1.0,0.040499038994312286,girl,mixedsch,0.07592111080884933,mid,vb1,0.0,0.0,0.040499038994312286,0.0,0.0
33.0,68.0,-0.06208816543221474,1.0,-0.29010680317878723,girl,mixedsch,0.07592111080884933,mid,vb1,0.0,0.0,-0.29010680317878723,0.0,0.0
33.0,69.0,0.004321751184761524,1.0,0.12315050512552261,boy,mixedsch,0.07592111080884933,mid,vb1,0.0,0.0,0.0,0.0,0.0
33.0,70.0,0.678758978843689,1.0,1.1149680614471436,boy,mixedsch,0.07592111080884933,mid,vb1,0.0,0.0,0.0,0.0,0.0
33.0,71.0,1.1094379425048828,1.0,0.8670135736465454,boy,mixedsch,0.07592111080884933,mid,vb2,0.0,0.0,0.0,0.0,0.0
33.0,72.0,-0.6995050311088562,1.0,0.20580196380615234,boy,mixedsch,0.07592111080884933,mid,vb2,0.0,0.0,0.0,0.0,0.0
33.0,73.0,-0.8526700735092163,1.0,-0.29010680317878723,boy,mixedsch,0.07592111080884933,mid,vb3,0.0,0.0,0.0,0.0,0.0
33.0,74.0,-0.33884158730506897,1.0,-0.2074553370475769,boy,mixedsch,0.07592111080884933,mid,vb2,0.0,0.0,0.0,0.0,0.0
33.0,75.0,0.9675859808921814,1.0,0.3711048662662506,girl,mixedsch,0.07592111080884933,mid,vb1,0.0,0.0,0.3711048662662506,0.0,0.0
33.0,76.0,-0.776108980178833,1.0,0.040499038994312286,girl,mixedsch,0.07592111080884933,mid,vb2,0.0,0.0,0.040499038994312286,0.0,0.0
33.0,77.0,0.2613244652748108,1.0,-0.29010680317878723,boy,mixedsch,0.07592111080884933,mid,vb2,0.0,0.0,0.0,0.0,0.0
34.0,1.0,0.4781937301158905,1.0,1.8588311672210693,boy,mixedsch,-0.36004260182380676,low,vb1,0.0,0.0,0.0,0.0,0.0
34.0,2.0,0.07353636622428894,1.0,-0.5380612015724182,boy,mixedsch,-0.36004260182380676,low,vb2,0.0,0.0,0.0,0.0,0.0
34.0,3.0,-0.33884158730506897,1.0,0.28845342993736267,boy,mixedsch,-0.36004260182380676,low,vb3,0.0,0.0,0.0,0.0,0.0
34.0,4.0,-2.752659797668457,1.0,-1.8604844808578491,girl,mixedsch,-0.36004260182380676,low,vb2,0.0,0.0,-1.8604844808578491,0.0,0.0
34.0,5.0,-2.2917308807373047,1.0,-2.6043477058410645,boy,mixedsch,-0.36004260182380676,low,vb3,0.0,0.0,0.0,0.0,0.0
34.0,6.0,0.6107285618782043,1.0,0.12315050512552261,boy,mixedsch,-0.36004260182380676,low,vb2,0.0,0.0,0.0,0.0,0.0
34.0,7.0,-1.8366867303848267,1.0,-1.2819242477416992,girl,mixedsch,-0.36004260182380676,low,vb3,0.0,0.0,-1.2819242477416992,0.0,0.0
34.0,8.0,1.4395315647125244,1.0,0.12315050512552261,girl,mixedsch,-0.36004260182380676,low,vb2,0.0,0.0,0.12315050512552261,0.0,0.0
34.0,9.0,-0.6230506896972656,1.0,0.8670135736465454,boy,mixedsch,-0.36004260182380676,low,vb2,0.0,0.0,0.0,0.0,0.0
34.0,10.0,0.9675859808921814,1.0,-0.2074553370475769,girl,mixedsch,-0.36004260182380676,low,vb2,0.0,0.0,-0.2074553370475769,0.0,0.0
34.0,11.0,-3.0595431327819824,1.0,-0.8686670064926147,boy,mixedsch,-0.36004260182380676,low,vb3,0.0,0.0,0.0,0.0,0.0
34.0,12.0,0.1941491812467575,1.0,0.45375630259513855,boy,mixedsch,-0.36004260182380676,low,vb1,0.0,0.0,0.0,0.0,0.0
34.0,13.0,-1.438662052154541,1.0,-1.199272871017456,boy,mixedsch,-0.36004260182380676,low,vb3,0.0,0.0,0.0,0.0,0.0
34.0,14.0,-1.6237297058105469,1.0,-2.2737417221069336,girl,mixedsch,-0.36004260182380676,low,vb3,0.0,0.0,-2.2737417221069336,0.0,0.0
34.0,15.0,1.2405332326889038,1.0,0.9496650099754333,boy,mixedsch,-0.36004260182380676,low,vb1,0.0,0.0,0.0,0.0,0.0
34.0,16.0,1.3747409582138062,1.0,0.8670135736465454,boy,mixedsch,-0.36004260182380676,low,vb1,0.0,0.0,0.0,0.0,0.0
34.0,17.0,1.4395315647125244,1.0,1.3629224300384521,boy,mixedsch,-0.36004260182380676,low,vb1,0.0,0.0,0.0,0.0,0.0
34.0,18.0,-1.6237297058105469,1.0,-2.852302074432373,boy,mixedsch,-0.36004260182380676,low,vb3,0.0,0.0,0.0,0.0,0.0
34.0,19.0,-1.5266530513763428,1.0,-0.5380612015724182,boy,mixedsch,-0.36004260182380676,low,vb2,0.0,0.0,0.0,0.0,0.0
34.0,20.0,1.3747409582138062,1.0,2.3547399044036865,boy,mixedsch,-0.36004260182380676,low,vb1,0.0,0.0,0.0,0.0,0.0
34.0,21.0,-0.33884158730506897,1.0,-0.7860155701637268,boy,mixedsch,-0.36004260182380676,low,vb2,0.0,0.0,0.0,0.0,0.0
34.0,22.0,-1.2194855213165283,1.0,-2.2737417221069336,girl,mixedsch,-0.36004260182380676,low,vb3,0.0,0.0,-2.2737417221069336,0.0,0.0
34.0,23.0,-0.6995050311088562,1.0,0.20580196380615234,boy,mixedsch,-0.36004260182380676,low,vb2,0.0,0.0,0.0,0.0,0.0
34.0,24.0,0.4781937301158905,1.0,-1.4472272396087646,boy,mixedsch,-0.36004260182380676,low,vb2,0.0,0.0,0.0,0.0,0.0
34.0,25.0,0.4781937301158905,1.0,0.3711048662662506,girl,mixedsch,-0.36004260182380676,low,vb2,0.0,0.0,0.3711048662662506,0.0,0.0
34.0,26.0,-0.4198014438152313,1.0,-0.4554097056388855,girl,mixedsch,-0.36004260182380676,low,vb2,0.0,0.0,-0.4554097056388855,0.0,0.0
38.0,1.0,0.4026685655117035,1.0,-0.29010680317878723,boy,mixedsch,-0.21204710006713867,mid,vb2,0.0,0.0,0.0,0.0,0.0
38.0,2.0,-1.7238824367523193,1.0,-2.1910903453826904,girl,mixedsch,-0.21204710006713867,mid,vb3,0.0,0.0,-2.1910903453826904,0.0,0.0
38.0,3.0,0.9675859808921814,1.0,0.7017107009887695,girl,mixedsch,-0.21204710006713867,mid,vb1,0.0,0.0,0.7017107009887695,0.0,0.0
38.0,4.0,0.678758978843689,1.0,0.20580196380615234,boy,mixedsch,-0.21204710006713867,mid,vb2,0.0,0.0,0.0,0.0,0.0
38.0,5.0,-0.9393776655197144,1.0,-0.2074553370475769,girl,mixedsch,-0.21204710006713867,mid,vb2,0.0,0.0,-0.2074553370475769,0.0,0.0
38.0,6.0,-0.33884158730506897,1.0,-0.9513183832168579,girl,mixedsch,-0.21204710006713867,mid,vb2,0.0,0.0,-0.9513183832168579,0.0,0.0
38.0,7.0,0.678758978843689,1.0,0.8670135736465454,girl,mixedsch,-0.21204710006713867,mid,vb1,0.0,0.0,0.8670135736465454,0.0,0.0
38.0,8.0,-0.33884158730506897,1.0,-0.9513183832168579,girl,mixedsch,-0.21204710006713867,mid,vb2,0.0,0.0,-0.9513183832168579,0.0,0.0
38.0,9.0,0.8965656757354736,1.0,0.5364077687263489,girl,mixedsch,-0.21204710006713867,mid,vb1,0.0,0.0,0.5364077687263489,0.0,0.0
38.0,10.0,-0.12908467650413513,1.0,0.040499038994312286,boy,mixedsch,-0.21204710006713867,mid,vb2,0.0,0.0,0.0,0.0,0.0
38.0,11.0,0.2613244652748108,1.0,1.8588311672210693,boy,mixedsch,-0.21204710006713867,mid,vb2,0.0,0.0,0.0,0.0,0.0
38.0,12.0,-0.19761060178279877,1.0,-0.8686670064926147,boy,mixedsch,-0.21204710006713867,mid,vb2,0.0,0.0,0.0,0.0,0.0
38.0,13.0,1.506184697151184,1.0,0.5364077687263489,girl,mixedsch,-0.21204710006713867,mid,vb1,0.0,0.0,0.5364077687263489,0.0,0.0
38.0,14.0,-0.9393776655197144,1.0,-0.8686670064926147,boy,mixedsch,-0.21204710006713867,mid,vb2,0.0,0.0,0.0,0.0,0.0
38.0,15.0,-0.9393776655197144,1.0,0.3711048662662506,girl,mixedsch,-0.21204710006713867,mid,vb2,0.0,0.0,0.3711048662662506,0.0,0.0
38.0,16.0,-0.8526700735092163,1.0,-0.7033640742301941,boy,mixedsch,-0.21204710006713867,mid,vb2,0.0,0.0,0.0,0.0,0.0
38.0,17.0,0.4026685655117035,1.0,-0.4554097056388855,boy,mixedsch,-0.21204710006713867,mid,vb2,0.0,0.0,0.0,0.0,0.0
38.0,18.0,-1.3353148698806763,1.0,-0.6207126379013062,boy,mixedsch,-0.21204710006713867,mid,vb3,0.0,0.0,0.0,0.0,0.0
38.0,19.0,-0.9393776655197144,1.0,-1.0339698791503906,girl,mixedsch,-0.21204710006713867,mid,vb2,0.0,0.0,-1.0339698791503906,0.0,0.0
38.0,20.0,1.8138266801834106,1.0,2.0241341590881348,girl,mixedsch,-0.21204710006713867,mid,vb1,0.0,0.0,2.0241341590881348,0.0,0.0
38.0,21.0,0.5443409085273743,1.0,1.1976194381713867,boy,mixedsch,-0.21204710006713867,mid,vb1,0.0,0.0,0.0,0.0,0.0
38.0,22.0,-1.9620754718780518,1.0,-1.9431359767913818,girl,mixedsch,-0.21204710006713867,mid,vb3,0.0,0.0,-1.9431359767913818,0.0,0.0
38.0,23.0,1.3101423978805542,1.0,0.5364077687263489,girl,mixedsch,-0.21204710006713867,mid,vb2,0.0,0.0,0.5364077687263489,0.0,0.0
38.0,24.0,0.7472277283668518,1.0,1.3629224300384521,boy,mixedsch,-0.21204710006713867,mid,vb1,0.0,0.0,0.0,0.0,0.0
38.0,25.0,0.004321751184761524,1.0,-1.199272871017456,boy,mixedsch,-0.21204710006713867,mid,vb2,0.0,0.0,0.0,0.0,0.0
38.0,26.0,-0.8526700735092163,1.0,-1.199272871017456,boy,mixedsch,-0.21204710006713867,mid,vb2,0.0,0.0,0.0,0.0,0.0
38.0,27.0,-1.9620754718780518,1.0,-2.521696090698242,boy,mixedsch,-0.21204710006713867,mid,vb3,0.0,0.0,0.0,0.0,0.0
38.0,28.0,-0.6230506896972656,1.0,0.45375630259513855,girl,mixedsch,-0.21204710006713867,mid,vb2,0.0,0.0,0.45375630259513855,0.0,0.0
38.0,29.0,0.004321751184761524,1.0,0.3711048662662506,boy,mixedsch,-0.21204710006713867,mid,vb2,0.0,0.0,0.0,0.0,0.0
38.0,30.0,-1.1186243295669556,1.0,-0.12480387836694717,girl,mixedsch,-0.21204710006713867,mid,vb2,0.0,0.0,-0.12480387836694717,0.0,0.0
38.0,31.0,-1.3353148698806763,1.0,-1.6951816082000732,boy,mixedsch,-0.21204710006713867,mid,vb3,0.0,0.0,0.0,0.0,0.0
38.0,32.0,-1.3353148698806763,1.0,-2.025787353515625,girl,mixedsch,-0.21204710006713867,mid,vb3,0.0,0.0,-2.025787353515625,0.0,0.0
38.0,33.0,-0.06208816543221474,1.0,0.28845342993736267,boy,mixedsch,-0.21204710006713867,mid,vb2,0.0,0.0,0.0,0.0,0.0
38.0,34.0,0.2613244652748108,1.0,1.1149680614471436,boy,mixedsch,-0.21204710006713867,mid,vb2,0.0,0.0,0.0,0.0,0.0
38.0,35.0,-1.8366867303848267,1.0,-0.29010680317878723,girl,mixedsch,-0.21204710006713867,mid,vb3,0.0,0.0,-0.29010680317878723,0.0,0.0
38.0,36.0,-1.3353148698806763,1.0,-1.4472272396087646,boy,mixedsch,-0.21204710006713867,mid,vb2,0.0,0.0,0.0,0.0,0.0
38.0,37.0,1.1094379425048828,1.0,1.6108767986297607,boy,mixedsch,-0.21204710006713867,mid,vb2,0.0,0.0,0.0,0.0,0.0
38.0,38.0,-0.9393776655197144,1.0,-1.0339698791503906,boy,mixedsch,-0.21204710006713867,mid,vb2,0.0,0.0,0.0,0.0,0.0
38.0,39.0,-1.5266530513763428,1.0,0.5364077687263489,boy,mixedsch,-0.21204710006713867,mid,vb2,0.0,0.0,0.0,0.0,0.0
38.0,40.0,0.1941491812467575,1.0,0.5364077687263489,boy,mixedsch,-0.21204710006713867,mid,vb2,0.0,0.0,0.0,0.0,0.0
38.0,41.0,0.8965656757354736,1.0,0.6190592646598816,girl,mixedsch,-0.21204710006713867,mid,vb1,0.0,0.0,0.6190592646598816,0.0,0.0
38.0,42.0,-0.4198014438152313,1.0,-0.7860155701637268,girl,mixedsch,-0.21204710006713867,mid,vb2,0.0,0.0,-0.7860155701637268,0.0,0.0
38.0,43.0,0.07353636622428894,1.0,1.4455738067626953,girl,mixedsch,-0.21204710006713867,mid,vb2,0.0,0.0,1.4455738067626953,0.0,0.0
38.0,44.0,-1.2194855213165283,1.0,-0.4554097056388855,girl,mixedsch,-0.21204710006713867,mid,vb2,0.0,0.0,-0.4554097056388855,0.0,0.0
38.0,45.0,-0.4198014438152313,1.0,0.20580196380615234,boy,mixedsch,-0.21204710006713867,mid,vb2,0.0,0.0,0.0,0.0,0.0
38.0,46.0,-1.3353148698806763,1.0,-0.37275826930999756,boy,mixedsch,-0.21204710006713867,mid,vb2,0.0,0.0,0.0,0.0,0.0
38.0,47.0,-1.1186243295669556,1.0,-0.4554097056388855,boy,mixedsch,-0.21204710006713867,mid,vb3,0.0,0.0,0.0,0.0,0.0
38.0,48.0,1.2405332326889038,1.0,-0.12480387836694717,boy,mixedsch,-0.21204710006713867,mid,vb2,0.0,0.0,0.0,0.0,0.0
38.0,49.0,-0.6995050311088562,1.0,0.3711048662662506,boy,mixedsch,-0.21204710006713867,mid,vb2,0.0,0.0,0.0,0.0,0.0
38.0,50.0,0.678758978843689,1.0,0.12315050512552261,girl,mixedsch,-0.21204710006713867,mid,vb2,0.0,0.0,0.12315050512552261,0.0,0.0
38.0,51.0,0.9675859808921814,1.0,0.3711048662662506,girl,mixedsch,-0.21204710006713867,mid,vb1,0.0,0.0,0.3711048662662506,0.0,0.0
38.0,52.0,0.07353636622428894,1.0,-2.1084389686584473,boy,mixedsch,-0.21204710006713867,mid,vb3,0.0,0.0,0.0,0.0,0.0
38.0,53.0,-0.9393776655197144,1.0,-1.6125301122665405,boy,mixedsch,-0.21204710006713867,mid,vb3,0.0,0.0,0.0,0.0,0.0
38.0,54.0,-1.5266530513763428,1.0,-1.199272871017456,boy,mixedsch,-0.21204710006713867,mid,vb2,0.0,0.0,0.0,0.0,0.0
42.0,1.0,0.4026685655117035,1.0,0.28845342993736267,girl,mixedsch,-0.14617928862571716,mid,vb2,0.0,0.0,0.28845342993736267,0.0,0.0
42.0,2.0,-0.4198014438152313,1.0,-0.37275826930999756,boy,mixedsch,-0.14617928862571716,mid,vb2,0.0,0.0,0.0,0.0,0.0
42.0,3.0,0.4781937301158905,1.0,-0.042152419686317444,boy,mixedsch,-0.14617928862571716,mid,vb2,0.0,0.0,0.0,0.0,0.0
42.0,4.0,-0.06208816543221474,1.0,0.040499038994312286,boy,mixedsch,-0.14617928862571716,mid,vb2,0.0,0.0,0.0,0.0,0.0
42.0,5.0,0.1941491812467575,1.0,0.3711048662662506,girl,mixedsch,-0.14617928862571716,mid,vb1,0.0,0.0,0.3711048662662506,0.0,0.0
42.0,6.0,0.004321751184761524,1.0,-1.199272871017456,boy,mixedsch,-0.14617928862571716,mid,vb2,0.0,0.0,0.0,0.0,0.0
42.0,7.0,-0.12908467650413513,1.0,0.5364077687263489,girl,mixedsch,-0.14617928862571716,mid,vb1,0.0,0.0,0.5364077687263489,0.0,0.0
42.0,8.0,-0.4927808344364166,1.0,0.040499038994312286,boy,mixedsch,-0.14617928862571716,mid,vb2,0.0,0.0,0.0,0.0,0.0
42.0,9.0,-0.6230506896972656,1.0,-0.042152419686317444,boy,mixedsch,-0.14617928862571716,mid,vb2,0.0,0.0,0.0,0.0,0.0
42.0,10.0,-0.8526700735092163,1.0,-1.2819242477416992,boy,mixedsch,-0.14617928862571716,mid,vb2,0.0,0.0,0.0,0.0,0.0
42.0,11.0,-0.776108980178833,1.0,-1.2819242477416992,boy,mixedsch,-0.14617928862571716,mid,vb2,0.0,0.0,0.0,0.0,0.0
42.0,12.0,-0.4927808344364166,1.0,-0.4554097056388855,boy,mixedsch,-0.14617928862571716,mid,vb3,0.0,0.0,0.0,0.0,0.0
42.0,13.0,0.07353636622428894,1.0,0.8670135736465454,girl,mixedsch,-0.14617928862571716,mid,vb2,0.0,0.0,0.8670135736465454,0.0,0.0
42.0,14.0,-0.776108980178833,1.0,0.040499038994312286,girl,mixedsch,-0.14617928862571716,mid,vb2,0.0,0.0,0.040499038994312286,0.0,0.0
42.0,15.0,-0.26515936851501465,1.0,-0.37275826930999756,boy,mixedsch,-0.14617928862571716,mid,vb1,0.0,0.0,0.0,0.0,0.0
42.0,16.0,0.4026685655117035,1.0,-0.37275826930999756,boy,mixedsch,-0.14617928862571716,mid,vb2,0.0,0.0,0.0,0.0,0.0
42.0,17.0,0.004321751184761524,1.0,-0.042152419686317444,boy,mixedsch,-0.14617928862571716,mid,vb3,0.0,0.0,0.0,0.0,0.0
42.0,18.0,-0.06208816543221474,1.0,-0.12480387836694717,boy,mixedsch,-0.14617928862571716,mid,vb2,0.0,0.0,0.0,0.0,0.0
42.0,19.0,-1.3353148698806763,1.0,-0.7033640742301941,boy,mixedsch,-0.14617928862571716,mid,vb2,0.0,0.0,0.0,0.0,0.0
42.0,20.0,-0.6995050311088562,1.0,-1.0339698791503906,boy,mixedsch,-0.14617928862571716,mid,vb3,0.0,0.0,0.0,0.0,0.0
42.0,21.0,1.3747409582138062,1.0,0.6190592646598816,girl,mixedsch,-0.14617928862571716,mid,vb1,0.0,0.0,0.6190592646598816,0.0,0.0
42.0,22.0,-0.33884158730506897,1.0,-1.199272871017456,girl,mixedsch,-0.14617928862571716,mid,vb2,0.0,0.0,-1.199272871017456,0.0,0.0
42.0,23.0,0.821988046169281,1.0,0.20580196380615234,boy,mixedsch,-0.14617928862571716,mid,vb2,0.0,0.0,0.0,0.0,0.0
42.0,24.0,-0.33884158730506897,1.0,0.12315050512552261,girl,mixedsch,-0.14617928862571716,mid,vb2,0.0,0.0,0.12315050512552261,0.0,0.0
42.0,25.0,-0.6995050311088562,1.0,-2.2737417221069336,girl,mixedsch,-0.14617928862571716,mid,vb3,0.0,0.0,-2.2737417221069336,0.0,0.0
42.0,26.0,0.2613244652748108,1.0,0.5364077687263489,boy,mixedsch,-0.14617928862571716,mid,vb2,0.0,0.0,0.0,0.0,0.0
42.0,27.0,1.0396080017089844,1.0,0.3711048662662506,girl,mixedsch,-0.14617928862571716,mid,vb2,0.0,0.0,0.3711048662662506,0.0,0.0
42.0,28.0,0.9675859808921814,1.0,1.0323165655136108,girl,mixedsch,-0.14617928862571716,mid,vb1,0.0,0.0,1.0323165655136108,0.0,0.0
42.0,29.0,-1.1186243295669556,1.0,-0.4554097056388855,boy,mixedsch,-0.14617928862571716,mid,vb2,0.0,0.0,0.0,0.0,0.0
42.0,30.0,0.4781937301158905,1.0,0.5364077687263489,girl,mixedsch,-0.14617928862571716,mid,vb1,0.0,0.0,0.5364077687263489,0.0,0.0
42.0,31.0,0.9675859808921814,1.0,-1.4472272396087646,boy,mixedsch,-0.14617928862571716,mid,vb2,0.0,0.0,0.0,0.0,0.0
42.0,32.0,0.678758978843689,1.0,-0.8686670064926147,girl,mixedsch,-0.14617928862571716,mid,vb2,0.0,0.0,-0.8686670064926147,0.0,0.0
42.0,33.0,1.5792195796966553,1.0,1.6108767986297607,boy,mixedsch,-0.14617928862571716,mid,vb1,0.0,0.0,0.0,0.0,0.0
42.0,34.0,-1.2194855213165283,1.0,0.7017107009887695,boy,mixedsch,-0.14617928862571716,mid,vb2,0.0,0.0,0.0,0.0,0.0
42.0,35.0,0.2613244652748108,1.0,0.28845342993736267,girl,mixedsch,-0.14617928862571716,mid,vb2,0.0,0.0,0.28845342993736267,0.0,0.0
42.0,36.0,0.07353636622428894,1.0,0.20580196380615234,boy,mixedsch,-0.14617928862571716,mid,vb2,0.0,0.0,0.0,0.0,0.0
42.0,37.0,0.821988046169281,1.0,1.1976194381713867,girl,mixedsch,-0.14617928862571716,mid,vb1,0.0,0.0,1.1976194381713867,0.0,0.0
42.0,38.0,1.2405332326889038,1.0,1.4455738067626953,boy,mixedsch,-0.14617928862571716,mid,vb2,0.0,0.0,0.0,0.0,0.0
42.0,39.0,0.2613244652748108,1.0,-0.7033640742301941,boy,mixedsch,-0.14617928862571716,mid,vb2,0.0,0.0,0.0,0.0,0.0
42.0,40.0,0.13406679034233093,1.0,-1.4472272396087646,girl,mixedsch,-0.14617928862571716,mid,vb3,0.0,0.0,-1.4472272396087646,0.0,0.0
42.0,41.0,0.07353636622428894,1.0,-0.5380612015724182,boy,mixedsch,-0.14617928862571716,mid,vb2,0.0,0.0,0.0,0.0,0.0
42.0,42.0,0.1941491812467575,1.0,0.12315050512552261,boy,mixedsch,-0.14617928862571716,mid,vb1,0.0,0.0,0.0,0.0,0.0
42.0,43.0,0.678758978843689,1.0,-0.8686670064926147,boy,mixedsch,-0.14617928862571716,mid,vb2,0.0,0.0,0.0,0.0,0.0
42.0,44.0,0.1941491812467575,1.0,-0.2074553370475769,boy,mixedsch,-0.14617928862571716,mid,vb2,0.0,0.0,0.0,0.0,0.0
42.0,45.0,-0.26515936851501465,1.0,-0.4554097056388855,boy,mixedsch,-0.14617928862571716,mid,vb2,0.0,0.0,0.0,0.0,0.0
42.0,46.0,-0.06208816543221474,1.0,-1.199272871017456,girl,mixedsch,-0.14617928862571716,mid,vb2,0.0,0.0,-1.199272871017456,0.0,0.0
42.0,47.0,1.0396080017089844,1.0,1.0323165655136108,girl,mixedsch,-0.14617928862571716,mid,vb2,0.0,0.0,1.0323165655136108,0.0,0.0
42.0,48.0,0.328072190284729,1.0,-0.6207126379013062,boy,mixedsch,-0.14617928862571716,mid,vb2,0.0,0.0,0.0,0.0,0.0
42.0,49.0,-0.26515936851501465,1.0,0.040499038994312286,boy,mixedsch,-0.14617928862571716,mid,vb1,0.0,0.0,0.0,0.0,0.0
42.0,50.0,0.13406679034233093,1.0,-0.042152419686317444,girl,mixedsch,-0.14617928862571716,mid,vb2,0.0,0.0,-0.042152419686317444,0.0,0.0
42.0,51.0,0.07353636622428894,1.0,0.6190592646598816,girl,mixedsch,-0.14617928862571716,mid,vb1,0.0,0.0,0.6190592646598816,0.0,0.0
42.0,52.0,-0.06208816543221474,1.0,-0.8686670064926147,girl,mixedsch,-0.14617928862571716,mid,vb2,0.0,0.0,-0.8686670064926147,0.0,0.0
42.0,53.0,-1.2194855213165283,1.0,-1.5298787355422974,boy,mixedsch,-0.14617928862571716,mid,vb2,0.0,0.0,0.0,0.0,0.0
42.0,54.0,-0.8526700735092163,1.0,-0.7033640742301941,boy,mixedsch,-0.14617928862571716,mid,vb2,0.0,0.0,0.0,0.0,0.0
42.0,55.0,0.8965656757354736,1.0,1.693528175354004,girl,mixedsch,-0.14617928862571716,mid,vb1,0.0,0.0,1.693528175354004,0.0,0.0
42.0,56.0,-0.6995050311088562,1.0,-0.9513183832168579,boy,mixedsch,-0.14617928862571716,mid,vb3,0.0,0.0,0.0,0.0,0.0
42.0,57.0,-0.4927808344364166,1.0,0.45375630259513855,boy,mixedsch,-0.14617928862571716,mid,vb2,0.0,0.0,0.0,0.0,0.0
42.0,58.0,-0.19761060178279877,1.0,0.20580196380615234,girl,mixedsch,-0.14617928862571716,mid,vb2,0.0,0.0,0.20580196380615234,0.0,0.0
43.0,1.0,2.1029746532440186,1.0,0.12315050512552261,girl,mixedsch,0.4334321916103363,high,vb2,0.0,0.0,0.12315050512552261,0.0,0.0
43.0,2.0,0.07353636622428894,1.0,-0.5380612015724182,girl,mixedsch,0.4334321916103363,high,vb2,0.0,0.0,-0.5380612015724182,0.0,0.0
43.0,3.0,-0.9393776655197144,1.0,0.20580196380615234,girl,mixedsch,0.4334321916103363,high,vb2,0.0,0.0,0.20580196380615234,0.0,0.0
43.0,4.0,-0.26515936851501465,1.0,0.3711048662662506,girl,mixedsch,0.4334321916103363,high,vb1,0.0,0.0,0.3711048662662506,0.0,0.0
43.0,5.0,0.5443409085273743,1.0,-0.37275826930999756,girl,mixedsch,0.4334321916103363,high,vb2,0.0,0.0,-0.37275826930999756,0.0,0.0
43.0,6.0,1.175849437713623,1.0,1.2802709341049194,girl,mixedsch,0.4334321916103363,high,vb2,0.0,0.0,1.2802709341049194,0.0,0.0
43.0,7.0,-0.4927808344364166,1.0,-0.7033640742301941,girl,mixedsch,0.4334321916103363,high,vb2,0.0,0.0,-0.7033640742301941,0.0,0.0
43.0,8.0,0.004321751184761524,1.0,0.9496650099754333,girl,mixedsch,0.4334321916103363,high,vb2,0.0,0.0,0.9496650099754333,0.0,0.0
43.0,9.0,-1.438662052154541,1.0,-0.29010680317878723,girl,mixedsch,0.4334321916103363,high,vb1,0.0,0.0,-0.29010680317878723,0.0,0.0
43.0,10.0,-0.9393776655197144,1.0,-0.8686670064926147,girl,mixedsch,0.4334321916103363,high,vb1,0.0,0.0,-0.8686670064926147,0.0,0.0
43.0,11.0,0.8965656757354736,1.0,0.12315050512552261,girl,mixedsch,0.4334321916103363,high,vb1,0.0,0.0,0.12315050512552261,0.0,0.0
43.0,12.0,-0.8526700735092163,1.0,0.12315050512552261,boy,mixedsch,0.4334321916103363,high,vb2,0.0,0.0,0.0,0.0,0.0
43.0,13.0,0.821988046169281,1.0,-0.042152419686317444,girl,mixedsch,0.4334321916103363,high,vb3,0.0,0.0,-0.042152419686317444,0.0,0.0
43.0,14.0,-0.06208816543221474,1.0,0.12315050512552261,girl,mixedsch,0.4334321916103363,high,vb1,0.0,0.0,0.12315050512552261,0.0,0.0
43.0,15.0,-1.6237297058105469,1.0,-0.5380612015724182,girl,mixedsch,0.4334321916103363,high,vb3,0.0,0.0,-0.5380612015724182,0.0,0.0
43.0,16.0,0.821988046169281,1.0,0.45375630259513855,girl,mixedsch,0.4334321916103363,high,vb1,0.0,0.0,0.45375630259513855,0.0,0.0
43.0,17.0,0.4781937301158905,1.0,0.7017107009887695,girl,mixedsch,0.4334321916103363,high,vb1,0.0,0.0,0.7017107009887695,0.0,0.0
43.0,18.0,0.6107285618782043,1.0,0.7017107009887695,girl,mixedsch,0.4334321916103363,high,vb2,0.0,0.0,0.7017107009887695,0.0,0.0
43.0,19.0,1.506184697151184,1.0,1.528225302696228,girl,mixedsch,0.4334321916103363,high,vb1,0.0,0.0,1.528225302696228,0.0,0.0
43.0,20.0,0.5443409085273743,1.0,1.1976194381713867,girl,mixedsch,0.4334321916103363,high,vb1,0.0,0.0,1.1976194381713867,0.0,0.0
43.0,21.0,1.0396080017089844,1.0,1.1149680614471436,girl,mixedsch,0.4334321916103363,high,vb2,0.0,0.0,1.1149680614471436,0.0,0.0
43.0,22.0,-0.12908467650413513,1.0,0.45375630259513855,girl,mixedsch,0.4334321916103363,high,vb2,0.0,0.0,0.45375630259513855,0.0,0.0
43.0,23.0,0.821988046169281,1.0,0.5364077687263489,girl,mixedsch,0.4334321916103363,high,vb3,0.0,0.0,0.5364077687263489,0.0,0.0
43.0,24.0,-1.2194855213165283,1.0,0.5364077687263489,girl,mixedsch,0.4334321916103363,high,vb2,0.0,0.0,0.5364077687263489,0.0,0.0
43.0,25.0,0.07353636622428894,1.0,1.3629224300384521,girl,mixedsch,0.4334321916103363,high,vb3,0.0,0.0,1.3629224300384521,0.0,0.0
43.0,26.0,-1.029066801071167,1.0,0.6190592646598816,girl,mixedsch,0.4334321916103363,high,vb1,0.0,0.0,0.6190592646598816,0.0,0.0
43.0,27.0,-0.9393776655197144,1.0,0.040499038994312286,girl,mixedsch,0.4334321916103363,high,vb2,0.0,0.0,0.040499038994312286,0.0,0.0
43.0,28.0,-0.6230506896972656,1.0,-1.364575743675232,girl,mixedsch,0.4334321916103363,high,vb2,0.0,0.0,-1.364575743675232,0.0,0.0
43.0,29.0,0.4781937301158905,1.0,1.1976194381713867,girl,mixedsch,0.4334321916103363,high,vb1,0.0,0.0,1.1976194381713867,0.0,0.0
43.0,30.0,-0.4198014438152313,1.0,1.8588311672210693,girl,mixedsch,0.4334321916103363,high,vb2,0.0,0.0,1.8588311672210693,0.0,0.0
43.0,31.0,0.4781937301158905,1.0,0.5364077687263489,girl,mixedsch,0.4334321916103363,high,vb1,0.0,0.0,0.5364077687263489,0.0,0.0
43.0,32.0,2.5323522090911865,1.0,2.4373912811279297,girl,mixedsch,0.4334321916103363,high,vb1,0.0,0.0,2.4373912811279297,0.0,0.0
43.0,33.0,0.004321751184761524,1.0,-0.042152419686317444,girl,mixedsch,0.4334321916103363,high,vb2,0.0,0.0,-0.042152419686317444,0.0,0.0
43.0,34.0,2.2031209468841553,1.0,1.3629224300384521,girl,mixedsch,0.4334321916103363,high,vb2,0.0,0.0,1.3629224300384521,0.0,0.0
43.0,35.0,0.2613244652748108,1.0,0.7017107009887695,girl,mixedsch,0.4334321916103363,high,vb1,0.0,0.0,0.7017107009887695,0.0,0.0
43.0,36.0,0.5443409085273743,1.0,0.8670135736465454,girl,mixedsch,0.4334321916103363,high,vb2,0.0,0.0,0.8670135736465454,0.0,0.0
43.0,37.0,0.07353636622428894,1.0,0.8670135736465454,girl,mixedsch,0.4334321916103363,high,vb3,0.0,0.0,0.8670135736465454,0.0,0.0
43.0,38.0,0.328072190284729,1.0,0.12315050512552261,girl,mixedsch,0.4334321916103363,high,vb3,0.0,0.0,0.12315050512552261,0.0,0.0
43.0,39.0,0.4781937301158905,1.0,0.6190592646598816,girl,mixedsch,0.4334321916103363,high,vb2,0.0,0.0,0.6190592646598816,0.0,0.0
43.0,40.0,-0.33884158730506897,1.0,0.040499038994312286,girl,mixedsch,0.4334321916103363,high,vb1,0.0,0.0,0.040499038994312286,0.0,0.0
43.0,41.0,0.4026685655117035,1.0,0.8670135736465454,girl,mixedsch,0.4334321916103363,high,vb1,0.0,0.0,0.8670135736465454,0.0,0.0
43.0,42.0,-0.33884158730506897,1.0,-0.4554097056388855,girl,mixedsch,0.4334321916103363,high,vb2,0.0,0.0,-0.4554097056388855,0.0,0.0
43.0,43.0,-0.26515936851501465,1.0,0.6190592646598816,girl,mixedsch,0.4334321916103363,high,vb3,0.0,0.0,0.6190592646598816,0.0,0.0
43.0,44.0,0.7472277283668518,1.0,0.7843621969223022,girl,mixedsch,0.4334321916103363,high,vb3,0.0,0.0,0.7843621969223022,0.0,0.0
43.0,45.0,0.004321751184761524,1.0,0.45375630259513855,girl,mixedsch,0.4334321916103363,high,vb2,0.0,0.0,0.45375630259513855,0.0,0.0
43.0,46.0,-1.6237297058105469,1.0,-0.2074553370475769,girl,mixedsch,0.4334321916103363,high,vb3,0.0,0.0,-0.2074553370475769,0.0,0.0
43.0,47.0,-0.6995050311088562,1.0,-0.37275826930999756,girl,mixedsch,0.4334321916103363,high,vb1,0.0,0.0,-0.37275826930999756,0.0,0.0
43.0,48.0,0.821988046169281,1.0,0.9496650099754333,girl,mixedsch,0.4334321916103363,high,vb2,0.0,0.0,0.9496650099754333,0.0,0.0
43.0,49.0,1.0396080017089844,1.0,1.3629224300384521,girl,mixedsch,0.4334321916103363,high,vb1,0.0,0.0,1.3629224300384521,0.0,0.0
43.0,50.0,1.3747409582138062,1.0,1.6108767986297607,girl,mixedsch,0.4334321916103363,high,vb1,0.0,0.0,1.6108767986297607,0.0,0.0
43.0,51.0,-0.5551124811172485,1.0,0.8670135736465454,girl,mixedsch,0.4334321916103363,high,vb2,0.0,0.0,0.8670135736465454,0.0,0.0
43.0,52.0,1.1094379425048828,1.0,-0.12480387836694717,girl,mixedsch,0.4334321916103363,high,vb2,0.0,0.0,-0.12480387836694717,0.0,0.0
43.0,53.0,-0.33884158730506897,1.0,0.040499038994312286,girl,mixedsch,0.4334321916103363,high,vb1,0.0,0.0,0.040499038994312286,0.0,0.0
43.0,54.0,-0.6230506896972656,1.0,-0.6207126379013062,girl,mixedsch,0.4334321916103363,high,vb2,0.0,0.0,-0.6207126379013062,0.0,0.0
43.0,55.0,1.3101423978805542,1.0,2.106785535812378,girl,mixedsch,0.4334321916103363,high,vb1,0.0,0.0,2.106785535812378,0.0,0.0
43.0,56.0,1.1094379425048828,1.0,0.3711048662662506,girl,mixedsch,0.4334321916103363,high,vb1,0.0,0.0,0.3711048662662506,0.0,0.0
43.0,57.0,0.8965656757354736,1.0,0.28845342993736267,girl,mixedsch,0.4334321916103363,high,vb1,0.0,0.0,0.28845342993736267,0.0,0.0
43.0,58.0,0.07353636622428894,1.0,0.12315050512552261,girl,mixedsch,0.4334321916103363,high,vb3,0.0,0.0,0.12315050512552261,0.0,0.0
43.0,59.0,-0.06208816543221474,1.0,0.8670135736465454,girl,mixedsch,0.4334321916103363,high,vb2,0.0,0.0,0.8670135736465454,0.0,0.0
43.0,60.0,-1.438662052154541,1.0,-1.4472272396087646,girl,mixedsch,0.4334321916103363,high,vb1,0.0,0.0,-1.4472272396087646,0.0,0.0
43.0,61.0,-1.5266530513763428,1.0,-0.042152419686317444,girl,mixedsch,0.4334321916103363,high,vb2,0.0,0.0,-0.042152419686317444,0.0,0.0
45.0,1.0,-0.12908467650413513,1.0,0.3711048662662506,girl,mixedsch,-0.18718232214450836,mid,vb2,0.0,0.0,0.3711048662662506,0.0,0.0
45.0,2.0,0.821988046169281,1.0,0.6190592646598816,girl,mixedsch,-0.18718232214450836,mid,vb2,0.0,0.0,0.6190592646598816,0.0,0.0
45.0,3.0,0.328072190284729,1.0,0.6190592646598816,girl,mixedsch,-0.18718232214450836,mid,vb2,0.0,0.0,0.6190592646598816,0.0,0.0
45.0,4.0,0.4781937301158905,1.0,0.20580196380615234,girl,mixedsch,-0.18718232214450836,mid,vb2,0.0,0.0,0.20580196380615234,0.0,0.0
45.0,5.0,0.5443409085273743,1.0,0.45375630259513855,girl,mixedsch,-0.18718232214450836,mid,vb2,0.0,0.0,0.45375630259513855,0.0,0.0
45.0,6.0,-0.4198014438152313,1.0,1.2802709341049194,girl,mixedsch,-0.18718232214450836,mid,vb1,0.0,0.0,1.2802709341049194,0.0,0.0
45.0,7.0,0.4026685655117035,1.0,1.0323165655136108,girl,mixedsch,-0.18718232214450836,mid,vb2,0.0,0.0,1.0323165655136108,0.0,0.0
45.0,8.0,0.2613244652748108,1.0,1.3629224300384521,girl,mixedsch,-0.18718232214450836,mid,vb1,0.0,0.0,1.3629224300384521,0.0,0.0
45.0,9.0,-0.5551124811172485,1.0,-1.9431359767913818,girl,mixedsch,-0.18718232214450836,mid,vb2,0.0,0.0,-1.9431359767913818,0.0,0.0
45.0,10.0,-0.06208816543221474,1.0,0.12315050512552261,girl,mixedsch,-0.18718232214450836,mid,vb2,0.0,0.0,0.12315050512552261,0.0,0.0
45.0,11.0,-1.029066801071167,1.0,-1.4472272396087646,girl,mixedsch,-0.18718232214450836,mid,vb3,0.0,0.0,-1.4472272396087646,0.0,0.0
45.0,12.0,-0.33884158730506897,1.0,-0.7033640742301941,girl,mixedsch,-0.18718232214450836,mid,vb2,0.0,0.0,-0.7033640742301941,0.0,0.0
45.0,13.0,0.4026685655117035,1.0,0.20580196380615234,girl,mixedsch,-0.18718232214450836,mid,vb1,0.0,0.0,0.20580196380615234,0.0,0.0
45.0,14.0,-0.8526700735092163,1.0,-0.7860155701637268,girl,mixedsch,-0.18718232214450836,mid,vb2,0.0,0.0,-0.7860155701637268,0.0,0.0
45.0,15.0,-0.06208816543221474,1.0,-0.7033640742301941,girl,mixedsch,-0.18718232214450836,mid,vb2,0.0,0.0,-0.7033640742301941,0.0,0.0
45.0,16.0,-0.6995050311088562,1.0,-2.439044713973999,girl,mixedsch,-0.18718232214450836,mid,vb3,0.0,0.0,-2.439044713973999,0.0,0.0
45.0,17.0,0.328072190284729,1.0,0.6190592646598816,girl,mixedsch,-0.18718232214450836,mid,vb1,0.0,0.0,0.6190592646598816,0.0,0.0
45.0,18.0,0.4026685655117035,1.0,0.12315050512552261,girl,mixedsch,-0.18718232214450836,mid,vb2,0.0,0.0,0.12315050512552261,0.0,0.0
45.0,19.0,-0.5551124811172485,1.0,-0.9513183832168579,girl,mixedsch,-0.18718232214450836,mid,vb2,0.0,0.0,-0.9513183832168579,0.0,0.0
45.0,20.0,0.5443409085273743,1.0,-0.042152419686317444,girl,mixedsch,-0.18718232214450836,mid,vb2,0.0,0.0,-0.042152419686317444,0.0,0.0
45.0,21.0,-1.2194855213165283,1.0,-1.6951816082000732,girl,mixedsch,-0.18718232214450836,mid,vb3,0.0,0.0,-1.6951816082000732,0.0,0.0
45.0,22.0,0.678758978843689,1.0,-0.9513183832168579,girl,mixedsch,-0.18718232214450836,mid,vb2,0.0,0.0,-0.9513183832168579,0.0,0.0
45.0,23.0,-1.7238824367523193,1.0,-0.8686670064926147,girl,mixedsch,-0.18718232214450836,mid,vb3,0.0,0.0,-0.8686670064926147,0.0,0.0
45.0,24.0,0.4781937301158905,1.0,-0.29010680317878723,girl,mixedsch,-0.18718232214450836,mid,vb2,0.0,0.0,-0.29010680317878723,0.0,0.0
45.0,25.0,-0.26515936851501465,1.0,-0.29010680317878723,girl,mixedsch,-0.18718232214450836,mid,vb2,0.0,0.0,-0.29010680317878723,0.0,0.0
45.0,26.0,-1.2194855213165283,1.0,-0.7860155701637268,girl,mixedsch,-0.18718232214450836,mid,vb2,0.0,0.0,-0.7860155701637268,0.0,0.0
45.0,27.0,-0.5551124811172485,1.0,-1.4472272396087646,girl,mixedsch,-0.18718232214450836,mid,vb2,0.0,0.0,-1.4472272396087646,0.0,0.0
45.0,28.0,-0.19761060178279877,1.0,0.28845342993736267,girl,mixedsch,-0.18718232214450836,mid,vb2,0.0,0.0,0.28845342993736267,0.0,0.0
45.0,29.0,-0.9393776655197144,1.0,-0.7860155701637268,girl,mixedsch,-0.18718232214450836,mid,vb3,0.0,0.0,-0.7860155701637268,0.0,0.0
45.0,30.0,-0.33884158730506897,1.0,-0.37275826930999756,girl,mixedsch,-0.18718232214450836,mid,vb2,0.0,0.0,-0.37275826930999756,0.0,0.0
45.0,31.0,-1.029066801071167,1.0,0.3711048662662506,girl,mixedsch,-0.18718232214450836,mid,vb1,0.0,0.0,0.3711048662662506,0.0,0.0
45.0,32.0,-0.19761060178279877,1.0,-0.12480387836694717,girl,mixedsch,-0.18718232214450836,mid,vb2,0.0,0.0,-0.12480387836694717,0.0,0.0
45.0,33.0,0.4026685655117035,1.0,-0.2074553370475769,girl,mixedsch,-0.18718232214450836,mid,vb2,0.0,0.0,-0.2074553370475769,0.0,0.0
45.0,34.0,-1.6237297058105469,1.0,-1.6951816082000732,girl,mixedsch,-0.18718232214450836,mid,vb2,0.0,0.0,-1.6951816082000732,0.0,0.0
45.0,35.0,-0.8526700735092163,1.0,0.9496650099754333,girl,mixedsch,-0.18718232214450836,mid,vb2,0.0,0.0,0.9496650099754333,0.0,0.0
45.0,36.0,-1.6237297058105469,1.0,-1.1166213750839233,girl,mixedsch,-0.18718232214450836,mid,vb3,0.0,0.0,-1.1166213750839233,0.0,0.0
45.0,37.0,0.4026685655117035,1.0,1.8588311672210693,girl,mixedsch,-0.18718232214450836,mid,vb2,0.0,0.0,1.8588311672210693,0.0,0.0
45.0,38.0,-0.06208816543221474,1.0,-0.29010680317878723,girl,mixedsch,-0.18718232214450836,mid,vb2,0.0,0.0,-0.29010680317878723,0.0,0.0
45.0,39.0,-0.4198014438152313,1.0,-0.2074553370475769,girl,mixedsch,-0.18718232214450836,mid,vb2,0.0,0.0,-0.2074553370475769,0.0,0.0
45.0,40.0,0.1941491812467575,1.0,-0.5380612015724182,girl,mixedsch,-0.18718232214450836,mid,vb2,0.0,0.0,-0.5380612015724182,0.0,0.0
45.0,41.0,-1.8366867303848267,1.0,-0.7033640742301941,girl,mixedsch,-0.18718232214450836,mid,vb3,0.0,0.0,-0.7033640742301941,0.0,0.0
45.0,42.0,0.004321751184761524,1.0,0.040499038994312286,girl,mixedsch,-0.18718232214450836,mid,vb2,0.0,0.0,0.040499038994312286,0.0,0.0
45.0,43.0,0.678758978843689,1.0,0.7017107009887695,girl,mixedsch,-0.18718232214450836,mid,vb1,0.0,0.0,0.7017107009887695,0.0,0.0
45.0,44.0,-0.06208816543221474,1.0,-0.8686670064926147,girl,mixedsch,-0.18718232214450836,mid,vb2,0.0,0.0,-0.8686670064926147,0.0,0.0
45.0,45.0,-0.12908467650413513,1.0,0.20580196380615234,girl,mixedsch,-0.18718232214450836,mid,vb1,0.0,0.0,0.20580196380615234,0.0,0.0
45.0,46.0,0.7472277283668518,1.0,0.5364077687263489,girl,mixedsch,-0.18718232214450836,mid,vb2,0.0,0.0,0.5364077687263489,0.0,0.0
45.0,47.0,-1.7238824367523193,1.0,-1.8604844808578491,boy,mixedsch,-0.18718232214450836,mid,vb3,0.0,0.0,0.0,0.0,0.0
45.0,48.0,-0.33884158730506897,1.0,0.12315050512552261,boy,mixedsch,-0.18718232214450836,mid,vb2,0.0,0.0,0.0,0.0,0.0
45.0,49.0,1.8138266801834106,1.0,1.6108767986297607,boy,mixedsch,-0.18718232214450836,mid,vb1,0.0,0.0,0.0,0.0,0.0
45.0,50.0,0.8965656757354736,1.0,0.9496650099754333,boy,mixedsch,-0.18718232214450836,mid,vb1,0.0,0.0,0.0,0.0,0.0
45.0,51.0,0.004321751184761524,1.0,0.20580196380615234,girl,mixedsch,-0.18718232214450836,mid,vb2,0.0,0.0,0.20580196380615234,0.0,0.0
45.0,52.0,0.4026685655117035,1.0,0.8670135736465454,girl,mixedsch,-0.18718232214450836,mid,vb1,0.0,0.0,0.8670135736465454,0.0,0.0
45.0,53.0,-2.1086435317993164,1.0,-1.5298787355422974,boy,mixedsch,-0.18718232214450836,mid,vb3,0.0,0.0,0.0,0.0,0.0
46.0,1.0,-0.06208816543221474,1.0,-0.2074553370475769,girl,mixedsch,-0.14372406899929047,mid,vb2,0.0,0.0,-0.2074553370475769,0.0,0.0
46.0,2.0,-1.8366867303848267,1.0,-0.29010680317878723,boy,mixedsch,-0.14372406899929047,mid,vb2,0.0,0.0,0.0,0.0,0.0
46.0,3.0,0.678758978843689,1.0,1.0323165655136108,boy,mixedsch,-0.14372406899929047,mid,vb1,0.0,0.0,0.0,0.0,0.0
46.0,4.0,-0.6230506896972656,1.0,-0.29010680317878723,girl,mixedsch,-0.14372406899929047,mid,vb2,0.0,0.0,-0.29010680317878723,0.0,0.0
46.0,5.0,-0.12908467650413513,1.0,1.1976194381713867,boy,mixedsch,-0.14372406899929047,mid,vb1,0.0,0.0,0.0,0.0,0.0
46.0,6.0,0.7472277283668518,1.0,0.3711048662662506,boy,mixedsch,-0.14372406899929047,mid,vb1,0.0,0.0,0.0,0.0,0.0
46.0,7.0,-0.6995050311088562,1.0,-1.1166213750839233,girl,mixedsch,-0.14372406899929047,mid,vb2,0.0,0.0,-1.1166213750839233,0.0,0.0
46.0,8.0,-0.33884158730506897,1.0,0.3711048662662506,boy,mixedsch,-0.14372406899929047,mid,vb2,0.0,0.0,0.0,0.0,0.0
46.0,9.0,0.1941491812467575,1.0,0.6190592646598816,girl,mixedsch,-0.14372406899929047,mid,vb2,0.0,0.0,0.6190592646598816,0.0,0.0
46.0,10.0,0.07353636622428894,1.0,0.45375630259513855,boy,mixedsch,-0.14372406899929047,mid,vb2,0.0,0.0,0.0,0.0,0.0
46.0,11.0,0.5443409085273743,1.0,0.8670135736465454,boy,mixedsch,-0.14372406899929047,mid,vb1,0.0,0.0,0.0,0.0,0.0
46.0,12.0,-0.6230506896972656,1.0,-0.37275826930999756,girl,mixedsch,-0.14372406899929047,mid,vb3,0.0,0.0,-0.37275826930999756,0.0,0.0
46.0,13.0,0.8965656757354736,1.0,0.7843621969223022,boy,mixedsch,-0.14372406899929047,mid,vb1,0.0,0.0,0.0,0.0,0.0
46.0,14.0,0.6107285618782043,1.0,0.9496650099754333,girl,mixedsch,-0.14372406899929047,mid,vb1,0.0,0.0,0.9496650099754333,0.0,0.0
46.0,15.0,-1.2194855213165283,1.0,-1.6951816082000732,girl,mixedsch,-0.14372406899929047,mid,vb3,0.0,0.0,-1.6951816082000732,0.0,0.0
46.0,16.0,0.2613244652748108,1.0,0.040499038994312286,boy,mixedsch,-0.14372406899929047,mid,vb1,0.0,0.0,0.0,0.0,0.0
46.0,17.0,-0.6995050311088562,1.0,-0.7860155701637268,girl,mixedsch,-0.14372406899929047,mid,vb2,0.0,0.0,-0.7860155701637268,0.0,0.0
46.0,18.0,-1.029066801071167,1.0,-1.0339698791503906,girl,mixedsch,-0.14372406899929047,mid,vb3,0.0,0.0,-1.0339698791503906,0.0,0.0
46.0,19.0,-1.3353148698806763,1.0,-1.4472272396087646,girl,mixedsch,-0.14372406899929047,mid,vb3,0.0,0.0,-1.4472272396087646,0.0,0.0
46.0,20.0,0.4781937301158905,1.0,0.6190592646598816,boy,mixedsch,-0.14372406899929047,mid,vb1,0.0,0.0,0.0,0.0,0.0
46.0,21.0,-0.6995050311088562,1.0,1.0323165655136108,boy,mixedsch,-0.14372406899929047,mid,vb2,0.0,0.0,0.0,0.0,0.0
46.0,22.0,0.4781937301158905,1.0,0.3711048662662506,boy,mixedsch,-0.14372406899929047,mid,vb1,0.0,0.0,0.0,0.0,0.0
46.0,23.0,0.004321751184761524,1.0,-0.5380612015724182,boy,mixedsch,-0.14372406899929047,mid,vb2,0.0,0.0,0.0,0.0,0.0
46.0,24.0,-0.9393776655197144,1.0,-0.2074553370475769,boy,mixedsch,-0.14372406899929047,mid,vb2,0.0,0.0,0.0,0.0,0.0
46.0,25.0,-0.33884158730506897,1.0,0.45375630259513855,boy,mixedsch,-0.14372406899929047,mid,vb2,0.0,0.0,0.0,0.0,0.0
46.0,26.0,-1.2194855213165283,1.0,-1.1166213750839233,boy,mixedsch,-0.14372406899929047,mid,vb3,0.0,0.0,0.0,0.0,0.0
46.0,27.0,-1.3353148698806763,1.0,-0.4554097056388855,girl,mixedsch,-0.14372406899929047,mid,vb2,0.0,0.0,-0.4554097056388855,0.0,0.0
46.0,28.0,-0.4198014438152313,1.0,-0.7033640742301941,girl,mixedsch,-0.14372406899929047,mid,vb2,0.0,0.0,-0.7033640742301941,0.0,0.0
46.0,29.0,-1.1186243295669556,1.0,-0.9513183832168579,boy,mixedsch,-0.14372406899929047,mid,vb2,0.0,0.0,0.0,0.0,0.0
46.0,30.0,-1.7238824367523193,1.0,-1.1166213750839233,boy,mixedsch,-0.14372406899929047,mid,vb3,0.0,0.0,0.0,0.0,0.0
46.0,31.0,-0.33884158730506897,1.0,-0.9513183832168579,girl,mixedsch,-0.14372406899929047,mid,vb2,0.0,0.0,-0.9513183832168579,0.0,0.0
46.0,32.0,-1.2194855213165283,1.0,-1.6125301122665405,girl,mixedsch,-0.14372406899929047,mid,vb3,0.0,0.0,-1.6125301122665405,0.0,0.0
46.0,33.0,-0.4927808344364166,1.0,-0.37275826930999756,boy,mixedsch,-0.14372406899929047,mid,vb2,0.0,0.0,0.0,0.0,0.0
46.0,34.0,-0.4198014438152313,1.0,0.5364077687263489,boy,mixedsch,-0.14372406899929047,mid,vb2,0.0,0.0,0.0,0.0,0.0
46.0,35.0,-0.8526700735092163,1.0,0.45375630259513855,girl,mixedsch,-0.14372406899929047,mid,vb2,0.0,0.0,0.45375630259513855,0.0,0.0
46.0,36.0,0.5443409085273743,1.0,2.106785535812378,boy,mixedsch,-0.14372406899929047,mid,vb1,0.0,0.0,0.0,0.0,0.0
46.0,37.0,0.4026685655117035,1.0,1.0323165655136108,girl,mixedsch,-0.14372406899929047,mid,vb1,0.0,0.0,1.0323165655136108,0.0,0.0
46.0,38.0,-0.12908467650413513,1.0,1.6108767986297607,boy,mixedsch,-0.14372406899929047,mid,vb2,0.0,0.0,0.0,0.0,0.0
46.0,39.0,-0.06208816543221474,1.0,-0.9513183832168579,boy,mixedsch,-0.14372406899929047,mid,vb2,0.0,0.0,0.0,0.0,0.0
46.0,40.0,-0.19761060178279877,1.0,0.20580196380615234,boy,mixedsch,-0.14372406899929047,mid,vb2,0.0,0.0,0.0,0.0,0.0
46.0,41.0,-1.3353148698806763,1.0,1.8588311672210693,boy,mixedsch,-0.14372406899929047,mid,vb2,0.0,0.0,0.0,0.0,0.0
46.0,42.0,-0.4927808344364166,1.0,0.6190592646598816,boy,mixedsch,-0.14372406899929047,mid,vb2,0.0,0.0,0.0,0.0,0.0
46.0,43.0,-0.19761060178279877,1.0,0.12315050512552261,boy,mixedsch,-0.14372406899929047,mid,vb3,0.0,0.0,0.0,0.0,0.0
46.0,44.0,-0.4927808344364166,1.0,-0.2074553370475769,girl,mixedsch,-0.14372406899929047,mid,vb2,0.0,0.0,-0.2074553370475769,0.0,0.0
46.0,45.0,-1.029066801071167,1.0,-0.37275826930999756,girl,mixedsch,-0.14372406899929047,mid,vb3,0.0,0.0,-0.37275826930999756,0.0,0.0
46.0,46.0,0.13406679034233093,1.0,0.20580196380615234,boy,mixedsch,-0.14372406899929047,mid,vb2,0.0,0.0,0.0,0.0,0.0
46.0,47.0,-0.9393776655197144,1.0,-0.042152419686317444,girl,mixedsch,-0.14372406899929047,mid,vb2,0.0,0.0,-0.042152419686317444,0.0,0.0
46.0,48.0,-0.8526700735092163,1.0,0.9496650099754333,girl,mixedsch,-0.14372406899929047,mid,vb1,0.0,0.0,0.9496650099754333,0.0,0.0
46.0,49.0,-0.26515936851501465,1.0,-0.12480387836694717,boy,mixedsch,-0.14372406899929047,mid,vb2,0.0,0.0,0.0,0.0,0.0
46.0,50.0,-0.4198014438152313,1.0,-0.29010680317878723,boy,mixedsch,-0.14372406899929047,mid,vb2,0.0,0.0,0.0,0.0,0.0
46.0,51.0,0.4026685655117035,1.0,0.3711048662662506,girl,mixedsch,-0.14372406899929047,mid,vb2,0.0,0.0,0.3711048662662506,0.0,0.0
46.0,52.0,-0.19761060178279877,1.0,0.28845342993736267,girl,mixedsch,-0.14372406899929047,mid,vb2,0.0,0.0,0.28845342993736267,0.0,0.0
46.0,53.0,-0.776108980178833,1.0,0.5364077687263489,girl,mixedsch,-0.14372406899929047,mid,vb2,0.0,0.0,0.5364077687263489,0.0,0.0
46.0,54.0,-0.06208816543221474,1.0,0.45375630259513855,girl,mixedsch,-0.14372406899929047,mid,vb1,0.0,0.0,0.45375630259513855,0.0,0.0
46.0,55.0,-0.26515936851501465,1.0,-0.4554097056388855,boy,mixedsch,-0.14372406899929047,mid,vb2,0.0,0.0,0.0,0.0,0.0
46.0,56.0,-1.3353148698806763,1.0,-2.025787353515625,boy,mixedsch,-0.14372406899929047,mid,vb3,0.0,0.0,0.0,0.0,0.0
46.0,57.0,-0.4198014438152313,1.0,-0.12480387836694717,boy,mixedsch,-0.14372406899929047,mid,vb2,0.0,0.0,0.0,0.0,0.0
46.0,58.0,-0.33884158730506897,1.0,0.7843621969223022,girl,mixedsch,-0.14372406899929047,mid,vb2,0.0,0.0,0.7843621969223022,0.0,0.0
46.0,59.0,-0.4198014438152313,1.0,-0.6207126379013062,girl,mixedsch,-0.14372406899929047,mid,vb2,0.0,0.0,-0.6207126379013062,0.0,0.0
46.0,60.0,0.07353636622428894,1.0,0.040499038994312286,boy,mixedsch,-0.14372406899929047,mid,vb2,0.0,0.0,0.0,0.0,0.0
46.0,61.0,0.2613244652748108,1.0,0.28845342993736267,boy,mixedsch,-0.14372406899929047,mid,vb1,0.0,0.0,0.0,0.0,0.0
46.0,62.0,0.821988046169281,1.0,0.20580196380615234,boy,mixedsch,-0.14372406899929047,mid,vb2,0.0,0.0,0.0,0.0,0.0
46.0,63.0,-0.9393776655197144,1.0,-0.042152419686317444,girl,mixedsch,-0.14372406899929047,mid,vb2,0.0,0.0,-0.042152419686317444,0.0,0.0
46.0,64.0,-0.6995050311088562,1.0,-0.37275826930999756,girl,mixedsch,-0.14372406899929047,mid,vb1,0.0,0.0,-0.37275826930999756,0.0,0.0
46.0,65.0,-1.8366867303848267,1.0,-0.12480387836694717,girl,mixedsch,-0.14372406899929047,mid,vb3,0.0,0.0,-0.12480387836694717,0.0,0.0
46.0,66.0,0.004321751184761524,1.0,0.12315050512552261,boy,mixedsch,-0.14372406899929047,mid,vb2,0.0,0.0,0.0,0.0,0.0
46.0,67.0,0.1941491812467575,1.0,0.9496650099754333,boy,mixedsch,-0.14372406899929047,mid,vb1,0.0,0.0,0.0,0.0,0.0
46.0,68.0,-1.2194855213165283,1.0,-0.9513183832168579,girl,mixedsch,-0.14372406899929047,mid,vb3,0.0,0.0,-0.9513183832168579,0.0,0.0
46.0,69.0,-0.6230506896972656,1.0,-1.0339698791503906,girl,mixedsch,-0.14372406899929047,mid,vb3,0.0,0.0,-1.0339698791503906,0.0,0.0
46.0,70.0,-1.2194855213165283,1.0,-2.025787353515625,boy,mixedsch,-0.14372406899929047,mid,vb3,0.0,0.0,0.0,0.0,0.0
46.0,71.0,0.004321751184761524,1.0,0.28845342993736267,girl,mixedsch,-0.14372406899929047,mid,vb2,0.0,0.0,0.28845342993736267,0.0,0.0
46.0,72.0,0.1941491812467575,1.0,-0.37275826930999756,boy,mixedsch,-0.14372406899929047,mid,vb2,0.0,0.0,0.0,0.0,0.0
46.0,73.0,-1.029066801071167,1.0,-0.6207126379013062,boy,mixedsch,-0.14372406899929047,mid,vb2,0.0,0.0,0.0,0.0,0.0
46.0,74.0,-2.2917308807373047,1.0,-2.025787353515625,boy,mixedsch,-0.14372406899929047,mid,vb3,0.0,0.0,0.0,0.0,0.0
46.0,75.0,-0.5551124811172485,1.0,-1.6125301122665405,boy,mixedsch,-0.14372406899929047,mid,vb3,0.0,0.0,0.0,0.0,0.0
46.0,76.0,-0.26515936851501465,1.0,-0.5380612015724182,boy,mixedsch,-0.14372406899929047,mid,vb2,0.0,0.0,0.0,0.0,0.0
46.0,77.0,-0.5551124811172485,1.0,-1.1166213750839233,girl,mixedsch,-0.14372406899929047,mid,vb2,0.0,0.0,-1.1166213750839233,0.0,0.0
46.0,78.0,-1.7238824367523193,1.0,-2.025787353515625,boy,mixedsch,-0.14372406899929047,mid,vb3,0.0,0.0,0.0,0.0,0.0
46.0,79.0,0.7472277283668518,1.0,0.6190592646598816,boy,mixedsch,-0.14372406899929047,mid,vb1,0.0,0.0,0.0,0.0,0.0
46.0,80.0,-1.3353148698806763,1.0,-0.12480387836694717,girl,mixedsch,-0.14372406899929047,mid,vb2,0.0,0.0,-0.12480387836694717,0.0,0.0
46.0,81.0,-0.776108980178833,1.0,-1.0339698791503906,girl,mixedsch,-0.14372406899929047,mid,vb2,0.0,0.0,-1.0339698791503906,0.0,0.0
46.0,82.0,-0.8526700735092163,1.0,-0.12480387836694717,girl,mixedsch,-0.14372406899929047,mid,vb2,0.0,0.0,-0.12480387836694717,0.0,0.0
46.0,83.0,-0.8526700735092163,1.0,-1.1166213750839233,boy,mixedsch,-0.14372406899929047,mid,vb3,0.0,0.0,0.0,0.0,0.0
47.0,1.0,-1.8366867303848267,1.0,-1.2819242477416992,boy,mixedsch,-0.13992305099964142,mid,vb2,0.0,0.0,0.0,0.0,0.0
47.0,2.0,-0.33884158730506897,1.0,0.8670135736465454,boy,mixedsch,-0.13992305099964142,mid,vb2,0.0,0.0,0.0,0.0,0.0
47.0,3.0,0.004321751184761524,1.0,-0.37275826930999756,boy,mixedsch,-0.13992305099964142,mid,vb2,0.0,0.0,0.0,0.0,0.0
47.0,4.0,1.8138266801834106,1.0,0.6190592646598816,boy,mixedsch,-0.13992305099964142,mid,vb1,0.0,0.0,0.0,0.0,0.0
47.0,5.0,0.1941491812467575,1.0,0.20580196380615234,boy,mixedsch,-0.13992305099964142,mid,vb1,0.0,0.0,0.0,0.0,0.0
47.0,6.0,-0.12908467650413513,1.0,0.20580196380615234,boy,mixedsch,-0.13992305099964142,mid,vb2,0.0,0.0,0.0,0.0,0.0
47.0,7.0,-1.2194855213165283,1.0,-1.6125301122665405,boy,mixedsch,-0.13992305099964142,mid,vb2,0.0,0.0,0.0,0.0,0.0
47.0,8.0,-0.12908467650413513,1.0,0.5364077687263489,boy,mixedsch,-0.13992305099964142,mid,vb1,0.0,0.0,0.0,0.0,0.0
47.0,9.0,0.13406679034233093,1.0,-0.4554097056388855,boy,mixedsch,-0.13992305099964142,mid,vb2,0.0,0.0,0.0,0.0,0.0
47.0,10.0,0.328072190284729,1.0,0.040499038994312286,boy,mixedsch,-0.13992305099964142,mid,vb2,0.0,0.0,0.0,0.0,0.0
47.0,11.0,0.678758978843689,1.0,0.3711048662662506,boy,mixedsch,-0.13992305099964142,mid,vb1,0.0,0.0,0.0,0.0,0.0
47.0,12.0,0.2613244652748108,1.0,-0.6207126379013062,boy,mixedsch,-0.13992305099964142,mid,vb1,0.0,0.0,0.0,0.0,0.0
47.0,13.0,0.4026685655117035,1.0,0.8670135736465454,girl,mixedsch,-0.13992305099964142,mid,vb1,0.0,0.0,0.8670135736465454,0.0,0.0
47.0,14.0,0.6107285618782043,1.0,0.20580196380615234,boy,mixedsch,-0.13992305099964142,mid,vb2,0.0,0.0,0.0,0.0,0.0
47.0,15.0,-0.19761060178279877,1.0,-0.7860155701637268,boy,mixedsch,-0.13992305099964142,mid,vb2,0.0,0.0,0.0,0.0,0.0
47.0,16.0,-0.19761060178279877,1.0,-1.1166213750839233,boy,mixedsch,-0.13992305099964142,mid,vb2,0.0,0.0,0.0,0.0,0.0
47.0,17.0,-0.4198014438152313,1.0,-0.4554097056388855,boy,mixedsch,-0.13992305099964142,mid,vb2,0.0,0.0,0.0,0.0,0.0
47.0,18.0,-2.5101213455200195,1.0,-1.6125301122665405,boy,mixedsch,-0.13992305099964142,mid,vb2,0.0,0.0,0.0,0.0,0.0
47.0,19.0,-0.6995050311088562,1.0,0.6190592646598816,boy,mixedsch,-0.13992305099964142,mid,vb2,0.0,0.0,0.0,0.0,0.0
47.0,20.0,-2.752659797668457,1.0,-2.1084389686584473,boy,mixedsch,-0.13992305099964142,mid,vb3,0.0,0.0,0.0,0.0,0.0
47.0,21.0,-0.06208816543221474,1.0,-0.7860155701637268,boy,mixedsch,-0.13992305099964142,mid,vb2,0.0,0.0,0.0,0.0,0.0
47.0,22.0,-0.19761060178279877,1.0,-1.0339698791503906,boy,mixedsch,-0.13992305099964142,mid,vb3,0.0,0.0,0.0,0.0,0.0
47.0,23.0,0.6107285618782043,1.0,0.20580196380615234,boy,mixedsch,-0.13992305099964142,mid,vb2,0.0,0.0,0.0,0.0,0.0
47.0,24.0,1.506184697151184,1.0,-1.0339698791503906,boy,mixedsch,-0.13992305099964142,mid,vb2,0.0,0.0,0.0,0.0,0.0
47.0,25.0,-1.1186243295669556,1.0,-2.1084389686584473,boy,mixedsch,-0.13992305099964142,mid,vb3,0.0,0.0,0.0,0.0,0.0
47.0,26.0,-0.8526700735092163,1.0,-0.5380612015724182,boy,mixedsch,-0.13992305099964142,mid,vb2,0.0,0.0,0.0,0.0,0.0
47.0,27.0,-0.4927808344364166,1.0,-0.9513183832168579,boy,mixedsch,-0.13992305099964142,mid,vb2,0.0,0.0,0.0,0.0,0.0
47.0,28.0,0.7472277283668518,1.0,0.12315050512552261,boy,mixedsch,-0.13992305099964142,mid,vb2,0.0,0.0,0.0,0.0,0.0
47.0,29.0,-0.4927808344364166,1.0,-2.025787353515625,boy,mixedsch,-0.13992305099964142,mid,vb2,0.0,0.0,0.0,0.0,0.0
47.0,30.0,0.4026685655117035,1.0,0.8670135736465454,boy,mixedsch,-0.13992305099964142,mid,vb2,0.0,0.0,0.0,0.0,0.0
47.0,31.0,0.821988046169281,1.0,0.7017107009887695,boy,mixedsch,-0.13992305099964142,mid,vb2,0.0,0.0,0.0,0.0,0.0
47.0,32.0,-0.19761060178279877,1.0,1.3629224300384521,boy,mixedsch,-0.13992305099964142,mid,vb1,0.0,0.0,0.0,0.0,0.0
47.0,33.0,-0.12908467650413513,1.0,-0.8686670064926147,boy,mixedsch,-0.13992305099964142,mid,vb2,0.0,0.0,0.0,0.0,0.0
47.0,34.0,1.7348991632461548,1.0,1.1149680614471436,boy,mixedsch,-0.13992305099964142,mid,vb1,0.0,0.0,0.0,0.0,0.0
47.0,35.0,0.5443409085273743,1.0,1.6108767986297607,boy,mixedsch,-0.13992305099964142,mid,vb2,0.0,0.0,0.0,0.0,0.0
47.0,36.0,-0.33884158730506897,1.0,0.45375630259513855,boy,mixedsch,-0.13992305099964142,mid,vb1,0.0,0.0,0.0,0.0,0.0
47.0,37.0,-0.9393776655197144,1.0,-0.6207126379013062,boy,mixedsch,-0.13992305099964142,mid,vb2,0.0,0.0,0.0,0.0,0.0
47.0,38.0,-0.19761060178279877,1.0,-0.4554097056388855,boy,mixedsch,-0.13992305099964142,mid,vb2,0.0,0.0,0.0,0.0,0.0
47.0,39.0,-1.438662052154541,1.0,0.3711048662662506,boy,mixedsch,-0.13992305099964142,mid,vb2,0.0,0.0,0.0,0.0,0.0
47.0,40.0,-0.6230506896972656,1.0,0.5364077687263489,boy,mixedsch,-0.13992305099964142,mid,vb2,0.0,0.0,0.0,0.0,0.0
47.0,41.0,-0.5551124811172485,1.0,-0.6207126379013062,boy,mixedsch,-0.13992305099964142,mid,vb2,0.0,0.0,0.0,0.0,0.0
47.0,42.0,-0.06208816543221474,1.0,0.9496650099754333,boy,mixedsch,-0.13992305099964142,mid,vb2,0.0,0.0,0.0,0.0,0.0
47.0,43.0,-0.6995050311088562,1.0,-0.2074553370475769,boy,mixedsch,-0.13992305099964142,mid,vb2,0.0,0.0,0.0,0.0,0.0
47.0,44.0,-0.12908467650413513,1.0,-0.4554097056388855,boy,mixedsch,-0.13992305099964142,mid,vb2,0.0,0.0,0.0,0.0,0.0
47.0,45.0,0.678758978843689,1.0,1.0323165655136108,boy,mixedsch,-0.13992305099964142,mid,vb2,0.0,0.0,0.0,0.0,0.0
47.0,46.0,0.004321751184761524,1.0,0.3711048662662506,boy,mixedsch,-0.13992305099964142,mid,vb2,0.0,0.0,0.0,0.0,0.0
47.0,47.0,-2.1086435317993164,1.0,-1.199272871017456,boy,mixedsch,-0.13992305099964142,mid,vb3,0.0,0.0,0.0,0.0,0.0
47.0,48.0,-0.9393776655197144,1.0,-0.042152419686317444,boy,mixedsch,-0.13992305099964142,mid,vb3,0.0,0.0,0.0,0.0,0.0
47.0,49.0,-0.12908467650413513,1.0,0.6190592646598816,boy,mixedsch,-0.13992305099964142,mid,vb1,0.0,0.0,0.0,0.0,0.0
47.0,50.0,0.328072190284729,1.0,-0.6207126379013062,boy,mixedsch,-0.13992305099964142,mid,vb3,0.0,0.0,0.0,0.0,0.0
47.0,51.0,0.9675859808921814,1.0,1.0323165655136108,boy,mixedsch,-0.13992305099964142,mid,vb1,0.0,0.0,0.0,0.0,0.0
47.0,52.0,-0.6230506896972656,1.0,-0.9513183832168579,boy,mixedsch,-0.13992305099964142,mid,vb3,0.0,0.0,0.0,0.0,0.0
47.0,53.0,0.821988046169281,1.0,0.040499038994312286,boy,mixedsch,-0.13992305099964142,mid,vb1,0.0,0.0,0.0,0.0,0.0
47.0,54.0,1.3747409582138062,1.0,0.45375630259513855,boy,mixedsch,-0.13992305099964142,mid,vb1,0.0,0.0,0.0,0.0,0.0
47.0,55.0,-1.9620754718780518,1.0,-0.8686670064926147,boy,mixedsch,-0.13992305099964142,mid,vb2,0.0,0.0,0.0,0.0,0.0
47.0,56.0,0.328072190284729,1.0,-0.7033640742301941,boy,mixedsch,-0.13992305099964142,mid,vb2,0.0,0.0,0.0,0.0,0.0
47.0,57.0,1.2405332326889038,1.0,1.9414825439453125,boy,mixedsch,-0.13992305099964142,mid,vb1,0.0,0.0,0.0,0.0,0.0
47.0,58.0,-1.9620754718780518,1.0,-1.6951816082000732,boy,mixedsch,-0.13992305099964142,mid,vb2,0.0,0.0,0.0,0.0,0.0
47.0,59.0,-0.5551124811172485,1.0,0.45375630259513855,boy,mixedsch,-0.13992305099964142,mid,vb2,0.0,0.0,0.0,0.0,0.0
47.0,60.0,-0.6995050311088562,1.0,-0.5380612015724182,boy,mixedsch,-0.13992305099964142,mid,vb2,0.0,0.0,0.0,0.0,0.0
47.0,61.0,-0.33884158730506897,1.0,0.040499038994312286,boy,mixedsch,-0.13992305099964142,mid,vb2,0.0,0.0,0.0,0.0,0.0
47.0,62.0,0.821988046169281,1.0,0.12315050512552261,boy,mixedsch,-0.13992305099964142,mid,vb2,0.0,0.0,0.0,0.0,0.0
47.0,63.0,-0.4927808344364166,1.0,0.040499038994312286,boy,mixedsch,-0.13992305099964142,mid,vb2,0.0,0.0,0.0,0.0,0.0
47.0,64.0,1.0396080017089844,1.0,-0.042152419686317444,boy,mixedsch,-0.13992305099964142,mid,vb2,0.0,0.0,0.0,0.0,0.0
47.0,65.0,0.07353636622428894,1.0,-0.4554097056388855,boy,mixedsch,-0.13992305099964142,mid,vb3,0.0,0.0,0.0,0.0,0.0
47.0,66.0,-1.438662052154541,1.0,-0.7033640742301941,boy,mixedsch,-0.13992305099964142,mid,vb2,0.0,0.0,0.0,0.0,0.0
47.0,67.0,1.2405332326889038,1.0,-1.0339698791503906,boy,mixedsch,-0.13992305099964142,mid,vb2,0.0,0.0,0.0,0.0,0.0
47.0,68.0,0.9675859808921814,1.0,0.20580196380615234,boy,mixedsch,-0.13992305099964142,mid,vb1,0.0,0.0,0.0,0.0,0.0
47.0,69.0,-1.029066801071167,1.0,-0.5380612015724182,boy,mixedsch,-0.13992305099964142,mid,vb2,0.0,0.0,0.0,0.0,0.0
47.0,70.0,1.0396080017089844,1.0,-0.042152419686317444,boy,mixedsch,-0.13992305099964142,mid,vb2,0.0,0.0,0.0,0.0,0.0
47.0,71.0,-1.1186243295669556,1.0,-0.5380612015724182,boy,mixedsch,-0.13992305099964142,mid,vb2,0.0,0.0,0.0,0.0,0.0
47.0,72.0,1.661805510520935,1.0,1.4455738067626953,boy,mixedsch,-0.13992305099964142,mid,vb1,0.0,0.0,0.0,0.0,0.0
47.0,73.0,0.4026685655117035,1.0,-0.4554097056388855,boy,mixedsch,-0.13992305099964142,mid,vb2,0.0,0.0,0.0,0.0,0.0
47.0,74.0,0.678758978843689,1.0,-0.12480387836694717,boy,mixedsch,-0.13992305099964142,mid,vb2,0.0,0.0,0.0,0.0,0.0
47.0,75.0,0.821988046169281,1.0,0.45375630259513855,boy,mixedsch,-0.13992305099964142,mid,vb2,0.0,0.0,0.0,0.0,0.0
47.0,76.0,0.4781937301158905,1.0,0.7843621969223022,boy,mixedsch,-0.13992305099964142,mid,vb2,0.0,0.0,0.0,0.0,0.0
47.0,77.0,-0.4927808344364166,1.0,0.12315050512552261,boy,mixedsch,-0.13992305099964142,mid,vb2,0.0,0.0,0.0,0.0,0.0
47.0,78.0,1.0396080017089844,1.0,0.20580196380615234,boy,mixedsch,-0.13992305099964142,mid,vb1,0.0,0.0,0.0,0.0,0.0
47.0,79.0,-0.776108980178833,1.0,-0.6207126379013062,boy,mixedsch,-0.13992305099964142,mid,vb2,0.0,0.0,0.0,0.0,0.0
47.0,80.0,-0.6230506896972656,1.0,-0.042152419686317444,boy,mixedsch,-0.13992305099964142,mid,vb2,0.0,0.0,0.0,0.0,0.0
47.0,81.0,-0.6230506896972656,1.0,-0.042152419686317444,boy,mixedsch,-0.13992305099964142,mid,vb1,0.0,0.0,0.0,0.0,0.0
47.0,82.0,-1.9620754718780518,1.0,-0.29010680317878723,boy,mixedsch,-0.13992305099964142,mid,vb2,0.0,0.0,0.0,0.0,0.0
50.0,1.0,-1.1186243295669556,1.0,-0.8686670064926147,girl,mixedsch,0.0065326993353664875,mid,vb2,0.0,0.0,-0.8686670064926147,0.0,0.0
50.0,2.0,-1.1186243295669556,1.0,-0.29010680317878723,boy,mixedsch,0.0065326993353664875,mid,vb2,0.0,0.0,0.0,0.0,0.0
50.0,3.0,0.07353636622428894,1.0,1.1976194381713867,boy,mixedsch,0.0065326993353664875,mid,vb1,0.0,0.0,0.0,0.0,0.0
50.0,4.0,1.0396080017089844,1.0,1.2802709341049194,girl,mixedsch,0.0065326993353664875,mid,vb1,0.0,0.0,1.2802709341049194,0.0,0.0
50.0,5.0,-0.5551124811172485,1.0,0.28845342993736267,girl,mixedsch,0.0065326993353664875,mid,vb2,0.0,0.0,0.28845342993736267,0.0,0.0
50.0,6.0,0.1941491812467575,1.0,1.6108767986297607,boy,mixedsch,0.0065326993353664875,mid,vb1,0.0,0.0,0.0,0.0,0.0
50.0,7.0,1.2405332326889038,1.0,1.1149680614471436,boy,mixedsch,0.0065326993353664875,mid,vb1,0.0,0.0,0.0,0.0,0.0
50.0,8.0,-0.06208816543221474,1.0,0.6190592646598816,girl,mixedsch,0.0065326993353664875,mid,vb2,0.0,0.0,0.6190592646598816,0.0,0.0
50.0,9.0,0.004321751184761524,1.0,1.2802709341049194,girl,mixedsch,0.0065326993353664875,mid,vb2,0.0,0.0,1.2802709341049194,0.0,0.0
50.0,10.0,-1.438662052154541,1.0,-1.9431359767913818,boy,mixedsch,0.0065326993353664875,mid,vb3,0.0,0.0,0.0,0.0,0.0
50.0,11.0,-1.7238824367523193,1.0,-2.2737417221069336,girl,mixedsch,0.0065326993353664875,mid,vb3,0.0,0.0,-2.2737417221069336,0.0,0.0
50.0,12.0,-0.6230506896972656,1.0,-0.4554097056388855,girl,mixedsch,0.0065326993353664875,mid,vb2,0.0,0.0,-0.4554097056388855,0.0,0.0
50.0,13.0,0.4781937301158905,1.0,0.7843621969223022,girl,mixedsch,0.0065326993353664875,mid,vb1,0.0,0.0,0.7843621969223022,0.0,0.0
50.0,14.0,-0.33884158730506897,1.0,0.7843621969223022,girl,mixedsch,0.0065326993353664875,mid,vb2,0.0,0.0,0.7843621969223022,0.0,0.0
50.0,15.0,0.4026685655117035,1.0,0.7843621969223022,boy,mixedsch,0.0065326993353664875,mid,vb1,0.0,0.0,0.0,0.0,0.0
50.0,16.0,-0.9393776655197144,1.0,-1.8604844808578491,boy,mixedsch,0.0065326993353664875,mid,vb3,0.0,0.0,0.0,0.0,0.0
50.0,17.0,-0.19761060178279877,1.0,0.45375630259513855,girl,mixedsch,0.0065326993353664875,mid,vb2,0.0,0.0,0.45375630259513855,0.0,0.0
50.0,18.0,-1.6237297058105469,1.0,-0.8686670064926147,girl,mixedsch,0.0065326993353664875,mid,vb2,0.0,0.0,-0.8686670064926147,0.0,0.0
50.0,19.0,-0.26515936851501465,1.0,-0.29010680317878723,boy,mixedsch,0.0065326993353664875,mid,vb1,0.0,0.0,0.0,0.0,0.0
50.0,20.0,1.3101423978805542,1.0,1.0323165655136108,boy,mixedsch,0.0065326993353664875,mid,vb2,0.0,0.0,0.0,0.0,0.0
50.0,21.0,-0.6995050311088562,1.0,1.1149680614471436,girl,mixedsch,0.0065326993353664875,mid,vb2,0.0,0.0,1.1149680614471436,0.0,0.0
50.0,22.0,0.821988046169281,1.0,1.528225302696228,girl,mixedsch,0.0065326993353664875,mid,vb2,0.0,0.0,1.528225302696228,0.0,0.0
50.0,23.0,0.7472277283668518,1.0,0.3711048662662506,boy,mixedsch,0.0065326993353664875,mid,vb2,0.0,0.0,0.0,0.0,0.0
50.0,24.0,-1.3353148698806763,1.0,0.20580196380615234,boy,mixedsch,0.0065326993353664875,mid,vb2,0.0,0.0,0.0,0.0,0.0
50.0,25.0,-1.1186243295669556,1.0,-0.5380612015724182,girl,mixedsch,0.0065326993353664875,mid,vb2,0.0,0.0,-0.5380612015724182,0.0,0.0
50.0,26.0,0.1941491812467575,1.0,1.0323165655136108,girl,mixedsch,0.0065326993353664875,mid,vb1,0.0,0.0,1.0323165655136108,0.0,0.0
50.0,27.0,-1.1186243295669556,1.0,-0.7033640742301941,boy,mixedsch,0.0065326993353664875,mid,vb2,0.0,0.0,0.0,0.0,0.0
50.0,28.0,-0.4927808344364166,1.0,-0.4554097056388855,girl,mixedsch,0.0065326993353664875,mid,vb2,0.0,0.0,-0.4554097056388855,0.0,0.0
50.0,29.0,0.821988046169281,1.0,1.1976194381713867,boy,mixedsch,0.0065326993353664875,mid,vb1,0.0,0.0,0.0,0.0,0.0
50.0,30.0,-0.12908467650413513,1.0,-0.5380612015724182,boy,mixedsch,0.0065326993353664875,mid,vb2,0.0,0.0,0.0,0.0,0.0
50.0,31.0,0.2613244652748108,1.0,1.7761796712875366,boy,mixedsch,0.0065326993353664875,mid,vb2,0.0,0.0,0.0,0.0,0.0
50.0,32.0,-1.6237297058105469,1.0,-2.025787353515625,boy,mixedsch,0.0065326993353664875,mid,vb3,0.0,0.0,0.0,0.0,0.0
50.0,33.0,0.6107285618782043,1.0,-0.8686670064926147,girl,mixedsch,0.0065326993353664875,mid,vb2,0.0,0.0,-0.8686670064926147,0.0,0.0
50.0,34.0,0.9675859808921814,1.0,1.1976194381713867,girl,mixedsch,0.0065326993353664875,mid,vb1,0.0,0.0,1.1976194381713867,0.0,0.0
50.0,35.0,0.9675859808921814,1.0,0.20580196380615234,boy,mixedsch,0.0065326993353664875,mid,vb2,0.0,0.0,0.0,0.0,0.0
50.0,36.0,-0.8526700735092163,1.0,-0.7033640742301941,boy,mixedsch,0.0065326993353664875,mid,vb3,0.0,0.0,0.0,0.0,0.0
50.0,37.0,0.1941491812467575,1.0,-0.4554097056388855,girl,mixedsch,0.0065326993353664875,mid,vb2,0.0,0.0,-0.4554097056388855,0.0,0.0
50.0,38.0,-2.2917308807373047,1.0,-0.8686670064926147,boy,mixedsch,0.0065326993353664875,mid,vb3,0.0,0.0,0.0,0.0,0.0
50.0,39.0,0.7472277283668518,1.0,-0.29010680317878723,boy,mixedsch,0.0065326993353664875,mid,vb2,0.0,0.0,0.0,0.0,0.0
50.0,40.0,-1.6237297058105469,1.0,-0.9513183832168579,boy,mixedsch,0.0065326993353664875,mid,vb3,0.0,0.0,0.0,0.0,0.0
50.0,41.0,-3.0595431327819824,1.0,-1.1166213750839233,boy,mixedsch,0.0065326993353664875,mid,vb3,0.0,0.0,0.0,0.0,0.0
50.0,42.0,0.13406679034233093,1.0,0.3711048662662506,boy,mixedsch,0.0065326993353664875,mid,vb2,0.0,0.0,0.0,0.0,0.0
50.0,43.0,0.8965656757354736,1.0,1.6108767986297607,girl,mixedsch,0.0065326993353664875,mid,vb1,0.0,0.0,1.6108767986297607,0.0,0.0
50.0,44.0,1.175849437713623,1.0,0.8670135736465454,boy,mixedsch,0.0065326993353664875,mid,vb1,0.0,0.0,0.0,0.0,0.0
50.0,45.0,-1.029066801071167,1.0,-0.2074553370475769,boy,mixedsch,0.0065326993353664875,mid,vb2,0.0,0.0,0.0,0.0,0.0
50.0,46.0,-0.33884158730506897,1.0,-0.2074553370475769,boy,mixedsch,0.0065326993353664875,mid,vb2,0.0,0.0,0.0,0.0,0.0
50.0,47.0,-0.8526700735092163,1.0,-0.042152419686317444,girl,mixedsch,0.0065326993353664875,mid,vb2,0.0,0.0,-0.042152419686317444,0.0,0.0
50.0,48.0,0.4781937301158905,1.0,0.9496650099754333,girl,mixedsch,0.0065326993353664875,mid,vb1,0.0,0.0,0.9496650099754333,0.0,0.0
50.0,49.0,-0.6230506896972656,1.0,-0.29010680317878723,boy,mixedsch,0.0065326993353664875,mid,vb1,0.0,0.0,0.0,0.0,0.0
50.0,50.0,-0.33884158730506897,1.0,0.040499038994312286,girl,mixedsch,0.0065326993353664875,mid,vb2,0.0,0.0,0.040499038994312286,0.0,0.0
50.0,51.0,0.2613244652748108,1.0,-0.7860155701637268,girl,mixedsch,0.0065326993353664875,mid,vb2,0.0,0.0,-0.7860155701637268,0.0,0.0
50.0,52.0,-0.9393776655197144,1.0,0.12315050512552261,girl,mixedsch,0.0065326993353664875,mid,vb1,0.0,0.0,0.12315050512552261,0.0,0.0
50.0,53.0,-1.3353148698806763,1.0,-1.9431359767913818,boy,mixedsch,0.0065326993353664875,mid,vb3,0.0,0.0,0.0,0.0,0.0
50.0,54.0,-0.4927808344364166,1.0,0.20580196380615234,boy,mixedsch,0.0065326993353664875,mid,vb2,0.0,0.0,0.0,0.0,0.0
50.0,55.0,0.4026685655117035,1.0,0.9496650099754333,girl,mixedsch,0.0065326993353664875,mid,vb1,0.0,0.0,0.9496650099754333,0.0,0.0
50.0,56.0,-0.5551124811172485,1.0,-0.042152419686317444,boy,mixedsch,0.0065326993353664875,mid,vb2,0.0,0.0,0.0,0.0,0.0
50.0,57.0,-0.8526700735092163,1.0,-1.4472272396087646,girl,mixedsch,0.0065326993353664875,mid,vb2,0.0,0.0,-1.4472272396087646,0.0,0.0
50.0,58.0,0.2613244652748108,1.0,-0.12480387836694717,girl,mixedsch,0.0065326993353664875,mid,vb2,0.0,0.0,-0.12480387836694717,0.0,0.0
50.0,59.0,-2.1086435317993164,1.0,-1.199272871017456,girl,mixedsch,0.0065326993353664875,mid,vb2,0.0,0.0,-1.199272871017456,0.0,0.0
50.0,60.0,0.07353636622428894,1.0,1.1976194381713867,girl,mixedsch,0.0065326993353664875,mid,vb2,0.0,0.0,1.1976194381713867,0.0,0.0
50.0,61.0,0.678758978843689,1.0,0.8670135736465454,boy,mixedsch,0.0065326993353664875,mid,vb1,0.0,0.0,0.0,0.0,0.0
50.0,62.0,-0.776108980178833,1.0,-0.5380612015724182,boy,mixedsch,0.0065326993353664875,mid,vb3,0.0,0.0,0.0,0.0,0.0
50.0,63.0,-0.12908467650413513,1.0,-0.4554097056388855,girl,mixedsch,0.0065326993353664875,mid,vb2,0.0,0.0,-0.4554097056388855,0.0,0.0
50.0,64.0,0.6107285618782043,1.0,1.1976194381713867,girl,mixedsch,0.0065326993353664875,mid,vb1,0.0,0.0,1.1976194381713867,0.0,0.0
50.0,65.0,-1.3353148698806763,1.0,-1.777833104133606,girl,mixedsch,0.0065326993353664875,mid,vb3,0.0,0.0,-1.777833104133606,0.0,0.0
50.0,66.0,-0.6230506896972656,1.0,-0.9513183832168579,girl,mixedsch,0.0065326993353664875,mid,vb2,0.0,0.0,-0.9513183832168579,0.0,0.0
50.0,67.0,0.4781937301158905,1.0,1.0323165655136108,girl,mixedsch,0.0065326993353664875,mid,vb1,0.0,0.0,1.0323165655136108,0.0,0.0
50.0,68.0,-0.19761060178279877,1.0,0.20580196380615234,girl,mixedsch,0.0065326993353664875,mid,vb2,0.0,0.0,0.20580196380615234,0.0,0.0
50.0,69.0,0.13406679034233093,1.0,0.28845342993736267,boy,mixedsch,0.0065326993353664875,mid,vb2,0.0,0.0,0.0,0.0,0.0
50.0,70.0,-1.2194855213165283,1.0,-0.37275826930999756,girl,mixedsch,0.0065326993353664875,mid,vb2,0.0,0.0,-0.37275826930999756,0.0,0.0
50.0,71.0,-0.4927808344364166,1.0,-0.042152419686317444,girl,mixedsch,0.0065326993353664875,mid,vb2,0.0,0.0,-0.042152419686317444,0.0,0.0
50.0,72.0,-0.9393776655197144,1.0,-0.4554097056388855,boy,mixedsch,0.0065326993353664875,mid,vb2,0.0,0.0,0.0,0.0,0.0
50.0,73.0,-0.6230506896972656,1.0,-0.042152419686317444,boy,mixedsch,0.0065326993353664875,mid,vb2,0.0,0.0,0.0,0.0,0.0
51.0,1.0,0.328072190284729,1.0,0.3711048662662506,girl,mixedsch,-0.39698371291160583,low,vb2,0.0,0.0,0.3711048662662506,0.0,0.0
51.0,2.0,-1.2194855213165283,1.0,-0.6207126379013062,girl,mixedsch,-0.39698371291160583,low,vb2,0.0,0.0,-0.6207126379013062,0.0,0.0
51.0,3.0,-0.4198014438152313,1.0,0.5364077687263489,boy,mixedsch,-0.39698371291160583,low,vb1,0.0,0.0,0.0,0.0,0.0
51.0,4.0,1.506184697151184,1.0,0.7843621969223022,girl,mixedsch,-0.39698371291160583,low,vb2,0.0,0.0,0.7843621969223022,0.0,0.0
51.0,5.0,0.004321751184761524,1.0,1.0323165655136108,girl,mixedsch,-0.39698371291160583,low,vb1,0.0,0.0,1.0323165655136108,0.0,0.0
51.0,6.0,-1.438662052154541,1.0,-2.6869990825653076,boy,mixedsch,-0.39698371291160583,low,vb3,0.0,0.0,0.0,0.0,0.0
51.0,7.0,-0.6995050311088562,1.0,-1.6125301122665405,boy,mixedsch,-0.39698371291160583,low,vb2,0.0,0.0,0.0,0.0,0.0
51.0,8.0,-0.26515936851501465,1.0,-1.199272871017456,boy,mixedsch,-0.39698371291160583,low,vb2,0.0,0.0,0.0,0.0,0.0
51.0,9.0,-0.4927808344364166,1.0,0.12315050512552261,boy,mixedsch,-0.39698371291160583,low,vb2,0.0,0.0,0.0,0.0,0.0
51.0,10.0,-0.9393776655197144,1.0,-2.2737417221069336,girl,mixedsch,-0.39698371291160583,low,vb3,0.0,0.0,-2.2737417221069336,0.0,0.0
51.0,11.0,-1.029066801071167,1.0,-2.521696090698242,boy,mixedsch,-0.39698371291160583,low,vb3,0.0,0.0,0.0,0.0,0.0
51.0,12.0,-1.438662052154541,1.0,1.1976194381713867,boy,mixedsch,-0.39698371291160583,low,vb2,0.0,0.0,0.0,0.0,0.0
51.0,13.0,-0.12908467650413513,1.0,0.5364077687263489,boy,mixedsch,-0.39698371291160583,low,vb1,0.0,0.0,0.0,0.0,0.0
51.0,14.0,-1.9620754718780518,1.0,-1.6951816082000732,boy,mixedsch,-0.39698371291160583,low,vb3,0.0,0.0,0.0,0.0,0.0
51.0,15.0,-0.9393776655197144,1.0,-0.4554097056388855,girl,mixedsch,-0.39698371291160583,low,vb2,0.0,0.0,-0.4554097056388855,0.0,0.0
51.0,16.0,-0.33884158730506897,1.0,0.45375630259513855,girl,mixedsch,-0.39698371291160583,low,vb2,0.0,0.0,0.45375630259513855,0.0,0.0
51.0,17.0,0.4026685655117035,1.0,-0.4554097056388855,girl,mixedsch,-0.39698371291160583,low,vb1,0.0,0.0,-0.4554097056388855,0.0,0.0
51.0,18.0,0.8965656757354736,1.0,-0.042152419686317444,girl,mixedsch,-0.39698371291160583,low,vb1,0.0,0.0,-0.042152419686317444,0.0,0.0
51.0,19.0,-0.26515936851501465,1.0,-0.8686670064926147,girl,mixedsch,-0.39698371291160583,low,vb2,0.0,0.0,-0.8686670064926147,0.0,0.0
51.0,20.0,-0.776108980178833,1.0,-0.5380612015724182,boy,mixedsch,-0.39698371291160583,low,vb2,0.0,0.0,0.0,0.0,0.0
51.0,21.0,-0.12908467650413513,1.0,-0.042152419686317444,boy,mixedsch,-0.39698371291160583,low,vb1,0.0,0.0,0.0,0.0,0.0
51.0,22.0,0.07353636622428894,1.0,-2.2737417221069336,boy,mixedsch,-0.39698371291160583,low,vb2,0.0,0.0,0.0,0.0,0.0
51.0,23.0,-0.776108980178833,1.0,-1.0339698791503906,boy,mixedsch,-0.39698371291160583,low,vb2,0.0,0.0,0.0,0.0,0.0
51.0,24.0,-0.6995050311088562,1.0,-0.8686670064926147,girl,mixedsch,-0.39698371291160583,low,vb2,0.0,0.0,-0.8686670064926147,0.0,0.0
51.0,25.0,-0.8526700735092163,1.0,-0.7033640742301941,boy,mixedsch,-0.39698371291160583,low,vb2,0.0,0.0,0.0,0.0,0.0
51.0,26.0,0.5443409085273743,1.0,-1.364575743675232,girl,mixedsch,-0.39698371291160583,low,vb2,0.0,0.0,-1.364575743675232,0.0,0.0
51.0,27.0,1.1094379425048828,1.0,0.28845342993736267,girl,mixedsch,-0.39698371291160583,low,vb1,0.0,0.0,0.28845342993736267,0.0,0.0
51.0,28.0,0.6107285618782043,1.0,-0.7033640742301941,boy,mixedsch,-0.39698371291160583,low,vb2,0.0,0.0,0.0,0.0,0.0
51.0,29.0,-0.12908467650413513,1.0,0.6190592646598816,boy,mixedsch,-0.39698371291160583,low,vb2,0.0,0.0,0.0,0.0,0.0
51.0,30.0,-0.8526700735092163,1.0,0.12315050512552261,boy,mixedsch,-0.39698371291160583,low,vb1,0.0,0.0,0.0,0.0,0.0
51.0,31.0,-1.7238824367523193,1.0,-2.356393337249756,boy,mixedsch,-0.39698371291160583,low,vb3,0.0,0.0,0.0,0.0,0.0
51.0,32.0,-1.1186243295669556,1.0,-2.439044713973999,boy,mixedsch,-0.39698371291160583,low,vb3,0.0,0.0,0.0,0.0,0.0
51.0,33.0,0.004321751184761524,1.0,-0.9513183832168579,girl,mixedsch,-0.39698371291160583,low,vb2,0.0,0.0,-0.9513183832168579,0.0,0.0
51.0,34.0,-0.4198014438152313,1.0,-0.5380612015724182,girl,mixedsch,-0.39698371291160583,low,vb1,0.0,0.0,-0.5380612015724182,0.0,0.0
51.0,35.0,-0.6995050311088562,1.0,-0.5380612015724182,girl,mixedsch,-0.39698371291160583,low,vb2,0.0,0.0,-0.5380612015724182,0.0,0.0
51.0,36.0,-1.3353148698806763,1.0,-0.37275826930999756,girl,mixedsch,-0.39698371291160583,low,vb2,0.0,0.0,-0.37275826930999756,0.0,0.0
51.0,37.0,-0.6995050311088562,1.0,1.8588311672210693,boy,mixedsch,-0.39698371291160583,low,vb1,0.0,0.0,0.0,0.0,0.0
51.0,38.0,0.4781937301158905,1.0,-0.12480387836694717,girl,mixedsch,-0.39698371291160583,low,vb1,0.0,0.0,-0.12480387836694717,0.0,0.0
51.0,39.0,-0.4927808344364166,1.0,-2.025787353515625,girl,mixedsch,-0.39698371291160583,low,vb2,0.0,0.0,-2.025787353515625,0.0,0.0
51.0,40.0,0.4026685655117035,1.0,-0.5380612015724182,boy,mixedsch,-0.39698371291160583,low,vb1,0.0,0.0,0.0,0.0,0.0
51.0,41.0,-1.438662052154541,1.0,-0.8686670064926147,boy,mixedsch,-0.39698371291160583,low,vb2,0.0,0.0,0.0,0.0,0.0
51.0,42.0,0.9675859808921814,1.0,1.4455738067626953,girl,mixedsch,-0.39698371291160583,low,vb1,0.0,0.0,1.4455738067626953,0.0,0.0
51.0,43.0,0.2613244652748108,1.0,0.7017107009887695,girl,mixedsch,-0.39698371291160583,low,vb1,0.0,0.0,0.7017107009887695,0.0,0.0
51.0,44.0,-0.6230506896972656,1.0,-0.29010680317878723,girl,mixedsch,-0.39698371291160583,low,vb2,0.0,0.0,-0.29010680317878723,0.0,0.0
51.0,45.0,-0.26515936851501465,1.0,0.20580196380615234,boy,mixedsch,-0.39698371291160583,low,vb1,0.0,0.0,0.0,0.0,0.0
51.0,46.0,0.13406679034233093,1.0,0.12315050512552261,girl,mixedsch,-0.39698371291160583,low,vb2,0.0,0.0,0.12315050512552261,0.0,0.0
51.0,47.0,0.2613244652748108,1.0,-0.37275826930999756,girl,mixedsch,-0.39698371291160583,low,vb2,0.0,0.0,-0.37275826930999756,0.0,0.0
51.0,48.0,0.2613244652748108,1.0,1.7761796712875366,girl,mixedsch,-0.39698371291160583,low,vb1,0.0,0.0,1.7761796712875366,0.0,0.0
51.0,49.0,0.328072190284729,1.0,0.8670135736465454,boy,mixedsch,-0.39698371291160583,low,vb1,0.0,0.0,0.0,0.0,0.0
51.0,50.0,-0.776108980178833,1.0,-1.2819242477416992,girl,mixedsch,-0.39698371291160583,low,vb2,0.0,0.0,-1.2819242477416992,0.0,0.0
51.0,51.0,-0.776108980178833,1.0,-1.1166213750839233,boy,mixedsch,-0.39698371291160583,low,vb3,0.0,0.0,0.0,0.0,0.0
51.0,52.0,-0.4198014438152313,1.0,-0.37275826930999756,girl,mixedsch,-0.39698371291160583,low,vb2,0.0,0.0,-0.37275826930999756,0.0,0.0
51.0,53.0,-0.06208816543221474,1.0,-1.777833104133606,girl,mixedsch,-0.39698371291160583,low,vb2,0.0,0.0,-1.777833104133606,0.0,0.0
51.0,54.0,0.821988046169281,1.0,0.8670135736465454,boy,mixedsch,-0.39698371291160583,low,vb1,0.0,0.0,0.0,0.0,0.0
51.0,55.0,-0.12908467650413513,1.0,-0.4554097056388855,girl,mixedsch,-0.39698371291160583,low,vb2,0.0,0.0,-0.4554097056388855,0.0,0.0
51.0,56.0,1.1094379425048828,1.0,1.1149680614471436,girl,mixedsch,-0.39698371291160583,low,vb1,0.0,0.0,1.1149680614471436,0.0,0.0
51.0,57.0,-0.26515936851501465,1.0,-0.6207126379013062,girl,mixedsch,-0.39698371291160583,low,vb2,0.0,0.0,-0.6207126379013062,0.0,0.0
51.0,58.0,0.4026685655117035,1.0,0.9496650099754333,girl,mixedsch,-0.39698371291160583,low,vb2,0.0,0.0,0.9496650099754333,0.0,0.0
54.0,1.0,0.2613244652748108,1.0,0.28845342993736267,boy,mixedsch,0.588064968585968,high,vb2,0.0,0.0,0.0,0.0,0.0
54.0,2.0,-1.6237297058105469,1.0,0.20580196380615234,boy,mixedsch,0.588064968585968,high,vb2,0.0,0.0,0.0,0.0,0.0
54.0,3.0,-1.1186243295669556,1.0,1.0323165655136108,girl,mixedsch,0.588064968585968,high,vb2,0.0,0.0,1.0323165655136108,0.0,0.0
54.0,4.0,-0.26515936851501465,1.0,0.9496650099754333,girl,mixedsch,0.588064968585968,high,vb1,0.0,0.0,0.9496650099754333,0.0,0.0
54.0,5.0,-0.06208816543221474,1.0,1.1976194381713867,girl,mixedsch,0.588064968585968,high,vb1,0.0,0.0,1.1976194381713867,0.0,0.0
54.0,6.0,-0.26515936851501465,1.0,0.3711048662662506,boy,mixedsch,0.588064968585968,high,vb2,0.0,0.0,0.0,0.0,0.0
54.0,7.0,-0.776108980178833,1.0,-0.5380612015724182,girl,mixedsch,0.588064968585968,high,vb2,0.0,0.0,-0.5380612015724182,0.0,0.0
54.0,8.0,-1.2194855213165283,1.0,1.1976194381713867,boy,mixedsch,0.588064968585968,high,vb2,0.0,0.0,0.0,0.0,0.0
55.0,1.0,2.2031209468841553,1.0,1.4455738067626953,girl,mixedsch,0.26738542318344116,high,vb1,0.0,0.0,1.4455738067626953,0.0,0.0
55.0,2.0,1.661805510520935,1.0,0.8670135736465454,girl,mixedsch,0.26738542318344116,high,vb1,0.0,0.0,0.8670135736465454,0.0,0.0
55.0,3.0,2.626739263534546,1.0,1.693528175354004,girl,mixedsch,0.26738542318344116,high,vb1,0.0,0.0,1.693528175354004,0.0,0.0
55.0,4.0,0.13406679034233093,1.0,0.12315050512552261,girl,mixedsch,0.26738542318344116,high,vb1,0.0,0.0,0.12315050512552261,0.0,0.0
55.0,5.0,0.2613244652748108,1.0,0.20580196380615234,boy,mixedsch,0.26738542318344116,high,vb2,0.0,0.0,0.0,0.0,0.0
55.0,6.0,0.678758978843689,1.0,0.6190592646598816,girl,mixedsch,0.26738542318344116,high,vb1,0.0,0.0,0.6190592646598816,0.0,0.0
55.0,7.0,0.07353636622428894,1.0,0.28845342993736267,boy,mixedsch,0.26738542318344116,high,vb3,0.0,0.0,0.0,0.0,0.0
55.0,8.0,0.13406679034233093,1.0,-0.8686670064926147,boy,mixedsch,0.26738542318344116,high,vb2,0.0,0.0,0.0,0.0,0.0
55.0,9.0,0.821988046169281,1.0,0.6190592646598816,girl,mixedsch,0.26738542318344116,high,vb1,0.0,0.0,0.6190592646598816,0.0,0.0
55.0,10.0,1.661805510520935,1.0,1.1149680614471436,girl,mixedsch,0.26738542318344116,high,vb1,0.0,0.0,1.1149680614471436,0.0,0.0
55.0,11.0,0.4026685655117035,1.0,1.693528175354004,boy,mixedsch,0.26738542318344116,high,vb1,0.0,0.0,0.0,0.0,0.0
55.0,12.0,0.821988046169281,1.0,1.1976194381713867,boy,mixedsch,0.26738542318344116,high,vb2,0.0,0.0,0.0,0.0,0.0
55.0,13.0,1.3747409582138062,1.0,2.106785535812378,boy,mixedsch,0.26738542318344116,high,vb1,0.0,0.0,0.0,0.0,0.0
55.0,14.0,0.4781937301158905,1.0,0.6190592646598816,boy,mixedsch,0.26738542318344116,high,vb2,0.0,0.0,0.0,0.0,0.0
55.0,15.0,0.6107285618782043,1.0,-0.9513183832168579,boy,mixedsch,0.26738542318344116,high,vb2,0.0,0.0,0.0,0.0,0.0
55.0,16.0,0.7472277283668518,1.0,0.5364077687263489,boy,mixedsch,0.26738542318344116,high,vb2,0.0,0.0,0.0,0.0,0.0
55.0,17.0,1.4395315647125244,1.0,1.0323165655136108,boy,mixedsch,0.26738542318344116,high,vb1,0.0,0.0,0.0,0.0,0.0
55.0,18.0,1.5792195796966553,1.0,0.3711048662662506,boy,mixedsch,0.26738542318344116,high,vb2,0.0,0.0,0.0,0.0,0.0
55.0,19.0,2.2031209468841553,1.0,0.6190592646598816,girl,mixedsch,0.26738542318344116,high,vb1,0.0,0.0,0.6190592646598816,0.0,0.0
55.0,20.0,-0.33884158730506897,1.0,-0.7033640742301941,girl,mixedsch,0.26738542318344116,high,vb2,0.0,0.0,-0.7033640742301941,0.0,0.0
55.0,21.0,1.7348991632461548,1.0,1.0323165655136108,girl,mixedsch,0.26738542318344116,high,vb1,0.0,0.0,1.0323165655136108,0.0,0.0
55.0,22.0,1.3101423978805542,1.0,0.45375630259513855,boy,mixedsch,0.26738542318344116,high,vb2,0.0,0.0,0.0,0.0,0.0
55.0,23.0,-1.1186243295669556,1.0,-2.521696090698242,boy,mixedsch,0.26738542318344116,high,vb3,0.0,0.0,0.0,0.0,0.0
55.0,24.0,-0.19761060178279877,1.0,0.6190592646598816,boy,mixedsch,0.26738542318344116,high,vb2,0.0,0.0,0.0,0.0,0.0
55.0,25.0,-0.19761060178279877,1.0,0.12315050512552261,girl,mixedsch,0.26738542318344116,high,vb2,0.0,0.0,0.12315050512552261,0.0,0.0
55.0,26.0,1.0396080017089844,1.0,0.20580196380615234,boy,mixedsch,0.26738542318344116,high,vb2,0.0,0.0,0.0,0.0,0.0
55.0,27.0,1.661805510520935,1.0,-0.37275826930999756,girl,mixedsch,0.26738542318344116,high,vb2,0.0,0.0,-0.37275826930999756,0.0,0.0
55.0,28.0,1.3747409582138062,1.0,0.12315050512552261,boy,mixedsch,0.26738542318344116,high,vb2,0.0,0.0,0.0,0.0,0.0
55.0,29.0,-0.26515936851501465,1.0,-0.4554097056388855,girl,mixedsch,0.26738542318344116,high,vb2,0.0,0.0,-0.4554097056388855,0.0,0.0
55.0,30.0,0.2613244652748108,1.0,-0.5380612015724182,girl,mixedsch,0.26738542318344116,high,vb2,0.0,0.0,-0.5380612015724182,0.0,0.0
55.0,31.0,-1.438662052154541,1.0,-2.356393337249756,boy,mixedsch,0.26738542318344116,high,vb3,0.0,0.0,0.0,0.0,0.0
55.0,32.0,0.07353636622428894,1.0,0.040499038994312286,boy,mixedsch,0.26738542318344116,high,vb2,0.0,0.0,0.0,0.0,0.0
55.0,33.0,0.8965656757354736,1.0,0.040499038994312286,girl,mixedsch,0.26738542318344116,high,vb2,0.0,0.0,0.040499038994312286,0.0,0.0
55.0,34.0,-0.6230506896972656,1.0,-0.7860155701637268,boy,mixedsch,0.26738542318344116,high,vb2,0.0,0.0,0.0,0.0,0.0
55.0,35.0,2.0397088527679443,1.0,2.0241341590881348,boy,mixedsch,0.26738542318344116,high,vb1,0.0,0.0,0.0,0.0,0.0
55.0,36.0,2.2031209468841553,1.0,-0.12480387836694717,girl,mixedsch,0.26738542318344116,high,vb2,0.0,0.0,-0.12480387836694717,0.0,0.0
55.0,37.0,2.2031209468841553,1.0,0.5364077687263489,girl,mixedsch,0.26738542318344116,high,vb2,0.0,0.0,0.5364077687263489,0.0,0.0
55.0,38.0,0.13406679034233093,1.0,-0.7033640742301941,girl,mixedsch,0.26738542318344116,high,vb2,0.0,0.0,-0.7033640742301941,0.0,0.0
55.0,39.0,2.0397088527679443,1.0,1.528225302696228,girl,mixedsch,0.26738542318344116,high,vb1,0.0,0.0,1.528225302696228,0.0,0.0
55.0,40.0,-1.029066801071167,1.0,0.12315050512552261,boy,mixedsch,0.26738542318344116,high,vb2,0.0,0.0,0.0,0.0,0.0
55.0,41.0,1.3747409582138062,1.0,1.6108767986297607,girl,mixedsch,0.26738542318344116,high,vb1,0.0,0.0,1.6108767986297607,0.0,0.0
55.0,42.0,1.1094379425048828,1.0,1.8588311672210693,boy,mixedsch,0.26738542318344116,high,vb1,0.0,0.0,0.0,0.0,0.0
55.0,43.0,0.8965656757354736,1.0,-0.6207126379013062,boy,mixedsch,0.26738542318344116,high,vb2,0.0,0.0,0.0,0.0,0.0
55.0,44.0,0.9675859808921814,1.0,1.2802709341049194,boy,mixedsch,0.26738542318344116,high,vb1,0.0,0.0,0.0,0.0,0.0
55.0,45.0,0.13406679034233093,1.0,-1.2819242477416992,boy,mixedsch,0.26738542318344116,high,vb2,0.0,0.0,0.0,0.0,0.0
55.0,46.0,-0.33884158730506897,1.0,-0.37275826930999756,girl,mixedsch,0.26738542318344116,high,vb3,0.0,0.0,-0.37275826930999756,0.0,0.0
55.0,47.0,0.004321751184761524,1.0,-0.2074553370475769,boy,mixedsch,0.26738542318344116,high,vb1,0.0,0.0,0.0,0.0,0.0
55.0,48.0,0.4781937301158905,1.0,-0.7860155701637268,girl,mixedsch,0.26738542318344116,high,vb2,0.0,0.0,-0.7860155701637268,0.0,0.0
55.0,49.0,-0.776108980178833,1.0,0.6190592646598816,girl,mixedsch,0.26738542318344116,high,vb2,0.0,0.0,0.6190592646598816,0.0,0.0
55.0,50.0,1.3101423978805542,1.0,0.45375630259513855,girl,mixedsch,0.26738542318344116,high,vb2,0.0,0.0,0.45375630259513855,0.0,0.0
55.0,51.0,-0.26515936851501465,1.0,-0.5380612015724182,girl,mixedsch,0.26738542318344116,high,vb2,0.0,0.0,-0.5380612015724182,0.0,0.0
56.0,1.0,1.3747409582138062,1.0,1.1976194381713867,girl,mixedsch,-0.08565319329500198,mid,vb1,0.0,0.0,1.1976194381713867,0.0,0.0
56.0,2.0,-1.2194855213165283,1.0,-0.37275826930999756,boy,mixedsch,-0.08565319329500198,mid,vb2,0.0,0.0,0.0,0.0,0.0
56.0,3.0,0.6107285618782043,1.0,0.45375630259513855,boy,mixedsch,-0.08565319329500198,mid,vb1,0.0,0.0,0.0,0.0,0.0
56.0,4.0,0.7472277283668518,1.0,0.3711048662662506,girl,mixedsch,-0.08565319329500198,mid,vb1,0.0,0.0,0.3711048662662506,0.0,0.0
56.0,5.0,-0.19761060178279877,1.0,0.8670135736465454,boy,mixedsch,-0.08565319329500198,mid,vb2,0.0,0.0,0.0,0.0,0.0
56.0,6.0,-0.5551124811172485,1.0,-0.7033640742301941,girl,mixedsch,-0.08565319329500198,mid,vb3,0.0,0.0,-0.7033640742301941,0.0,0.0
56.0,7.0,-1.1186243295669556,1.0,-0.2074553370475769,girl,mixedsch,-0.08565319329500198,mid,vb2,0.0,0.0,-0.2074553370475769,0.0,0.0
56.0,8.0,1.661805510520935,1.0,0.6190592646598816,girl,mixedsch,-0.08565319329500198,mid,vb2,0.0,0.0,0.6190592646598816,0.0,0.0
56.0,9.0,-0.8526700735092163,1.0,-1.0339698791503906,boy,mixedsch,-0.08565319329500198,mid,vb2,0.0,0.0,0.0,0.0,0.0
56.0,10.0,0.9675859808921814,1.0,0.040499038994312286,girl,mixedsch,-0.08565319329500198,mid,vb1,0.0,0.0,0.040499038994312286,0.0,0.0
56.0,11.0,0.2613244652748108,1.0,0.5364077687263489,girl,mixedsch,-0.08565319329500198,mid,vb1,0.0,0.0,0.5364077687263489,0.0,0.0
56.0,12.0,0.9675859808921814,1.0,-0.7860155701637268,girl,mixedsch,-0.08565319329500198,mid,vb2,0.0,0.0,-0.7860155701637268,0.0,0.0
56.0,13.0,-1.9620754718780518,1.0,-0.37275826930999756,girl,mixedsch,-0.08565319329500198,mid,vb2,0.0,0.0,-0.37275826930999756,0.0,0.0
56.0,14.0,-0.33884158730506897,1.0,0.28845342993736267,girl,mixedsch,-0.08565319329500198,mid,vb1,0.0,0.0,0.28845342993736267,0.0,0.0
56.0,15.0,0.821988046169281,1.0,1.1976194381713867,girl,mixedsch,-0.08565319329500198,mid,vb2,0.0,0.0,1.1976194381713867,0.0,0.0
56.0,16.0,0.9675859808921814,1.0,-0.2074553370475769,boy,mixedsch,-0.08565319329500198,mid,vb2,0.0,0.0,0.0,0.0,0.0
56.0,17.0,1.5792195796966553,1.0,0.28845342993736267,girl,mixedsch,-0.08565319329500198,mid,vb2,0.0,0.0,0.28845342993736267,0.0,0.0
56.0,18.0,1.7348991632461548,1.0,-0.7033640742301941,girl,mixedsch,-0.08565319329500198,mid,vb2,0.0,0.0,-0.7033640742301941,0.0,0.0
56.0,19.0,-0.4927808344364166,1.0,0.6190592646598816,girl,mixedsch,-0.08565319329500198,mid,vb2,0.0,0.0,0.6190592646598816,0.0,0.0
56.0,20.0,-3.666071653366089,1.0,-1.6951816082000732,boy,mixedsch,-0.08565319329500198,mid,vb3,0.0,0.0,0.0,0.0,0.0
56.0,21.0,-0.33884158730506897,1.0,-0.7033640742301941,girl,mixedsch,-0.08565319329500198,mid,vb2,0.0,0.0,-0.7033640742301941,0.0,0.0
56.0,22.0,-1.8366867303848267,1.0,-0.4554097056388855,boy,mixedsch,-0.08565319329500198,mid,vb2,0.0,0.0,0.0,0.0,0.0
56.0,23.0,1.3747409582138062,1.0,0.6190592646598816,girl,mixedsch,-0.08565319329500198,mid,vb2,0.0,0.0,0.6190592646598816,0.0,0.0
56.0,24.0,1.661805510520935,1.0,0.6190592646598816,boy,mixedsch,-0.08565319329500198,mid,vb1,0.0,0.0,0.0,0.0,0.0
56.0,25.0,-1.7238824367523193,1.0,-1.0339698791503906,girl,mixedsch,-0.08565319329500198,mid,vb2,0.0,0.0,-1.0339698791503906,0.0,0.0
56.0,26.0,-0.26515936851501465,1.0,-1.8604844808578491,girl,mixedsch,-0.08565319329500198,mid,vb3,0.0,0.0,-1.8604844808578491,0.0,0.0
56.0,27.0,-0.4198014438152313,1.0,-1.2819242477416992,boy,mixedsch,-0.08565319329500198,mid,vb2,0.0,0.0,0.0,0.0,0.0
56.0,28.0,-0.12908467650413513,1.0,-0.12480387836694717,girl,mixedsch,-0.08565319329500198,mid,vb3,0.0,0.0,-0.12480387836694717,0.0,0.0
56.0,29.0,-0.6230506896972656,1.0,-0.29010680317878723,boy,mixedsch,-0.08565319329500198,mid,vb2,0.0,0.0,0.0,0.0,0.0
56.0,30.0,-0.6995050311088562,1.0,0.12315050512552261,girl,mixedsch,-0.08565319329500198,mid,vb2,0.0,0.0,0.12315050512552261,0.0,0.0
56.0,31.0,0.821988046169281,1.0,0.7843621969223022,boy,mixedsch,-0.08565319329500198,mid,vb2,0.0,0.0,0.0,0.0,0.0
56.0,32.0,0.5443409085273743,1.0,0.7017107009887695,boy,mixedsch,-0.08565319329500198,mid,vb1,0.0,0.0,0.0,0.0,0.0
56.0,33.0,-1.029066801071167,1.0,-1.5298787355422974,boy,mixedsch,-0.08565319329500198,mid,vb2,0.0,0.0,0.0,0.0,0.0
56.0,34.0,-1.3353148698806763,1.0,-1.199272871017456,girl,mixedsch,-0.08565319329500198,mid,vb3,0.0,0.0,-1.199272871017456,0.0,0.0
56.0,35.0,1.4395315647125244,1.0,1.1976194381713867,girl,mixedsch,-0.08565319329500198,mid,vb1,0.0,0.0,1.1976194381713867,0.0,0.0
56.0,36.0,-1.3353148698806763,1.0,-0.6207126379013062,boy,mixedsch,-0.08565319329500198,mid,vb3,0.0,0.0,0.0,0.0,0.0
56.0,37.0,0.8965656757354736,1.0,1.7761796712875366,boy,mixedsch,-0.08565319329500198,mid,vb2,0.0,0.0,0.0,0.0,0.0
56.0,38.0,0.4026685655117035,1.0,-0.37275826930999756,boy,mixedsch,-0.08565319329500198,mid,vb2,0.0,0.0,0.0,0.0,0.0
59.0,1.0,-1.2194855213165283,1.0,-0.9513183832168579,boy,mixedsch,-0.5450952649116516,low,vb2,0.0,0.0,0.0,0.0,0.0
59.0,2.0,0.6107285618782043,1.0,0.28845342993736267,boy,mixedsch,-0.5450952649116516,low,vb2,0.0,0.0,0.0,0.0,0.0
59.0,3.0,-0.8526700735092163,1.0,-0.2074553370475769,boy,mixedsch,-0.5450952649116516,low,vb2,0.0,0.0,0.0,0.0,0.0
59.0,4.0,-0.776108980178833,1.0,-2.2737417221069336,girl,mixedsch,-0.5450952649116516,low,vb3,0.0,0.0,-2.2737417221069336,0.0,0.0
59.0,5.0,-2.2917308807373047,1.0,-2.2737417221069336,boy,mixedsch,-0.5450952649116516,low,vb3,0.0,0.0,0.0,0.0,0.0
59.0,6.0,-1.1186243295669556,1.0,-0.042152419686317444,boy,mixedsch,-0.5450952649116516,low,vb2,0.0,0.0,0.0,0.0,0.0
59.0,7.0,-0.776108980178833,1.0,-0.37275826930999756,girl,mixedsch,-0.5450952649116516,low,vb2,0.0,0.0,-0.37275826930999756,0.0,0.0
59.0,8.0,-0.776108980178833,1.0,0.12315050512552261,girl,mixedsch,-0.5450952649116516,low,vb2,0.0,0.0,0.12315050512552261,0.0,0.0
59.0,9.0,-0.8526700735092163,1.0,-0.8686670064926147,girl,mixedsch,-0.5450952649116516,low,vb2,0.0,0.0,-0.8686670064926147,0.0,0.0
59.0,10.0,-0.33884158730506897,1.0,-0.7860155701637268,boy,mixedsch,-0.5450952649116516,low,vb3,0.0,0.0,0.0,0.0,0.0
59.0,11.0,-0.12908467650413513,1.0,1.528225302696228,boy,mixedsch,-0.5450952649116516,low,vb1,0.0,0.0,0.0,0.0,0.0
59.0,12.0,-1.5266530513763428,1.0,-0.7860155701637268,girl,mixedsch,-0.5450952649116516,low,vb2,0.0,0.0,-0.7860155701637268,0.0,0.0
59.0,13.0,-0.4927808344364166,1.0,0.6190592646598816,girl,mixedsch,-0.5450952649116516,low,vb1,0.0,0.0,0.6190592646598816,0.0,0.0
59.0,14.0,-0.9393776655197144,1.0,-0.37275826930999756,boy,mixedsch,-0.5450952649116516,low,vb3,0.0,0.0,0.0,0.0,0.0
59.0,15.0,-0.6230506896972656,1.0,-0.7033640742301941,girl,mixedsch,-0.5450952649116516,low,vb2,0.0,0.0,-0.7033640742301941,0.0,0.0
59.0,16.0,-1.438662052154541,1.0,-1.364575743675232,boy,mixedsch,-0.5450952649116516,low,vb3,0.0,0.0,0.0,0.0,0.0
59.0,17.0,-2.752659797668457,1.0,-0.2074553370475769,boy,mixedsch,-0.5450952649116516,low,vb2,0.0,0.0,0.0,0.0,0.0
59.0,18.0,-1.2194855213165283,1.0,-1.199272871017456,girl,mixedsch,-0.5450952649116516,low,vb3,0.0,0.0,-1.199272871017456,0.0,0.0
59.0,19.0,-1.1186243295669556,1.0,0.5364077687263489,boy,mixedsch,-0.5450952649116516,low,vb2,0.0,0.0,0.0,0.0,0.0
59.0,20.0,-0.12908467650413513,1.0,0.6190592646598816,boy,mixedsch,-0.5450952649116516,low,vb1,0.0,0.0,0.0,0.0,0.0
59.0,21.0,-0.33884158730506897,1.0,0.3711048662662506,girl,mixedsch,-0.5450952649116516,low,vb2,0.0,0.0,0.3711048662662506,0.0,0.0
59.0,22.0,-0.9393776655197144,1.0,-0.7860155701637268,boy,mixedsch,-0.5450952649116516,low,vb2,0.0,0.0,0.0,0.0,0.0
59.0,23.0,0.6107285618782043,1.0,-0.5380612015724182,boy,mixedsch,-0.5450952649116516,low,vb2,0.0,0.0,0.0,0.0,0.0
59.0,24.0,-1.7238824367523193,1.0,-0.7033640742301941,boy,mixedsch,-0.5450952649116516,low,vb2,0.0,0.0,0.0,0.0,0.0
59.0,25.0,-1.9620754718780518,1.0,-0.37275826930999756,boy,mixedsch,-0.5450952649116516,low,vb2,0.0,0.0,0.0,0.0,0.0
59.0,26.0,-0.8526700735092163,1.0,0.12315050512552261,girl,mixedsch,-0.5450952649116516,low,vb2,0.0,0.0,0.12315050512552261,0.0,0.0
59.0,27.0,-2.1086435317993164,1.0,-2.6043477058410645,boy,mixedsch,-0.5450952649116516,low,vb3,0.0,0.0,0.0,0.0,0.0
59.0,28.0,-1.8366867303848267,1.0,-0.9513183832168579,boy,mixedsch,-0.5450952649116516,low,vb3,0.0,0.0,0.0,0.0,0.0
59.0,29.0,-1.2194855213165283,1.0,-0.042152419686317444,boy,mixedsch,-0.5450952649116516,low,vb2,0.0,0.0,0.0,0.0,0.0
59.0,30.0,-1.2194855213165283,1.0,0.3711048662662506,boy,mixedsch,-0.5450952649116516,low,vb2,0.0,0.0,0.0,0.0,0.0
59.0,31.0,-1.8366867303848267,1.0,-1.1166213750839233,boy,mixedsch,-0.5450952649116516,low,vb3,0.0,0.0,0.0,0.0,0.0
59.0,32.0,-0.8526700735092163,1.0,-0.8686670064926147,girl,mixedsch,-0.5450952649116516,low,vb2,0.0,0.0,-0.8686670064926147,0.0,0.0
59.0,33.0,-1.5266530513763428,1.0,-0.042152419686317444,boy,mixedsch,-0.5450952649116516,low,vb2,0.0,0.0,0.0,0.0,0.0
59.0,34.0,-1.9620754718780518,1.0,-1.9431359767913818,boy,mixedsch,-0.5450952649116516,low,vb3,0.0,0.0,0.0,0.0,0.0
59.0,35.0,-0.5551124811172485,1.0,-1.199272871017456,boy,mixedsch,-0.5450952649116516,low,vb2,0.0,0.0,0.0,0.0,0.0
59.0,36.0,-1.438662052154541,1.0,-1.5298787355422974,girl,mixedsch,-0.5450952649116516,low,vb3,0.0,0.0,-1.5298787355422974,0.0,0.0
59.0,37.0,-0.4198014438152313,1.0,-1.364575743675232,girl,mixedsch,-0.5450952649116516,low,vb3,0.0,0.0,-1.364575743675232,0.0,0.0
59.0,38.0,-2.1086435317993164,1.0,-2.1910903453826904,boy,mixedsch,-0.5450952649116516,low,vb3,0.0,0.0,0.0,0.0,0.0
59.0,39.0,-0.9393776655197144,1.0,0.040499038994312286,boy,mixedsch,-0.5450952649116516,low,vb2,0.0,0.0,0.0,0.0,0.0
59.0,40.0,-1.8366867303848267,1.0,-0.2074553370475769,boy,mixedsch,-0.5450952649116516,low,vb2,0.0,0.0,0.0,0.0,0.0
59.0,41.0,0.1941491812467575,1.0,1.6108767986297607,girl,mixedsch,-0.5450952649116516,low,vb1,0.0,0.0,1.6108767986297607,0.0,0.0
59.0,42.0,0.4026685655117035,1.0,-0.042152419686317444,boy,mixedsch,-0.5450952649116516,low,vb3,0.0,0.0,0.0,0.0,0.0
59.0,43.0,-1.5266530513763428,1.0,0.3711048662662506,girl,mixedsch,-0.5450952649116516,low,vb2,0.0,0.0,0.3711048662662506,0.0,0.0
59.0,44.0,-1.3353148698806763,1.0,-1.199272871017456,boy,mixedsch,-0.5450952649116516,low,vb2,0.0,0.0,0.0,0.0,0.0
59.0,45.0,-0.9393776655197144,1.0,-0.12480387836694717,girl,mixedsch,-0.5450952649116516,low,vb1,0.0,0.0,-0.12480387836694717,0.0,0.0
59.0,46.0,-1.3353148698806763,1.0,0.12315050512552261,boy,mixedsch,-0.5450952649116516,low,vb2,0.0,0.0,0.0,0.0,0.0
59.0,47.0,-0.9393776655197144,1.0,-2.1084389686584473,girl,mixedsch,-0.5450952649116516,low,vb3,0.0,0.0,-2.1084389686584473,0.0,0.0
61.0,1.0,-1.2194855213165283,1.0,-1.9431359767913818,boy,mixedsch,-0.020198136568069458,mid,vb3,0.0,0.0,0.0,0.0,0.0
61.0,2.0,1.506184697151184,1.0,0.45375630259513855,girl,mixedsch,-0.020198136568069458,mid,vb2,0.0,0.0,0.45375630259513855,0.0,0.0
61.0,3.0,0.07353636622428894,1.0,-1.1166213750839233,girl,mixedsch,-0.020198136568069458,mid,vb3,0.0,0.0,-1.1166213750839233,0.0,0.0
61.0,4.0,-0.4927808344364166,1.0,-1.0339698791503906,girl,mixedsch,-0.020198136568069458,mid,vb2,0.0,0.0,-1.0339698791503906,0.0,0.0
61.0,5.0,-2.2917308807373047,1.0,-0.7860155701637268,boy,mixedsch,-0.020198136568069458,mid,vb3,0.0,0.0,0.0,0.0,0.0
61.0,6.0,-0.4198014438152313,1.0,-1.199272871017456,boy,mixedsch,-0.020198136568069458,mid,vb2,0.0,0.0,0.0,0.0,0.0
61.0,7.0,1.2405332326889038,1.0,0.3711048662662506,boy,mixedsch,-0.020198136568069458,mid,vb2,0.0,0.0,0.0,0.0,0.0
61.0,8.0,-0.4198014438152313,1.0,0.3711048662662506,girl,mixedsch,-0.020198136568069458,mid,vb2,0.0,0.0,0.3711048662662506,0.0,0.0
61.0,9.0,-1.029066801071167,1.0,-0.5380612015724182,girl,mixedsch,-0.020198136568069458,mid,vb2,0.0,0.0,-0.5380612015724182,0.0,0.0
61.0,10.0,-1.8366867303848267,1.0,0.12315050512552261,boy,mixedsch,-0.020198136568069458,mid,vb2,0.0,0.0,0.0,0.0,0.0
61.0,11.0,-1.1186243295669556,1.0,-1.6125301122665405,boy,mixedsch,-0.020198136568069458,mid,vb2,0.0,0.0,0.0,0.0,0.0
61.0,12.0,-0.776108980178833,1.0,-0.4554097056388855,boy,mixedsch,-0.020198136568069458,mid,vb2,0.0,0.0,0.0,0.0,0.0
61.0,13.0,-0.4927808344364166,1.0,1.1149680614471436,boy,mixedsch,-0.020198136568069458,mid,vb1,0.0,0.0,0.0,0.0,0.0
61.0,14.0,-2.2917308807373047,1.0,0.12315050512552261,boy,mixedsch,-0.020198136568069458,mid,vb1,0.0,0.0,0.0,0.0,0.0
61.0,15.0,1.0396080017089844,1.0,1.1149680614471436,boy,mixedsch,-0.020198136568069458,mid,vb1,0.0,0.0,0.0,0.0,0.0
61.0,16.0,0.821988046169281,1.0,-0.12480387836694717,boy,mixedsch,-0.020198136568069458,mid,vb2,0.0,0.0,0.0,0.0,0.0
61.0,17.0,1.175849437713623,1.0,-0.12480387836694717,girl,mixedsch,-0.020198136568069458,mid,vb2,0.0,0.0,-0.12480387836694717,0.0,0.0
61.0,18.0,0.07353636622428894,1.0,-0.042152419686317444,girl,mixedsch,-0.020198136568069458,mid,vb2,0.0,0.0,-0.042152419686317444,0.0,0.0
61.0,19.0,0.9675859808921814,1.0,-1.4472272396087646,boy,mixedsch,-0.020198136568069458,mid,vb2,0.0,0.0,0.0,0.0,0.0
61.0,20.0,0.4026685655117035,1.0,-0.12480387836694717,boy,mixedsch,-0.020198136568069458,mid,vb2,0.0,0.0,0.0,0.0,0.0
61.0,21.0,1.8138266801834106,1.0,1.2802709341049194,girl,mixedsch,-0.020198136568069458,mid,vb1,0.0,0.0,1.2802709341049194,0.0,0.0
61.0,22.0,0.2613244652748108,1.0,0.040499038994312286,boy,mixedsch,-0.020198136568069458,mid,vb2,0.0,0.0,0.0,0.0,0.0
61.0,23.0,-1.029066801071167,1.0,-0.37275826930999756,girl,mixedsch,-0.020198136568069458,mid,vb2,0.0,0.0,-0.37275826930999756,0.0,0.0
61.0,24.0,-0.06208816543221474,1.0,0.28845342993736267,girl,mixedsch,-0.020198136568069458,mid,vb2,0.0,0.0,0.28845342993736267,0.0,0.0
61.0,25.0,-0.12908467650413513,1.0,-0.2074553370475769,girl,mixedsch,-0.020198136568069458,mid,vb2,0.0,0.0,-0.2074553370475769,0.0,0.0
61.0,26.0,0.678758978843689,1.0,0.8670135736465454,girl,mixedsch,-0.020198136568069458,mid,vb1,0.0,0.0,0.8670135736465454,0.0,0.0
61.0,27.0,-1.5266530513763428,1.0,-1.6951816082000732,boy,mixedsch,-0.020198136568069458,mid,vb2,0.0,0.0,0.0,0.0,0.0
61.0,28.0,0.5443409085273743,1.0,1.0323165655136108,girl,mixedsch,-0.020198136568069458,mid,vb1,0.0,0.0,1.0323165655136108,0.0,0.0
61.0,29.0,0.6107285618782043,1.0,-0.12480387836694717,boy,mixedsch,-0.020198136568069458,mid,vb2,0.0,0.0,0.0,0.0,0.0
61.0,30.0,0.678758978843689,1.0,0.28845342993736267,girl,mixedsch,-0.020198136568069458,mid,vb1,0.0,0.0,0.28845342993736267,0.0,0.0
61.0,31.0,0.6107285618782043,1.0,0.45375630259513855,boy,mixedsch,-0.020198136568069458,mid,vb1,0.0,0.0,0.0,0.0,0.0
61.0,32.0,0.678758978843689,1.0,0.7017107009887695,girl,mixedsch,-0.020198136568069458,mid,vb1,0.0,0.0,0.7017107009887695,0.0,0.0
61.0,33.0,-1.5266530513763428,1.0,-1.199272871017456,girl,mixedsch,-0.020198136568069458,mid,vb3,0.0,0.0,-1.199272871017456,0.0,0.0
61.0,34.0,-0.4198014438152313,1.0,0.5364077687263489,boy,mixedsch,-0.020198136568069458,mid,vb2,0.0,0.0,0.0,0.0,0.0
61.0,35.0,-0.776108980178833,1.0,-0.12480387836694717,girl,mixedsch,-0.020198136568069458,mid,vb2,0.0,0.0,-0.12480387836694717,0.0,0.0
61.0,36.0,-0.4927808344364166,1.0,-0.8686670064926147,girl,mixedsch,-0.020198136568069458,mid,vb3,0.0,0.0,-0.8686670064926147,0.0,0.0
61.0,37.0,0.07353636622428894,1.0,0.28845342993736267,boy,mixedsch,-0.020198136568069458,mid,vb2,0.0,0.0,0.0,0.0,0.0
61.0,38.0,0.7472277283668518,1.0,0.45375630259513855,girl,mixedsch,-0.020198136568069458,mid,vb1,0.0,0.0,0.45375630259513855,0.0,0.0
61.0,39.0,-1.2194855213165283,1.0,0.6190592646598816,boy,mixedsch,-0.020198136568069458,mid,vb1,0.0,0.0,0.0,0.0,0.0
61.0,40.0,-0.9393776655197144,1.0,-0.7860155701637268,boy,mixedsch,-0.020198136568069458,mid,vb2,0.0,0.0,0.0,0.0,0.0
61.0,41.0,-0.4198014438152313,1.0,0.3711048662662506,girl,mixedsch,-0.020198136568069458,mid,vb1,0.0,0.0,0.3711048662662506,0.0,0.0
61.0,42.0,0.07353636622428894,1.0,1.3629224300384521,girl,mixedsch,-0.020198136568069458,mid,vb1,0.0,0.0,1.3629224300384521,0.0,0.0
61.0,43.0,1.2405332326889038,1.0,2.3547399044036865,girl,mixedsch,-0.020198136568069458,mid,vb1,0.0,0.0,2.3547399044036865,0.0,0.0
61.0,44.0,0.821988046169281,1.0,-0.37275826930999756,boy,mixedsch,-0.020198136568069458,mid,vb2,0.0,0.0,0.0,0.0,0.0
61.0,45.0,-1.438662052154541,1.0,-1.1166213750839233,boy,mixedsch,-0.020198136568069458,mid,vb3,0.0,0.0,0.0,0.0,0.0
61.0,46.0,0.8965656757354736,1.0,0.3711048662662506,boy,mixedsch,-0.020198136568069458,mid,vb2,0.0,0.0,0.0,0.0,0.0
61.0,47.0,-1.029066801071167,1.0,0.12315050512552261,boy,mixedsch,-0.020198136568069458,mid,vb2,0.0,0.0,0.0,0.0,0.0
61.0,48.0,-2.5101213455200195,1.0,-2.025787353515625,boy,mixedsch,-0.020198136568069458,mid,vb3,0.0,0.0,0.0,0.0,0.0
61.0,49.0,0.1941491812467575,1.0,0.12315050512552261,boy,mixedsch,-0.020198136568069458,mid,vb2,0.0,0.0,0.0,0.0,0.0
61.0,50.0,1.8138266801834106,1.0,2.8506486415863037,girl,mixedsch,-0.020198136568069458,mid,vb1,0.0,0.0,2.8506486415863037,0.0,0.0
61.0,51.0,0.821988046169281,1.0,0.040499038994312286,boy,mixedsch,-0.020198136568069458,mid,vb2,0.0,0.0,0.0,0.0,0.0
61.0,52.0,1.3747409582138062,1.0,-0.042152419686317444,boy,mixedsch,-0.020198136568069458,mid,vb1,0.0,0.0,0.0,0.0,0.0
61.0,53.0,-0.12908467650413513,1.0,-1.8604844808578491,boy,mixedsch,-0.020198136568069458,mid,vb2,0.0,0.0,0.0,0.0,0.0
61.0,54.0,-0.26515936851501465,1.0,0.20580196380615234,girl,mixedsch,-0.020198136568069458,mid,vb1,0.0,0.0,0.20580196380615234,0.0,0.0
61.0,55.0,-1.9620754718780518,1.0,-0.7033640742301941,girl,mixedsch,-0.020198136568069458,mid,vb2,0.0,0.0,-0.7033640742301941,0.0,0.0
61.0,56.0,1.5792195796966553,1.0,2.106785535812378,boy,mixedsch,-0.020198136568069458,mid,vb1,0.0,0.0,0.0,0.0,0.0
61.0,57.0,1.506184697151184,1.0,0.9496650099754333,boy,mixedsch,-0.020198136568069458,mid,vb1,0.0,0.0,0.0,0.0,0.0
61.0,58.0,-0.33884158730506897,1.0,0.6190592646598816,boy,mixedsch,-0.020198136568069458,mid,vb2,0.0,0.0,0.0,0.0,0.0
61.0,59.0,0.821988046169281,1.0,-0.9513183832168579,boy,mixedsch,-0.020198136568069458,mid,vb2,0.0,0.0,0.0,0.0,0.0
61.0,60.0,0.328072190284729,1.0,-0.5380612015724182,boy,mixedsch,-0.020198136568069458,mid,vb2,0.0,0.0,0.0,0.0,0.0
61.0,61.0,0.678758978843689,1.0,0.8670135736465454,girl,mixedsch,-0.020198136568069458,mid,vb1,0.0,0.0,0.8670135736465454,0.0,0.0
61.0,62.0,0.9675859808921814,1.0,0.45375630259513855,girl,mixedsch,-0.020198136568069458,mid,vb2,0.0,0.0,0.45375630259513855,0.0,0.0
61.0,63.0,-1.5266530513763428,1.0,-1.199272871017456,girl,mixedsch,-0.020198136568069458,mid,vb3,0.0,0.0,-1.199272871017456,0.0,0.0
61.0,64.0,-0.33884158730506897,1.0,0.12315050512552261,girl,mixedsch,-0.020198136568069458,mid,vb2,0.0,0.0,0.12315050512552261,0.0,0.0
62.0,1.0,0.004321751184761524,1.0,-0.37275826930999756,boy,mixedsch,0.1673864871263504,mid,vb2,0.0,0.0,0.0,0.0,0.0
62.0,2.0,-0.6995050311088562,1.0,-0.6207126379013062,boy,mixedsch,0.1673864871263504,mid,vb2,0.0,0.0,0.0,0.0,0.0
62.0,3.0,0.4026685655117035,1.0,1.1149680614471436,girl,mixedsch,0.1673864871263504,mid,vb2,0.0,0.0,1.1149680614471436,0.0,0.0
62.0,4.0,0.13406679034233093,1.0,0.20580196380615234,boy,mixedsch,0.1673864871263504,mid,vb2,0.0,0.0,0.0,0.0,0.0
62.0,5.0,0.6107285618782043,1.0,0.6190592646598816,boy,mixedsch,0.1673864871263504,mid,vb1,0.0,0.0,0.0,0.0,0.0
62.0,6.0,0.13406679034233093,1.0,0.7843621969223022,boy,mixedsch,0.1673864871263504,mid,vb2,0.0,0.0,0.0,0.0,0.0
62.0,7.0,1.5792195796966553,1.0,0.20580196380615234,boy,mixedsch,0.1673864871263504,mid,vb2,0.0,0.0,0.0,0.0,0.0
62.0,8.0,0.1941491812467575,1.0,0.040499038994312286,girl,mixedsch,0.1673864871263504,mid,vb2,0.0,0.0,0.040499038994312286,0.0,0.0
62.0,9.0,1.0396080017089844,1.0,1.6108767986297607,boy,mixedsch,0.1673864871263504,mid,vb1,0.0,0.0,0.0,0.0,0.0
62.0,10.0,0.13406679034233093,1.0,-0.042152419686317444,girl,mixedsch,0.1673864871263504,mid,vb2,0.0,0.0,-0.042152419686317444,0.0,0.0
62.0,11.0,1.2405332326889038,1.0,1.3629224300384521,girl,mixedsch,0.1673864871263504,mid,vb1,0.0,0.0,1.3629224300384521,0.0,0.0
62.0,12.0,-0.33884158730506897,1.0,-0.7033640742301941,girl,mixedsch,0.1673864871263504,mid,vb2,0.0,0.0,-0.7033640742301941,0.0,0.0
62.0,13.0,0.4026685655117035,1.0,0.5364077687263489,boy,mixedsch,0.1673864871263504,mid,vb1,0.0,0.0,0.0,0.0,0.0
62.0,14.0,0.821988046169281,1.0,0.6190592646598816,boy,mixedsch,0.1673864871263504,mid,vb2,0.0,0.0,0.0,0.0,0.0
62.0,15.0,-0.5551124811172485,1.0,1.1149680614471436,girl,mixedsch,0.1673864871263504,mid,vb2,0.0,0.0,1.1149680614471436,0.0,0.0
62.0,16.0,0.821988046169281,1.0,-0.37275826930999756,boy,mixedsch,0.1673864871263504,mid,vb2,0.0,0.0,0.0,0.0,0.0
62.0,17.0,-1.5266530513763428,1.0,-0.042152419686317444,girl,mixedsch,0.1673864871263504,mid,vb2,0.0,0.0,-0.042152419686317444,0.0,0.0
62.0,18.0,-0.5551124811172485,1.0,-0.29010680317878723,girl,mixedsch,0.1673864871263504,mid,vb2,0.0,0.0,-0.29010680317878723,0.0,0.0
62.0,19.0,-1.1186243295669556,1.0,-0.29010680317878723,boy,mixedsch,0.1673864871263504,mid,vb2,0.0,0.0,0.0,0.0,0.0
62.0,20.0,1.506184697151184,1.0,1.1149680614471436,girl,mixedsch,0.1673864871263504,mid,vb1,0.0,0.0,1.1149680614471436,0.0,0.0
62.0,21.0,-2.1086435317993164,1.0,-0.5380612015724182,boy,mixedsch,0.1673864871263504,mid,vb3,0.0,0.0,0.0,0.0,0.0
62.0,22.0,-0.26515936851501465,1.0,-0.5380612015724182,girl,mixedsch,0.1673864871263504,mid,vb3,0.0,0.0,-0.5380612015724182,0.0,0.0
62.0,23.0,0.328072190284729,1.0,0.45375630259513855,boy,mixedsch,0.1673864871263504,mid,vb2,0.0,0.0,0.0,0.0,0.0
62.0,24.0,-0.06208816543221474,1.0,-0.37275826930999756,boy,mixedsch,0.1673864871263504,mid,vb2,0.0,0.0,0.0,0.0,0.0
62.0,25.0,-0.06208816543221474,1.0,0.12315050512552261,boy,mixedsch,0.1673864871263504,mid,vb1,0.0,0.0,0.0,0.0,0.0
62.0,26.0,0.1941491812467575,1.0,0.040499038994312286,girl,mixedsch,0.1673864871263504,mid,vb2,0.0,0.0,0.040499038994312286,0.0,0.0
62.0,27.0,-1.8366867303848267,1.0,0.12315050512552261,boy,mixedsch,0.1673864871263504,mid,vb2,0.0,0.0,0.0,0.0,0.0
62.0,28.0,0.07353636622428894,1.0,0.7843621969223022,girl,mixedsch,0.1673864871263504,mid,vb2,0.0,0.0,0.7843621969223022,0.0,0.0
62.0,29.0,-0.4198014438152313,1.0,-0.042152419686317444,boy,mixedsch,0.1673864871263504,mid,vb2,0.0,0.0,0.0,0.0,0.0
62.0,30.0,0.821988046169281,1.0,0.8670135736465454,boy,mixedsch,0.1673864871263504,mid,vb1,0.0,0.0,0.0,0.0,0.0
62.0,31.0,-0.33884158730506897,1.0,-0.2074553370475769,boy,mixedsch,0.1673864871263504,mid,vb2,0.0,0.0,0.0,0.0,0.0
62.0,32.0,1.175849437713623,1.0,-0.12480387836694717,girl,mixedsch,0.1673864871263504,mid,vb2,0.0,0.0,-0.12480387836694717,0.0,0.0
62.0,33.0,-1.438662052154541,1.0,-1.0339698791503906,boy,mixedsch,0.1673864871263504,mid,vb2,0.0,0.0,0.0,0.0,0.0
62.0,34.0,0.4781937301158905,1.0,0.6190592646598816,boy,mixedsch,0.1673864871263504,mid,vb2,0.0,0.0,0.0,0.0,0.0
62.0,35.0,-0.26515936851501465,1.0,-0.37275826930999756,boy,mixedsch,0.1673864871263504,mid,vb2,0.0,0.0,0.0,0.0,0.0
62.0,36.0,1.2405332326889038,1.0,0.20580196380615234,girl,mixedsch,0.1673864871263504,mid,vb2,0.0,0.0,0.20580196380615234,0.0,0.0
62.0,37.0,1.0396080017089844,1.0,1.1149680614471436,girl,mixedsch,0.1673864871263504,mid,vb1,0.0,0.0,1.1149680614471436,0.0,0.0
62.0,38.0,-1.5266530513763428,1.0,-2.1910903453826904,boy,mixedsch,0.1673864871263504,mid,vb3,0.0,0.0,0.0,0.0,0.0
62.0,39.0,-0.8526700735092163,1.0,0.7843621969223022,boy,mixedsch,0.1673864871263504,mid,vb2,0.0,0.0,0.0,0.0,0.0
62.0,40.0,-0.4927808344364166,1.0,-0.4554097056388855,boy,mixedsch,0.1673864871263504,mid,vb2,0.0,0.0,0.0,0.0,0.0
62.0,41.0,0.2613244652748108,1.0,-0.9513183832168579,girl,mixedsch,0.1673864871263504,mid,vb3,0.0,0.0,-0.9513183832168579,0.0,0.0
62.0,42.0,-0.6995050311088562,1.0,0.28845342993736267,boy,mixedsch,0.1673864871263504,mid,vb2,0.0,0.0,0.0,0.0,0.0
62.0,43.0,0.7472277283668518,1.0,0.45375630259513855,boy,mixedsch,0.1673864871263504,mid,vb2,0.0,0.0,0.0,0.0,0.0
62.0,44.0,0.821988046169281,1.0,0.7843621969223022,boy,mixedsch,0.1673864871263504,mid,vb1,0.0,0.0,0.0,0.0,0.0
62.0,45.0,-0.26515936851501465,1.0,0.3711048662662506,boy,mixedsch,0.1673864871263504,mid,vb2,0.0,0.0,0.0,0.0,0.0
62.0,46.0,-1.1186243295669556,1.0,-0.29010680317878723,boy,mixedsch,0.1673864871263504,mid,vb2,0.0,0.0,0.0,0.0,0.0
62.0,47.0,-0.6230506896972656,1.0,-0.29010680317878723,boy,mixedsch,0.1673864871263504,mid,vb3,0.0,0.0,0.0,0.0,0.0
62.0,48.0,0.2613244652748108,1.0,-0.9513183832168579,girl,mixedsch,0.1673864871263504,mid,vb2,0.0,0.0,-0.9513183832168579,0.0,0.0
62.0,49.0,-0.06208816543221474,1.0,-0.7860155701637268,girl,mixedsch,0.1673864871263504,mid,vb2,0.0,0.0,-0.7860155701637268,0.0,0.0
62.0,50.0,-0.33884158730506897,1.0,0.28845342993736267,girl,mixedsch,0.1673864871263504,mid,vb1,0.0,0.0,0.28845342993736267,0.0,0.0
62.0,51.0,-0.9393776655197144,1.0,-0.2074553370475769,boy,mixedsch,0.1673864871263504,mid,vb2,0.0,0.0,0.0,0.0,0.0
62.0,52.0,-0.12908467650413513,1.0,0.8670135736465454,boy,mixedsch,0.1673864871263504,mid,vb2,0.0,0.0,0.0,0.0,0.0
62.0,53.0,-0.06208816543221474,1.0,0.6190592646598816,girl,mixedsch,0.1673864871263504,mid,vb2,0.0,0.0,0.6190592646598816,0.0,0.0
62.0,54.0,-0.6995050311088562,1.0,0.7017107009887695,boy,mixedsch,0.1673864871263504,mid,vb2,0.0,0.0,0.0,0.0,0.0
62.0,55.0,1.175849437713623,1.0,0.9496650099754333,boy,mixedsch,0.1673864871263504,mid,vb1,0.0,0.0,0.0,0.0,0.0
62.0,56.0,1.0396080017089844,1.0,0.5364077687263489,boy,mixedsch,0.1673864871263504,mid,vb1,0.0,0.0,0.0,0.0,0.0
62.0,57.0,0.4781937301158905,1.0,1.0323165655136108,girl,mixedsch,0.1673864871263504,mid,vb1,0.0,0.0,1.0323165655136108,0.0,0.0
62.0,58.0,-0.776108980178833,1.0,-0.8686670064926147,boy,mixedsch,0.1673864871263504,mid,vb2,0.0,0.0,0.0,0.0,0.0
62.0,59.0,0.13406679034233093,1.0,1.1976194381713867,girl,mixedsch,0.1673864871263504,mid,vb2,0.0,0.0,1.1976194381713867,0.0,0.0
62.0,60.0,1.4395315647125244,1.0,1.8588311672210693,boy,mixedsch,0.1673864871263504,mid,vb2,0.0,0.0,0.0,0.0,0.0
62.0,61.0,-0.06208816543221474,1.0,0.040499038994312286,girl,mixedsch,0.1673864871263504,mid,vb2,0.0,0.0,0.040499038994312286,0.0,0.0
62.0,62.0,1.9771069288253784,1.0,1.7761796712875366,boy,mixedsch,0.1673864871263504,mid,vb1,0.0,0.0,0.0,0.0,0.0
62.0,63.0,-0.6995050311088562,1.0,-0.5380612015724182,boy,mixedsch,0.1673864871263504,mid,vb2,0.0,0.0,0.0,0.0,0.0
62.0,64.0,-0.33884158730506897,1.0,0.9496650099754333,girl,mixedsch,0.1673864871263504,mid,vb2,0.0,0.0,0.9496650099754333,0.0,0.0
62.0,65.0,0.6107285618782043,1.0,-1.5298787355422974,girl,mixedsch,0.1673864871263504,mid,vb3,0.0,0.0,-1.5298787355422974,0.0,0.0
62.0,66.0,-0.9393776655197144,1.0,0.7017107009887695,boy,mixedsch,0.1673864871263504,mid,vb2,0.0,0.0,0.0,0.0,0.0
62.0,67.0,0.4781937301158905,1.0,0.5364077687263489,girl,mixedsch,0.1673864871263504,mid,vb2,0.0,0.0,0.5364077687263489,0.0,0.0
62.0,68.0,0.004321751184761524,1.0,-0.042152419686317444,boy,mixedsch,0.1673864871263504,mid,vb2,0.0,0.0,0.0,0.0,0.0
62.0,69.0,1.1094379425048828,1.0,0.7017107009887695,girl,mixedsch,0.1673864871263504,mid,vb2,0.0,0.0,0.7017107009887695,0.0,0.0
62.0,70.0,-0.19761060178279877,1.0,-0.9513183832168579,girl,mixedsch,0.1673864871263504,mid,vb2,0.0,0.0,-0.9513183832168579,0.0,0.0
62.0,71.0,0.1941491812467575,1.0,-1.199272871017456,boy,mixedsch,0.1673864871263504,mid,vb2,0.0,0.0,0.0,0.0,0.0
63.0,1.0,1.4395315647125244,1.0,0.45375630259513855,girl,mixedsch,0.15621106326580048,mid,vb2,0.0,0.0,0.45375630259513855,0.0,0.0
63.0,2.0,0.1941491812467575,1.0,0.7017107009887695,girl,mixedsch,0.15621106326580048,mid,vb2,0.0,0.0,0.7017107009887695,0.0,0.0
63.0,3.0,0.4026685655117035,1.0,-0.4554097056388855,boy,mixedsch,0.15621106326580048,mid,vb2,0.0,0.0,0.0,0.0,0.0
63.0,4.0,1.4395315647125244,1.0,0.040499038994312286,boy,mixedsch,0.15621106326580048,mid,vb2,0.0,0.0,0.0,0.0,0.0
63.0,5.0,0.07353636622428894,1.0,0.28845342993736267,girl,mixedsch,0.15621106326580048,mid,vb1,0.0,0.0,0.28845342993736267,0.0,0.0
63.0,6.0,1.0396080017089844,1.0,0.20580196380615234,girl,mixedsch,0.15621106326580048,mid,vb2,0.0,0.0,0.20580196380615234,0.0,0.0
63.0,7.0,1.1094379425048828,1.0,1.4455738067626953,girl,mixedsch,0.15621106326580048,mid,vb1,0.0,0.0,1.4455738067626953,0.0,0.0
63.0,8.0,1.3101423978805542,1.0,-0.2074553370475769,girl,mixedsch,0.15621106326580048,mid,vb2,0.0,0.0,-0.2074553370475769,0.0,0.0
63.0,9.0,-0.5551124811172485,1.0,-0.12480387836694717,boy,mixedsch,0.15621106326580048,mid,vb2,0.0,0.0,0.0,0.0,0.0
63.0,10.0,0.5443409085273743,1.0,-0.37275826930999756,boy,mixedsch,0.15621106326580048,mid,vb2,0.0,0.0,0.0,0.0,0.0
63.0,11.0,0.4781937301158905,1.0,0.45375630259513855,boy,mixedsch,0.15621106326580048,mid,vb2,0.0,0.0,0.0,0.0,0.0
63.0,12.0,-0.4927808344364166,1.0,-0.12480387836694717,boy,mixedsch,0.15621106326580048,mid,vb2,0.0,0.0,0.0,0.0,0.0
63.0,13.0,-0.33884158730506897,1.0,0.5364077687263489,girl,mixedsch,0.15621106326580048,mid,vb1,0.0,0.0,0.5364077687263489,0.0,0.0
63.0,14.0,0.07353636622428894,1.0,-0.2074553370475769,girl,mixedsch,0.15621106326580048,mid,vb1,0.0,0.0,-0.2074553370475769,0.0,0.0
63.0,15.0,2.1029746532440186,1.0,2.3547399044036865,girl,mixedsch,0.15621106326580048,mid,vb1,0.0,0.0,2.3547399044036865,0.0,0.0
63.0,16.0,0.8965656757354736,1.0,-0.4554097056388855,girl,mixedsch,0.15621106326580048,mid,vb2,0.0,0.0,-0.4554097056388855,0.0,0.0
63.0,17.0,1.7348991632461548,1.0,-0.7033640742301941,boy,mixedsch,0.15621106326580048,mid,vb1,0.0,0.0,0.0,0.0,0.0
63.0,18.0,1.5792195796966553,1.0,1.1149680614471436,girl,mixedsch,0.15621106326580048,mid,vb1,0.0,0.0,1.1149680614471436,0.0,0.0
63.0,19.0,0.6107285618782043,1.0,-0.6207126379013062,girl,mixedsch,0.15621106326580048,mid,vb2,0.0,0.0,-0.6207126379013062,0.0,0.0
63.0,20.0,1.1094379425048828,1.0,-0.37275826930999756,boy,mixedsch,0.15621106326580048,mid,vb1,0.0,0.0,0.0,0.0,0.0
63.0,21.0,0.4026685655117035,1.0,0.7017107009887695,girl,mixedsch,0.15621106326580048,mid,vb1,0.0,0.0,0.7017107009887695,0.0,0.0
63.0,22.0,1.9771069288253784,1.0,0.3711048662662506,girl,mixedsch,0.15621106326580048,mid,vb2,0.0,0.0,0.3711048662662506,0.0,0.0
63.0,23.0,0.8965656757354736,1.0,0.7017107009887695,boy,mixedsch,0.15621106326580048,mid,vb2,0.0,0.0,0.0,0.0,0.0
63.0,24.0,0.821988046169281,1.0,-0.12480387836694717,boy,mixedsch,0.15621106326580048,mid,vb2,0.0,0.0,0.0,0.0,0.0
63.0,25.0,0.821988046169281,1.0,0.3711048662662506,boy,mixedsch,0.15621106326580048,mid,vb2,0.0,0.0,0.0,0.0,0.0
63.0,26.0,0.4026685655117035,1.0,-0.8686670064926147,girl,mixedsch,0.15621106326580048,mid,vb3,0.0,0.0,-0.8686670064926147,0.0,0.0
63.0,27.0,1.4395315647125244,1.0,0.3711048662662506,girl,mixedsch,0.15621106326580048,mid,vb1,0.0,0.0,0.3711048662662506,0.0,0.0
63.0,28.0,0.07353636622428894,1.0,-1.0339698791503906,girl,mixedsch,0.15621106326580048,mid,vb2,0.0,0.0,-1.0339698791503906,0.0,0.0
63.0,29.0,0.4781937301158905,1.0,1.1976194381713867,boy,mixedsch,0.15621106326580048,mid,vb2,0.0,0.0,0.0,0.0,0.0
63.0,30.0,0.004321751184761524,1.0,-0.9513183832168579,boy,mixedsch,0.15621106326580048,mid,vb3,0.0,0.0,0.0,0.0,0.0
11.0,1.0,0.328072190284729,1.0,0.45375630259513855,boy,boysch,0.6350562572479248,high,vb2,1.0,0.0,0.0,0.0,0.45375630259513855
11.0,2.0,0.004321751184761524,1.0,-0.6207126379013062,boy,boysch,0.6350562572479248,high,vb2,1.0,0.0,0.0,0.0,-0.6207126379013062
11.0,3.0,0.5443409085273743,1.0,1.1976194381713867,boy,boysch,0.6350562572479248,high,vb1,1.0,0.0,0.0,0.0,1.1976194381713867
11.0,4.0,0.8965656757354736,1.0,-0.4554097056388855,boy,boysch,0.6350562572479248,high,vb2,1.0,0.0,0.0,0.0,-0.4554097056388855
11.0,5.0,1.0396080017089844,1.0,-0.37275826930999756,boy,boysch,0.6350562572479248,high,vb2,1.0,0.0,0.0,0.0,-0.37275826930999756
11.0,6.0,1.661805510520935,1.0,0.28845342993736267,boy,boysch,0.6350562572479248,high,vb2,1.0,0.0,0.0,0.0,0.28845342993736267
11.0,7.0,0.821988046169281,1.0,1.693528175354004,boy,boysch,0.6350562572479248,high,vb1,1.0,0.0,0.0,0.0,1.693528175354004
11.0,8.0,2.0397088527679443,1.0,1.9414825439453125,boy,boysch,0.6350562572479248,high,vb1,1.0,0.0,0.0,0.0,1.9414825439453125
11.0,9.0,0.4026685655117035,1.0,0.6190592646598816,boy,boysch,0.6350562572479248,high,vb1,1.0,0.0,0.0,0.0,0.6190592646598816
11.0,10.0,1.9003351926803589,1.0,0.7017107009887695,boy,boysch,0.6350562572479248,high,vb1,1.0,0.0,0.0,0.0,0.7017107009887695
11.0,11.0,1.3101423978805542,1.0,1.3629224300384521,boy,boysch,0.6350562572479248,high,vb1,1.0,0.0,0.0,0.0,1.3629224300384521
11.0,12.0,0.004321751184761524,1.0,0.12315050512552261,boy,boysch,0.6350562572479248,high,vb2,1.0,0.0,0.0,0.0,0.12315050512552261
11.0,13.0,-1.6237297058105469,1.0,-1.364575743675232,boy,boysch,0.6350562572479248,high,vb3,1.0,0.0,0.0,0.0,-1.364575743675232
11.0,14.0,0.07353636622428894,1.0,1.1149680614471436,boy,boysch,0.6350562572479248,high,vb1,1.0,0.0,0.0,0.0,1.1149680614471436
11.0,15.0,0.004321751184761524,1.0,1.9414825439453125,boy,boysch,0.6350562572479248,high,vb1,1.0,0.0,0.0,0.0,1.9414825439453125
11.0,16.0,0.07353636622428894,1.0,-0.12480387836694717,boy,boysch,0.6350562572479248,high,vb2,1.0,0.0,0.0,0.0,-0.12480387836694717
11.0,17.0,2.2031209468841553,1.0,1.2802709341049194,boy,boysch,0.6350562572479248,high,vb1,1.0,0.0,0.0,0.0,1.2802709341049194
11.0,18.0,-0.6230506896972656,1.0,0.040499038994312286,boy,boysch,0.6350562572479248,high,vb2,1.0,0.0,0.0,0.0,0.040499038994312286
11.0,19.0,2.2031209468841553,1.0,2.4373912811279297,boy,boysch,0.6350562572479248,high,vb1,1.0,0.0,0.0,0.0,2.4373912811279297
11.0,20.0,0.328072190284729,1.0,0.040499038994312286,boy,boysch,0.6350562572479248,high,vb2,1.0,0.0,0.0,0.0,0.040499038994312286
11.0,21.0,0.678758978843689,1.0,0.12315050512552261,boy,boysch,0.6350562572479248,high,vb2,1.0,0.0,0.0,0.0,0.12315050512552261
11.0,22.0,0.4781937301158905,1.0,-0.5380612015724182,boy,boysch,0.6350562572479248,high,vb2,1.0,0.0,0.0,0.0,-0.5380612015724182
11.0,23.0,1.9003351926803589,1.0,0.5364077687263489,boy,boysch,0.6350562572479248,high,vb2,1.0,0.0,0.0,0.0,0.5364077687263489
11.0,24.0,0.5443409085273743,1.0,0.6190592646598816,boy,boysch,0.6350562572479248,high,vb1,1.0,0.0,0.0,0.0,0.6190592646598816
11.0,25.0,0.328072190284729,1.0,0.20580196380615234,boy,boysch,0.6350562572479248,high,vb2,1.0,0.0,0.0,0.0,0.20580196380615234
11.0,26.0,0.004321751184761524,1.0,0.3711048662662506,boy,boysch,0.6350562572479248,high,vb2,1.0,0.0,0.0,0.0,0.3711048662662506
11.0,27.0,0.13406679034233093,1.0,0.5364077687263489,boy,boysch,0.6350562572479248,high,vb2,1.0,0.0,0.0,0.0,0.5364077687263489
11.0,28.0,-1.029066801071167,1.0,0.6190592646598816,boy,boysch,0.6350562572479248,high,vb1,1.0,0.0,0.0,0.0,0.6190592646598816
11.0,29.0,1.7348991632461548,1.0,1.4455738067626953,boy,boysch,0.6350562572479248,high,vb1,1.0,0.0,0.0,0.0,1.4455738067626953
11.0,30.0,0.1941491812467575,1.0,-1.1166213750839233,boy,boysch,0.6350562572479248,high,vb3,1.0,0.0,0.0,0.0,-1.1166213750839233
11.0,31.0,0.4781937301158905,1.0,-0.5380612015724182,boy,boysch,0.6350562572479248,high,vb2,1.0,0.0,0.0,0.0,-0.5380612015724182
11.0,32.0,0.1941491812467575,1.0,1.2802709341049194,boy,boysch,0.6350562572479248,high,vb1,1.0,0.0,0.0,0.0,1.2802709341049194
11.0,33.0,-2.1086435317993164,1.0,-0.5380612015724182,boy,boysch,0.6350562572479248,high,vb2,1.0,0.0,0.0,0.0,-0.5380612015724182
11.0,34.0,-0.8526700735092163,1.0,-0.29010680317878723,boy,boysch,0.6350562572479248,high,vb2,1.0,0.0,0.0,0.0,-0.29010680317878723
11.0,35.0,1.506184697151184,1.0,2.2720885276794434,boy,boysch,0.6350562572479248,high,vb1,1.0,0.0,0.0,0.0,2.2720885276794434
11.0,36.0,0.13406679034233093,1.0,2.8506486415863037,boy,boysch,0.6350562572479248,high,vb1,1.0,0.0,0.0,0.0,2.8506486415863037
11.0,37.0,1.175849437713623,1.0,0.040499038994312286,boy,boysch,0.6350562572479248,high,vb2,1.0,0.0,0.0,0.0,0.040499038994312286
11.0,38.0,0.2613244652748108,1.0,-0.9513183832168579,boy,boysch,0.6350562572479248,high,vb2,1.0,0.0,0.0,0.0,-0.9513183832168579
11.0,39.0,0.821988046169281,1.0,-0.9513183832168579,boy,boysch,0.6350562572479248,high,vb2,1.0,0.0,0.0,0.0,-0.9513183832168579
11.0,40.0,0.9675859808921814,1.0,0.28845342993736267,boy,boysch,0.6350562572479248,high,vb2,1.0,0.0,0.0,0.0,0.28845342993736267
11.0,41.0,0.1941491812467575,1.0,0.7843621969223022,boy,boysch,0.6350562572479248,high,vb1,1.0,0.0,0.0,0.0,0.7843621969223022
11.0,42.0,1.3747409582138062,1.0,1.1149680614471436,boy,boysch,0.6350562572479248,high,vb1,1.0,0.0,0.0,0.0,1.1149680614471436
11.0,43.0,0.678758978843689,1.0,1.1149680614471436,boy,boysch,0.6350562572479248,high,vb1,1.0,0.0,0.0,0.0,1.1149680614471436
11.0,44.0,1.9003351926803589,1.0,2.0241341590881348,boy,boysch,0.6350562572479248,high,vb1,1.0,0.0,0.0,0.0,2.0241341590881348
11.0,45.0,-0.4927808344364166,1.0,0.28845342993736267,boy,boysch,0.6350562572479248,high,vb2,1.0,0.0,0.0,0.0,0.28845342993736267
11.0,46.0,-0.06208816543221474,1.0,1.0323165655136108,boy,boysch,0.6350562572479248,high,vb1,1.0,0.0,0.0,0.0,1.0323165655136108
11.0,47.0,0.328072190284729,1.0,0.5364077687263489,boy,boysch,0.6350562572479248,high,vb1,1.0,0.0,0.0,0.0,0.5364077687263489
11.0,48.0,1.3747409582138062,1.0,1.3629224300384521,boy,boysch,0.6350562572479248,high,vb1,1.0,0.0,0.0,0.0,1.3629224300384521
11.0,49.0,1.0396080017089844,1.0,1.6108767986297607,boy,boysch,0.6350562572479248,high,vb1,1.0,0.0,0.0,0.0,1.6108767986297607
11.0,50.0,0.7472277283668518,1.0,1.8588311672210693,boy,boysch,0.6350562572479248,high,vb1,1.0,0.0,0.0,0.0,1.8588311672210693
11.0,51.0,-0.4198014438152313,1.0,-1.4472272396087646,boy,boysch,0.6350562572479248,high,vb3,1.0,0.0,0.0,0.0,-1.4472272396087646
11.0,52.0,1.5792195796966553,1.0,1.693528175354004,boy,boysch,0.6350562572479248,high,vb1,1.0,0.0,0.0,0.0,1.693528175354004
11.0,53.0,0.5443409085273743,1.0,0.3711048662662506,boy,boysch,0.6350562572479248,high,vb1,1.0,0.0,0.0,0.0,0.3711048662662506
11.0,54.0,0.328072190284729,1.0,0.3711048662662506,boy,boysch,0.6350562572479248,high,vb2,1.0,0.0,0.0,0.0,0.3711048662662506
11.0,55.0,1.0396080017089844,1.0,1.693528175354004,boy,boysch,0.6350562572479248,high,vb1,1.0,0.0,0.0,0.0,1.693528175354004
11.0,56.0,0.9675859808921814,1.0,2.106785535812378,boy,boysch,0.6350562572479248,high,vb1,1.0,0.0,0.0,0.0,2.106785535812378
11.0,57.0,0.1941491812467575,1.0,1.2802709341049194,boy,boysch,0.6350562572479248,high,vb1,1.0,0.0,0.0,0.0,1.2802709341049194
11.0,58.0,1.175849437713623,1.0,1.1976194381713867,boy,boysch,0.6350562572479248,high,vb1,1.0,0.0,0.0,0.0,1.1976194381713867
11.0,59.0,-0.8526700735092163,1.0,-0.12480387836694717,boy,boysch,0.6350562572479248,high,vb2,1.0,0.0,0.0,0.0,-0.12480387836694717
11.0,60.0,0.4781937301158905,1.0,-0.2074553370475769,boy,boysch,0.6350562572479248,high,vb2,1.0,0.0,0.0,0.0,-0.2074553370475769
11.0,61.0,0.7472277283668518,1.0,1.3629224300384521,boy,boysch,0.6350562572479248,high,vb1,1.0,0.0,0.0,0.0,1.3629224300384521
11.0,62.0,0.5443409085273743,1.0,0.7843621969223022,boy,boysch,0.6350562572479248,high,vb1,1.0,0.0,0.0,0.0,0.7843621969223022
24.0,1.0,0.2613244652748108,1.0,1.4455738067626953,boy,boysch,-0.4152008891105652,low,vb1,1.0,0.0,0.0,0.0,1.4455738067626953
24.0,2.0,1.9003351926803589,1.0,0.7017107009887695,boy,boysch,-0.4152008891105652,low,vb1,1.0,0.0,0.0,0.0,0.7017107009887695
24.0,3.0,-0.19761060178279877,1.0,-0.5380612015724182,boy,boysch,-0.4152008891105652,low,vb2,1.0,0.0,0.0,0.0,-0.5380612015724182
24.0,4.0,0.8965656757354736,1.0,-0.6207126379013062,boy,boysch,-0.4152008891105652,low,vb2,1.0,0.0,0.0,0.0,-0.6207126379013062
24.0,5.0,0.1941491812467575,1.0,-0.12480387836694717,boy,boysch,-0.4152008891105652,low,vb2,1.0,0.0,0.0,0.0,-0.12480387836694717
24.0,6.0,1.4395315647125244,1.0,0.12315050512552261,boy,boysch,-0.4152008891105652,low,vb1,1.0,0.0,0.0,0.0,0.12315050512552261
24.0,7.0,-0.6995050311088562,1.0,-2.934953451156616,boy,boysch,-0.4152008891105652,low,vb2,1.0,0.0,0.0,0.0,-2.934953451156616
24.0,8.0,-1.2194855213165283,1.0,-1.4472272396087646,boy,boysch,-0.4152008891105652,low,vb3,1.0,0.0,0.0,0.0,-1.4472272396087646
24.0,9.0,-0.5551124811172485,1.0,-0.8686670064926147,boy,boysch,-0.4152008891105652,low,vb2,1.0,0.0,0.0,0.0,-0.8686670064926147
24.0,10.0,-0.12908467650413513,1.0,-0.12480387836694717,boy,boysch,-0.4152008891105652,low,vb3,1.0,0.0,0.0,0.0,-0.12480387836694717
24.0,11.0,0.9675859808921814,1.0,-0.042152419686317444,boy,boysch,-0.4152008891105652,low,vb2,1.0,0.0,0.0,0.0,-0.042152419686317444
24.0,12.0,1.7348991632461548,1.0,1.1976194381713867,boy,boysch,-0.4152008891105652,low,vb1,1.0,0.0,0.0,0.0,1.1976194381713867
24.0,13.0,-0.26515936851501465,1.0,0.28845342993736267,boy,boysch,-0.4152008891105652,low,vb1,1.0,0.0,0.0,0.0,0.28845342993736267
24.0,14.0,-0.4927808344364166,1.0,0.28845342993736267,boy,boysch,-0.4152008891105652,low,vb2,1.0,0.0,0.0,0.0,0.28845342993736267
24.0,15.0,0.004321751184761524,1.0,-2.2737417221069336,boy,boysch,-0.4152008891105652,low,vb2,1.0,0.0,0.0,0.0,-2.2737417221069336
24.0,16.0,-1.438662052154541,1.0,-0.2074553370475769,boy,boysch,-0.4152008891105652,low,vb2,1.0,0.0,0.0,0.0,-0.2074553370475769
24.0,17.0,1.506184697151184,1.0,-0.9513183832168579,boy,boysch,-0.4152008891105652,low,vb3,1.0,0.0,0.0,0.0,-0.9513183832168579
24.0,18.0,0.2613244652748108,1.0,1.2802709341049194,boy,boysch,-0.4152008891105652,low,vb1,1.0,0.0,0.0,0.0,1.2802709341049194
24.0,19.0,1.8138266801834106,1.0,0.6190592646598816,boy,boysch,-0.4152008891105652,low,vb2,1.0,0.0,0.0,0.0,0.6190592646598816
24.0,20.0,0.4781937301158905,1.0,-1.6951816082000732,boy,boysch,-0.4152008891105652,low,vb1,1.0,0.0,0.0,0.0,-1.6951816082000732
24.0,21.0,-2.5101213455200195,1.0,-0.5380612015724182,boy,boysch,-0.4152008891105652,low,vb2,1.0,0.0,0.0,0.0,-0.5380612015724182
24.0,22.0,-0.4198014438152313,1.0,0.12315050512552261,boy,boysch,-0.4152008891105652,low,vb2,1.0,0.0,0.0,0.0,0.12315050512552261
24.0,23.0,0.4781937301158905,1.0,0.45375630259513855,boy,boysch,-0.4152008891105652,low,vb1,1.0,0.0,0.0,0.0,0.45375630259513855
24.0,24.0,0.07353636622428894,1.0,-0.042152419686317444,boy,boysch,-0.4152008891105652,low,vb1,1.0,0.0,0.0,0.0,-0.042152419686317444
24.0,25.0,-0.6995050311088562,1.0,-0.9513183832168579,boy,boysch,-0.4152008891105652,low,vb2,1.0,0.0,0.0,0.0,-0.9513183832168579
24.0,26.0,-0.8526700735092163,1.0,-0.4554097056388855,boy,boysch,-0.4152008891105652,low,vb3,1.0,0.0,0.0,0.0,-0.4554097056388855
24.0,27.0,0.5443409085273743,1.0,-0.37275826930999756,boy,boysch,-0.4152008891105652,low,vb2,1.0,0.0,0.0,0.0,-0.37275826930999756
24.0,28.0,-0.6995050311088562,1.0,-1.2819242477416992,boy,boysch,-0.4152008891105652,low,vb3,1.0,0.0,0.0,0.0,-1.2819242477416992
24.0,29.0,-1.5266530513763428,1.0,-1.364575743675232,boy,boysch,-0.4152008891105652,low,vb2,1.0,0.0,0.0,0.0,-1.364575743675232
24.0,30.0,0.6107285618782043,1.0,-1.2819242477416992,boy,boysch,-0.4152008891105652,low,vb3,1.0,0.0,0.0,0.0,-1.2819242477416992
24.0,31.0,-0.776108980178833,1.0,-0.042152419686317444,boy,boysch,-0.4152008891105652,low,vb2,1.0,0.0,0.0,0.0,-0.042152419686317444
24.0,32.0,-0.5551124811172485,1.0,0.040499038994312286,boy,boysch,-0.4152008891105652,low,vb2,1.0,0.0,0.0,0.0,0.040499038994312286
24.0,33.0,-0.9393776655197144,1.0,-1.5298787355422974,boy,boysch,-0.4152008891105652,low,vb2,1.0,0.0,0.0,0.0,-1.5298787355422974
24.0,34.0,1.0396080017089844,1.0,-0.7860155701637268,boy,boysch,-0.4152008891105652,low,vb2,1.0,0.0,0.0,0.0,-0.7860155701637268
24.0,35.0,0.7472277283668518,1.0,-0.7033640742301941,boy,boysch,-0.4152008891105652,low,vb2,1.0,0.0,0.0,0.0,-0.7033640742301941
24.0,36.0,0.6107285618782043,1.0,-0.042152419686317444,boy,boysch,-0.4152008891105652,low,vb2,1.0,0.0,0.0,0.0,-0.042152419686317444
24.0,37.0,-1.1186243295669556,1.0,-0.7033640742301941,boy,boysch,-0.4152008891105652,low,vb2,1.0,0.0,0.0,0.0,-0.7033640742301941
27.0,1.0,1.3101423978805542,1.0,0.7017107009887695,boy,boysch,-0.6355475783348083,low,vb2,1.0,0.0,0.0,0.0,0.7017107009887695
27.0,2.0,0.004321751184761524,1.0,-2.934953451156616,boy,boysch,-0.6355475783348083,low,vb3,1.0,0.0,0.0,0.0,-2.934953451156616
27.0,3.0,0.2613244652748108,1.0,-0.9513183832168579,boy,boysch,-0.6355475783348083,low,vb2,1.0,0.0,0.0,0.0,-0.9513183832168579
27.0,4.0,0.5443409085273743,1.0,0.12315050512552261,boy,boysch,-0.6355475783348083,low,vb2,1.0,0.0,0.0,0.0,0.12315050512552261
27.0,5.0,-2.2917308807373047,1.0,-2.356393337249756,boy,boysch,-0.6355475783348083,low,vb3,1.0,0.0,0.0,0.0,-2.356393337249756
27.0,6.0,-0.06208816543221474,1.0,-0.29010680317878723,boy,boysch,-0.6355475783348083,low,vb3,1.0,0.0,0.0,0.0,-0.29010680317878723
27.0,7.0,-0.6995050311088562,1.0,-0.6207126379013062,boy,boysch,-0.6355475783348083,low,vb2,1.0,0.0,0.0,0.0,-0.6207126379013062
27.0,8.0,-1.7238824367523193,1.0,-1.9431359767913818,boy,boysch,-0.6355475783348083,low,vb3,1.0,0.0,0.0,0.0,-1.9431359767913818
27.0,9.0,0.07353636622428894,1.0,0.12315050512552261,boy,boysch,-0.6355475783348083,low,vb2,1.0,0.0,0.0,0.0,0.12315050512552261
27.0,10.0,0.328072190284729,1.0,-0.2074553370475769,boy,boysch,-0.6355475783348083,low,vb3,1.0,0.0,0.0,0.0,-0.2074553370475769
27.0,11.0,0.4026685655117035,1.0,0.28845342993736267,boy,boysch,-0.6355475783348083,low,vb2,1.0,0.0,0.0,0.0,0.28845342993736267
27.0,12.0,-1.029066801071167,1.0,0.040499038994312286,boy,boysch,-0.6355475783348083,low,vb2,1.0,0.0,0.0,0.0,0.040499038994312286
27.0,13.0,-0.8526700735092163,1.0,-0.042152419686317444,boy,boysch,-0.6355475783348083,low,vb2,1.0,0.0,0.0,0.0,-0.042152419686317444
27.0,14.0,0.7472277283668518,1.0,1.0323165655136108,boy,boysch,-0.6355475783348083,low,vb1,1.0,0.0,0.0,0.0,1.0323165655136108
27.0,15.0,-0.19761060178279877,1.0,-0.6207126379013062,boy,boysch,-0.6355475783348083,low,vb2,1.0,0.0,0.0,0.0,-0.6207126379013062
27.0,16.0,0.7472277283668518,1.0,0.7017107009887695,boy,boysch,-0.6355475783348083,low,vb2,1.0,0.0,0.0,0.0,0.7017107009887695
27.0,17.0,-1.029066801071167,1.0,-1.364575743675232,boy,boysch,-0.6355475783348083,low,vb3,1.0,0.0,0.0,0.0,-1.364575743675232
27.0,18.0,-1.5266530513763428,1.0,-2.521696090698242,boy,boysch,-0.6355475783348083,low,vb3,1.0,0.0,0.0,0.0,-2.521696090698242
27.0,19.0,-1.029066801071167,1.0,-1.0339698791503906,boy,boysch,-0.6355475783348083,low,vb3,1.0,0.0,0.0,0.0,-1.0339698791503906
27.0,20.0,0.13406679034233093,1.0,-1.5298787355422974,boy,boysch,-0.6355475783348083,low,vb2,1.0,0.0,0.0,0.0,-1.5298787355422974
27.0,21.0,-1.029066801071167,1.0,-0.9513183832168579,boy,boysch,-0.6355475783348083,low,vb2,1.0,0.0,0.0,0.0,-0.9513183832168579
27.0,22.0,0.678758978843689,1.0,0.7843621969223022,boy,boysch,-0.6355475783348083,low,vb2,1.0,0.0,0.0,0.0,0.7843621969223022
27.0,23.0,-0.06208816543221474,1.0,0.5364077687263489,boy,boysch,-0.6355475783348083,low,vb1,1.0,0.0,0.0,0.0,0.5364077687263489
27.0,24.0,-0.8526700735092163,1.0,-1.364575743675232,boy,boysch,-0.6355475783348083,low,vb3,1.0,0.0,0.0,0.0,-1.364575743675232
27.0,25.0,-0.06208816543221474,1.0,-0.7033640742301941,boy,boysch,-0.6355475783348083,low,vb2,1.0,0.0,0.0,0.0,-0.7033640742301941
27.0,26.0,-1.1186243295669556,1.0,-1.0339698791503906,boy,boysch,-0.6355475783348083,low,vb3,1.0,0.0,0.0,0.0,-1.0339698791503906
27.0,27.0,0.07353636622428894,1.0,-0.29010680317878723,boy,boysch,-0.6355475783348083,low,vb3,1.0,0.0,0.0,0.0,-0.29010680317878723
27.0,28.0,0.5443409085273743,1.0,-0.7860155701637268,boy,boysch,-0.6355475783348083,low,vb2,1.0,0.0,0.0,0.0,-0.7860155701637268
27.0,29.0,-0.6995050311088562,1.0,-2.6869990825653076,boy,boysch,-0.6355475783348083,low,vb3,1.0,0.0,0.0,0.0,-2.6869990825653076
27.0,30.0,1.3747409582138062,1.0,0.5364077687263489,boy,boysch,-0.6355475783348083,low,vb2,1.0,0.0,0.0,0.0,0.5364077687263489
27.0,31.0,-0.4198014438152313,1.0,-0.6207126379013062,boy,boysch,-0.6355475783348083,low,vb2,1.0,0.0,0.0,0.0,-0.6207126379013062
27.0,32.0,-1.1186243295669556,1.0,-0.7860155701637268,boy,boysch,-0.6355475783348083,low,vb2,1.0,0.0,0.0,0.0,-0.7860155701637268
27.0,33.0,-1.5266530513763428,1.0,-0.7860155701637268,boy,boysch,-0.6355475783348083,low,vb3,1.0,0.0,0.0,0.0,-0.7860155701637268
27.0,34.0,-0.6230506896972656,1.0,-1.2819242477416992,boy,boysch,-0.6355475783348083,low,vb3,1.0,0.0,0.0,0.0,-1.2819242477416992
27.0,35.0,-1.3353148698806763,1.0,-0.2074553370475769,boy,boysch,-0.6355475783348083,low,vb2,1.0,0.0,0.0,0.0,-0.2074553370475769
27.0,36.0,-1.438662052154541,1.0,-1.4472272396087646,boy,boysch,-0.6355475783348083,low,vb2,1.0,0.0,0.0,0.0,-1.4472272396087646
27.0,37.0,0.1941491812467575,1.0,-0.042152419686317444,boy,boysch,-0.6355475783348083,low,vb2,1.0,0.0,0.0,0.0,-0.042152419686317444
27.0,38.0,-0.26515936851501465,1.0,-0.4554097056388855,boy,boysch,-0.6355475783348083,low,vb2,1.0,0.0,0.0,0.0,-0.4554097056388855
27.0,39.0,0.7472277283668518,1.0,0.20580196380615234,boy,boysch,-0.6355475783348083,low,vb1,1.0,0.0,0.0,0.0,0.20580196380615234
36.0,1.0,-0.26515936851501465,1.0,-1.6125301122665405,boy,boysch,-0.09646619111299515,mid,vb2,1.0,0.0,0.0,0.0,-1.6125301122665405
36.0,2.0,-1.7238824367523193,1.0,-1.199272871017456,boy,boysch,-0.09646619111299515,mid,vb2,1.0,0.0,0.0,0.0,-1.199272871017456
36.0,3.0,1.0396080017089844,1.0,1.8588311672210693,boy,boysch,-0.09646619111299515,mid,vb1,1.0,0.0,0.0,0.0,1.8588311672210693
36.0,4.0,-1.7238824367523193,1.0,-1.364575743675232,boy,boysch,-0.09646619111299515,mid,vb2,1.0,0.0,0.0,0.0,-1.364575743675232
36.0,5.0,0.004321751184761524,1.0,-0.8686670064926147,boy,boysch,-0.09646619111299515,mid,vb2,1.0,0.0,0.0,0.0,-0.8686670064926147
36.0,6.0,-1.7238824367523193,1.0,-0.9513183832168579,boy,boysch,-0.09646619111299515,mid,vb3,1.0,0.0,0.0,0.0,-0.9513183832168579
36.0,7.0,1.4395315647125244,1.0,0.28845342993736267,boy,boysch,-0.09646619111299515,mid,vb2,1.0,0.0,0.0,0.0,0.28845342993736267
36.0,8.0,-0.8526700735092163,1.0,-1.8604844808578491,boy,boysch,-0.09646619111299515,mid,vb3,1.0,0.0,0.0,0.0,-1.8604844808578491
36.0,9.0,-0.9393776655197144,1.0,0.28845342993736267,boy,boysch,-0.09646619111299515,mid,vb2,1.0,0.0,0.0,0.0,0.28845342993736267
36.0,10.0,1.1094379425048828,1.0,-1.5298787355422974,boy,boysch,-0.09646619111299515,mid,vb2,1.0,0.0,0.0,0.0,-1.5298787355422974
36.0,11.0,-0.4198014438152313,1.0,-0.5380612015724182,boy,boysch,-0.09646619111299515,mid,vb2,1.0,0.0,0.0,0.0,-0.5380612015724182
36.0,12.0,-0.8526700735092163,1.0,-0.12480387836694717,boy,boysch,-0.09646619111299515,mid,vb1,1.0,0.0,0.0,0.0,-0.12480387836694717
36.0,13.0,-0.776108980178833,1.0,0.7017107009887695,boy,boysch,-0.09646619111299515,mid,vb2,1.0,0.0,0.0,0.0,0.7017107009887695
36.0,14.0,-0.776108980178833,1.0,-1.364575743675232,boy,boysch,-0.09646619111299515,mid,vb3,1.0,0.0,0.0,0.0,-1.364575743675232
36.0,15.0,0.4026685655117035,1.0,-0.5380612015724182,boy,boysch,-0.09646619111299515,mid,vb2,1.0,0.0,0.0,0.0,-0.5380612015724182
36.0,16.0,-1.9620754718780518,1.0,-1.4472272396087646,boy,boysch,-0.09646619111299515,mid,vb3,1.0,0.0,0.0,0.0,-1.4472272396087646
36.0,17.0,-1.9620754718780518,1.0,-1.5298787355422974,boy,boysch,-0.09646619111299515,mid,vb2,1.0,0.0,0.0,0.0,-1.5298787355422974
36.0,18.0,-1.8366867303848267,1.0,-0.12480387836694717,boy,boysch,-0.09646619111299515,mid,vb2,1.0,0.0,0.0,0.0,-0.12480387836694717
36.0,19.0,0.328072190284729,1.0,1.0323165655136108,boy,boysch,-0.09646619111299515,mid,vb2,1.0,0.0,0.0,0.0,1.0323165655136108
36.0,20.0,-1.1186243295669556,1.0,1.0323165655136108,boy,boysch,-0.09646619111299515,mid,vb1,1.0,0.0,0.0,0.0,1.0323165655136108
36.0,21.0,0.1941491812467575,1.0,0.20580196380615234,boy,boysch,-0.09646619111299515,mid,vb1,1.0,0.0,0.0,0.0,0.20580196380615234
36.0,22.0,0.678758978843689,1.0,-0.7033640742301941,boy,boysch,-0.09646619111299515,mid,vb2,1.0,0.0,0.0,0.0,-0.7033640742301941
36.0,23.0,0.6107285618782043,1.0,1.3629224300384521,boy,boysch,-0.09646619111299515,mid,vb1,1.0,0.0,0.0,0.0,1.3629224300384521
36.0,24.0,-1.6237297058105469,1.0,-0.37275826930999756,boy,boysch,-0.09646619111299515,mid,vb2,1.0,0.0,0.0,0.0,-0.37275826930999756
36.0,25.0,-0.4927808344364166,1.0,0.8670135736465454,boy,boysch,-0.09646619111299515,mid,vb2,1.0,0.0,0.0,0.0,0.8670135736465454
36.0,26.0,-1.1186243295669556,1.0,-0.37275826930999756,boy,boysch,-0.09646619111299515,mid,vb2,1.0,0.0,0.0,0.0,-0.37275826930999756
36.0,27.0,-2.1086435317993164,1.0,-0.8686670064926147,boy,boysch,-0.09646619111299515,mid,vb3,1.0,0.0,0.0,0.0,-0.8686670064926147
36.0,28.0,0.328072190284729,1.0,0.6190592646598816,boy,boysch,-0.09646619111299515,mid,vb2,1.0,0.0,0.0,0.0,0.6190592646598816
36.0,29.0,0.328072190284729,1.0,0.6190592646598816,boy,boysch,-0.09646619111299515,mid,vb1,1.0,0.0,0.0,0.0,0.6190592646598816
36.0,30.0,-0.6995050311088562,1.0,0.3711048662662506,boy,boysch,-0.09646619111299515,mid,vb2,1.0,0.0,0.0,0.0,0.3711048662662506
36.0,31.0,-0.776108980178833,1.0,-0.37275826930999756,boy,boysch,-0.09646619111299515,mid,vb2,1.0,0.0,0.0,0.0,-0.37275826930999756
36.0,32.0,-0.12908467650413513,1.0,0.45375630259513855,boy,boysch,-0.09646619111299515,mid,vb1,1.0,0.0,0.0,0.0,0.45375630259513855
36.0,33.0,-0.5551124811172485,1.0,-0.5380612015724182,boy,boysch,-0.09646619111299515,mid,vb2,1.0,0.0,0.0,0.0,-0.5380612015724182
36.0,34.0,-1.6237297058105469,1.0,-1.6951816082000732,boy,boysch,-0.09646619111299515,mid,vb3,1.0,0.0,0.0,0.0,-1.6951816082000732
36.0,35.0,-1.2194855213165283,1.0,-2.6043477058410645,boy,boysch,-0.09646619111299515,mid,vb2,1.0,0.0,0.0,0.0,-2.6043477058410645
36.0,36.0,1.9003351926803589,1.0,0.7843621969223022,boy,boysch,-0.09646619111299515,mid,vb1,1.0,0.0,0.0,0.0,0.7843621969223022
36.0,37.0,0.821988046169281,1.0,1.528225302696228,boy,boysch,-0.09646619111299515,mid,vb1,1.0,0.0,0.0,0.0,1.528225302696228
36.0,38.0,0.8965656757354736,1.0,0.6190592646598816,boy,boysch,-0.09646619111299515,mid,vb1,1.0,0.0,0.0,0.0,0.6190592646598816
36.0,39.0,0.07353636622428894,1.0,1.0323165655136108,boy,boysch,-0.09646619111299515,mid,vb2,1.0,0.0,0.0,0.0,1.0323165655136108
36.0,40.0,-0.9393776655197144,1.0,-0.12480387836694717,boy,boysch,-0.09646619111299515,mid,vb2,1.0,0.0,0.0,0.0,-0.12480387836694717
36.0,41.0,0.678758978843689,1.0,1.2802709341049194,boy,boysch,-0.09646619111299515,mid,vb1,1.0,0.0,0.0,0.0,1.2802709341049194
36.0,42.0,0.5443409085273743,1.0,1.2802709341049194,boy,boysch,-0.09646619111299515,mid,vb1,1.0,0.0,0.0,0.0,1.2802709341049194
36.0,43.0,0.4026685655117035,1.0,0.5364077687263489,boy,boysch,-0.09646619111299515,mid,vb1,1.0,0.0,0.0,0.0,0.5364077687263489
36.0,44.0,-0.33884158730506897,1.0,0.12315050512552261,boy,boysch,-0.09646619111299515,mid,vb2,1.0,0.0,0.0,0.0,0.12315050512552261
36.0,45.0,0.7472277283668518,1.0,1.0323165655136108,boy,boysch,-0.09646619111299515,mid,vb1,1.0,0.0,0.0,0.0,1.0323165655136108
36.0,46.0,0.004321751184761524,1.0,-0.2074553370475769,boy,boysch,-0.09646619111299515,mid,vb2,1.0,0.0,0.0,0.0,-0.2074553370475769
36.0,47.0,-0.4927808344364166,1.0,0.12315050512552261,boy,boysch,-0.09646619111299515,mid,vb2,1.0,0.0,0.0,0.0,0.12315050512552261
36.0,48.0,0.328072190284729,1.0,-2.6869990825653076,boy,boysch,-0.09646619111299515,mid,vb2,1.0,0.0,0.0,0.0,-2.6869990825653076
36.0,49.0,0.5443409085273743,1.0,0.3711048662662506,boy,boysch,-0.09646619111299515,mid,vb2,1.0,0.0,0.0,0.0,0.3711048662662506
36.0,50.0,0.07353636622428894,1.0,-0.12480387836694717,boy,boysch,-0.09646619111299515,mid,vb2,1.0,0.0,0.0,0.0,-0.12480387836694717
36.0,51.0,1.5792195796966553,1.0,1.693528175354004,boy,boysch,-0.09646619111299515,mid,vb1,1.0,0.0,0.0,0.0,1.693528175354004
36.0,52.0,-0.6230506896972656,1.0,1.693528175354004,boy,boysch,-0.09646619111299515,mid,vb1,1.0,0.0,0.0,0.0,1.693528175354004
36.0,53.0,0.13406679034233093,1.0,-0.9513183832168579,boy,boysch,-0.09646619111299515,mid,vb2,1.0,0.0,0.0,0.0,-0.9513183832168579
36.0,54.0,0.07353636622428894,1.0,-1.199272871017456,boy,boysch,-0.09646619111299515,mid,vb2,1.0,0.0,0.0,0.0,-1.199272871017456
36.0,55.0,1.9003351926803589,1.0,2.933300018310547,boy,boysch,-0.09646619111299515,mid,vb1,1.0,0.0,0.0,0.0,2.933300018310547
36.0,56.0,0.6107285618782043,1.0,-0.29010680317878723,boy,boysch,-0.09646619111299515,mid,vb2,1.0,0.0,0.0,0.0,-0.29010680317878723
36.0,57.0,0.5443409085273743,1.0,1.693528175354004,boy,boysch,-0.09646619111299515,mid,vb1,1.0,0.0,0.0,0.0,1.693528175354004
36.0,58.0,-0.19761060178279877,1.0,-1.199272871017456,boy,boysch,-0.09646619111299515,mid,vb2,1.0,0.0,0.0,0.0,-1.199272871017456
36.0,59.0,-0.26515936851501465,1.0,-0.12480387836694717,boy,boysch,-0.09646619111299515,mid,vb1,1.0,0.0,0.0,0.0,-0.12480387836694717
36.0,60.0,-0.33884158730506897,1.0,-2.2737417221069336,boy,boysch,-0.09646619111299515,mid,vb3,1.0,0.0,0.0,0.0,-2.2737417221069336
36.0,61.0,-0.19761060178279877,1.0,-1.199272871017456,boy,boysch,-0.09646619111299515,mid,vb2,1.0,0.0,0.0,0.0,-1.199272871017456
36.0,62.0,-1.438662052154541,1.0,-1.199272871017456,boy,boysch,-0.09646619111299515,mid,vb2,1.0,0.0,0.0,0.0,-1.199272871017456
36.0,63.0,-0.8526700735092163,1.0,-1.199272871017456,boy,boysch,-0.09646619111299515,mid,vb2,1.0,0.0,0.0,0.0,-1.199272871017456
36.0,64.0,-0.06208816543221474,1.0,-0.12480387836694717,boy,boysch,-0.09646619111299515,mid,vb2,1.0,0.0,0.0,0.0,-0.12480387836694717
36.0,65.0,0.4781937301158905,1.0,2.0241341590881348,boy,boysch,-0.09646619111299515,mid,vb1,1.0,0.0,0.0,0.0,2.0241341590881348
36.0,66.0,-1.8366867303848267,1.0,-0.4554097056388855,boy,boysch,-0.09646619111299515,mid,vb1,1.0,0.0,0.0,0.0,-0.4554097056388855
36.0,67.0,0.2613244652748108,1.0,0.45375630259513855,boy,boysch,-0.09646619111299515,mid,vb2,1.0,0.0,0.0,0.0,0.45375630259513855
36.0,68.0,0.07353636622428894,1.0,1.3629224300384521,boy,boysch,-0.09646619111299515,mid,vb1,1.0,0.0,0.0,0.0,1.3629224300384521
36.0,69.0,-0.9393776655197144,1.0,-1.199272871017456,boy,boysch,-0.09646619111299515,mid,vb3,1.0,0.0,0.0,0.0,-1.199272871017456
36.0,70.0,-0.776108980178833,1.0,0.12315050512552261,boy,boysch,-0.09646619111299515,mid,vb3,1.0,0.0,0.0,0.0,0.12315050512552261
37.0,1.0,0.5443409085273743,1.0,1.6108767986297607,boy,boysch,-0.7559604644775391,low,vb1,1.0,0.0,0.0,0.0,1.6108767986297607
37.0,2.0,0.004321751184761524,1.0,-2.025787353515625,boy,boysch,-0.7559604644775391,low,vb3,1.0,0.0,0.0,0.0,-2.025787353515625
37.0,3.0,-0.6995050311088562,1.0,-0.6207126379013062,boy,boysch,-0.7559604644775391,low,vb2,1.0,0.0,0.0,0.0,-0.6207126379013062
37.0,4.0,-0.4198014438152313,1.0,-0.7033640742301941,boy,boysch,-0.7559604644775391,low,vb2,1.0,0.0,0.0,0.0,-0.7033640742301941
37.0,5.0,0.13406679034233093,1.0,-0.5380612015724182,boy,boysch,-0.7559604644775391,low,vb3,1.0,0.0,0.0,0.0,-0.5380612015724182
37.0,6.0,-0.19761060178279877,1.0,0.20580196380615234,boy,boysch,-0.7559604644775391,low,vb2,1.0,0.0,0.0,0.0,0.20580196380615234
37.0,7.0,-2.1086435317993164,1.0,-2.1084389686584473,boy,boysch,-0.7559604644775391,low,vb3,1.0,0.0,0.0,0.0,-2.1084389686584473
37.0,8.0,-1.6237297058105469,1.0,-2.1084389686584473,boy,boysch,-0.7559604644775391,low,vb3,1.0,0.0,0.0,0.0,-2.1084389686584473
37.0,9.0,-1.2194855213165283,1.0,-1.199272871017456,boy,boysch,-0.7559604644775391,low,vb3,1.0,0.0,0.0,0.0,-1.199272871017456
37.0,10.0,-0.776108980178833,1.0,-2.1910903453826904,boy,boysch,-0.7559604644775391,low,vb3,1.0,0.0,0.0,0.0,-2.1910903453826904
37.0,11.0,0.004321751184761524,1.0,-1.199272871017456,boy,boysch,-0.7559604644775391,low,vb2,1.0,0.0,0.0,0.0,-1.199272871017456
37.0,12.0,-0.776108980178833,1.0,1.0323165655136108,boy,boysch,-0.7559604644775391,low,vb2,1.0,0.0,0.0,0.0,1.0323165655136108
37.0,13.0,-0.6995050311088562,1.0,-0.6207126379013062,boy,boysch,-0.7559604644775391,low,vb2,1.0,0.0,0.0,0.0,-0.6207126379013062
37.0,14.0,-0.776108980178833,1.0,-2.1910903453826904,boy,boysch,-0.7559604644775391,low,vb3,1.0,0.0,0.0,0.0,-2.1910903453826904
37.0,15.0,-1.3353148698806763,1.0,-2.439044713973999,boy,boysch,-0.7559604644775391,low,vb3,1.0,0.0,0.0,0.0,-2.439044713973999
37.0,16.0,-0.9393776655197144,1.0,0.5364077687263489,boy,boysch,-0.7559604644775391,low,vb3,1.0,0.0,0.0,0.0,0.5364077687263489
37.0,17.0,0.004321751184761524,1.0,-0.29010680317878723,boy,boysch,-0.7559604644775391,low,vb3,1.0,0.0,0.0,0.0,-0.29010680317878723
37.0,18.0,-1.8366867303848267,1.0,0.040499038994312286,boy,boysch,-0.7559604644775391,low,vb2,1.0,0.0,0.0,0.0,0.040499038994312286
37.0,19.0,-1.5266530513763428,1.0,-0.5380612015724182,boy,boysch,-0.7559604644775391,low,vb2,1.0,0.0,0.0,0.0,-0.5380612015724182
37.0,20.0,-0.33884158730506897,1.0,0.040499038994312286,boy,boysch,-0.7559604644775391,low,vb2,1.0,0.0,0.0,0.0,0.040499038994312286
37.0,21.0,0.07353636622428894,1.0,-1.1166213750839233,boy,boysch,-0.7559604644775391,low,vb2,1.0,0.0,0.0,0.0,-1.1166213750839233
37.0,22.0,-0.12908467650413513,1.0,-0.2074553370475769,boy,boysch,-0.7559604644775391,low,vb2,1.0,0.0,0.0,0.0,-0.2074553370475769
40.0,1.0,0.2613244652748108,1.0,0.040499038994312286,boy,boysch,-0.013049783185124397,mid,vb2,1.0,0.0,0.0,0.0,0.040499038994312286
40.0,2.0,-2.5101213455200195,1.0,-1.6125301122665405,boy,boysch,-0.013049783185124397,mid,vb3,1.0,0.0,0.0,0.0,-1.6125301122665405
40.0,3.0,0.821988046169281,1.0,2.3547399044036865,boy,boysch,-0.013049783185124397,mid,vb1,1.0,0.0,0.0,0.0,2.3547399044036865
40.0,4.0,1.2405332326889038,1.0,0.7843621969223022,boy,boysch,-0.013049783185124397,mid,vb1,1.0,0.0,0.0,0.0,0.7843621969223022
40.0,5.0,0.7472277283668518,1.0,-0.12480387836694717,boy,boysch,-0.013049783185124397,mid,vb2,1.0,0.0,0.0,0.0,-0.12480387836694717
40.0,6.0,-1.8366867303848267,1.0,-0.37275826930999756,boy,boysch,-0.013049783185124397,mid,vb2,1.0,0.0,0.0,0.0,-0.37275826930999756
40.0,7.0,-0.776108980178833,1.0,-0.12480387836694717,boy,boysch,-0.013049783185124397,mid,vb2,1.0,0.0,0.0,0.0,-0.12480387836694717
40.0,8.0,1.2405332326889038,1.0,0.040499038994312286,boy,boysch,-0.013049783185124397,mid,vb2,1.0,0.0,0.0,0.0,0.040499038994312286
40.0,9.0,0.821988046169281,1.0,0.12315050512552261,boy,boysch,-0.013049783185124397,mid,vb2,1.0,0.0,0.0,0.0,0.12315050512552261
40.0,10.0,0.328072190284729,1.0,-0.8686670064926147,boy,boysch,-0.013049783185124397,mid,vb2,1.0,0.0,0.0,0.0,-0.8686670064926147
40.0,11.0,1.506184697151184,1.0,0.5364077687263489,boy,boysch,-0.013049783185124397,mid,vb1,1.0,0.0,0.0,0.0,0.5364077687263489
40.0,12.0,-1.2194855213165283,1.0,-1.2819242477416992,boy,boysch,-0.013049783185124397,mid,vb3,1.0,0.0,0.0,0.0,-1.2819242477416992
40.0,13.0,0.7472277283668518,1.0,1.0323165655136108,boy,boysch,-0.013049783185124397,mid,vb2,1.0,0.0,0.0,0.0,1.0323165655136108
40.0,14.0,0.004321751184761524,1.0,-0.4554097056388855,boy,boysch,-0.013049783185124397,mid,vb2,1.0,0.0,0.0,0.0,-0.4554097056388855
40.0,15.0,-0.8526700735092163,1.0,0.7843621969223022,boy,boysch,-0.013049783185124397,mid,vb2,1.0,0.0,0.0,0.0,0.7843621969223022
40.0,16.0,0.07353636622428894,1.0,1.2802709341049194,boy,boysch,-0.013049783185124397,mid,vb2,1.0,0.0,0.0,0.0,1.2802709341049194
40.0,17.0,-0.5551124811172485,1.0,-0.7860155701637268,boy,boysch,-0.013049783185124397,mid,vb2,1.0,0.0,0.0,0.0,-0.7860155701637268
40.0,18.0,-1.2194855213165283,1.0,-0.6207126379013062,boy,boysch,-0.013049783185124397,mid,vb2,1.0,0.0,0.0,0.0,-0.6207126379013062
40.0,19.0,-2.752659797668457,1.0,-2.1910903453826904,boy,boysch,-0.013049783185124397,mid,vb3,1.0,0.0,0.0,0.0,-2.1910903453826904
40.0,20.0,1.506184697151184,1.0,0.6190592646598816,boy,boysch,-0.013049783185124397,mid,vb1,1.0,0.0,0.0,0.0,0.6190592646598816
40.0,21.0,-0.06208816543221474,1.0,-1.0339698791503906,boy,boysch,-0.013049783185124397,mid,vb2,1.0,0.0,0.0,0.0,-1.0339698791503906
40.0,22.0,-1.5266530513763428,1.0,0.3711048662662506,boy,boysch,-0.013049783185124397,mid,vb1,1.0,0.0,0.0,0.0,0.3711048662662506
40.0,23.0,0.07353636622428894,1.0,0.3711048662662506,boy,boysch,-0.013049783185124397,mid,vb2,1.0,0.0,0.0,0.0,0.3711048662662506
40.0,24.0,0.13406679034233093,1.0,-0.8686670064926147,boy,boysch,-0.013049783185124397,mid,vb2,1.0,0.0,0.0,0.0,-0.8686670064926147
40.0,25.0,-0.776108980178833,1.0,0.5364077687263489,boy,boysch,-0.013049783185124397,mid,vb2,1.0,0.0,0.0,0.0,0.5364077687263489
40.0,26.0,-1.1186243295669556,1.0,-1.6125301122665405,boy,boysch,-0.013049783185124397,mid,vb3,1.0,0.0,0.0,0.0,-1.6125301122665405
40.0,27.0,-0.19761060178279877,1.0,1.4455738067626953,boy,boysch,-0.013049783185124397,mid,vb2,1.0,0.0,0.0,0.0,1.4455738067626953
40.0,28.0,0.8965656757354736,1.0,0.45375630259513855,boy,boysch,-0.013049783185124397,mid,vb1,1.0,0.0,0.0,0.0,0.45375630259513855
40.0,29.0,1.3101423978805542,1.0,1.4455738067626953,boy,boysch,-0.013049783185124397,mid,vb1,1.0,0.0,0.0,0.0,1.4455738067626953
40.0,30.0,-0.4198014438152313,1.0,0.9496650099754333,boy,boysch,-0.013049783185124397,mid,vb2,1.0,0.0,0.0,0.0,0.9496650099754333
40.0,31.0,0.8965656757354736,1.0,-0.042152419686317444,boy,boysch,-0.013049783185124397,mid,vb2,1.0,0.0,0.0,0.0,-0.042152419686317444
40.0,32.0,-0.9393776655197144,1.0,-1.0339698791503906,boy,boysch,-0.013049783185124397,mid,vb2,1.0,0.0,0.0,0.0,-1.0339698791503906
40.0,33.0,0.4781937301158905,1.0,0.45375630259513855,boy,boysch,-0.013049783185124397,mid,vb1,1.0,0.0,0.0,0.0,0.45375630259513855
40.0,34.0,-2.5101213455200195,1.0,-2.356393337249756,boy,boysch,-0.013049783185124397,mid,vb2,1.0,0.0,0.0,0.0,-2.356393337249756
40.0,35.0,-2.1086435317993164,1.0,-1.199272871017456,boy,boysch,-0.013049783185124397,mid,vb3,1.0,0.0,0.0,0.0,-1.199272871017456
40.0,36.0,0.6107285618782043,1.0,0.040499038994312286,boy,boysch,-0.013049783185124397,mid,vb2,1.0,0.0,0.0,0.0,0.040499038994312286
40.0,37.0,0.004321751184761524,1.0,-0.29010680317878723,boy,boysch,-0.013049783185124397,mid,vb2,1.0,0.0,0.0,0.0,-0.29010680317878723
40.0,38.0,-2.1086435317993164,1.0,0.12315050512552261,boy,boysch,-0.013049783185124397,mid,vb2,1.0,0.0,0.0,0.0,0.12315050512552261
40.0,39.0,-0.4927808344364166,1.0,-0.8686670064926147,boy,boysch,-0.013049783185124397,mid,vb2,1.0,0.0,0.0,0.0,-0.8686670064926147
40.0,40.0,0.7472277283668518,1.0,1.6108767986297607,boy,boysch,-0.013049783185124397,mid,vb1,1.0,0.0,0.0,0.0,1.6108767986297607
40.0,41.0,0.9675859808921814,1.0,-0.4554097056388855,boy,boysch,-0.013049783185124397,mid,vb2,1.0,0.0,0.0,0.0,-0.4554097056388855
40.0,42.0,0.7472277283668518,1.0,0.28845342993736267,boy,boysch,-0.013049783185124397,mid,vb1,1.0,0.0,0.0,0.0,0.28845342993736267
40.0,43.0,-0.26515936851501465,1.0,-0.6207126379013062,boy,boysch,-0.013049783185124397,mid,vb2,1.0,0.0,0.0,0.0,-0.6207126379013062
40.0,44.0,0.4781937301158905,1.0,0.28845342993736267,boy,boysch,-0.013049783185124397,mid,vb2,1.0,0.0,0.0,0.0,0.28845342993736267
40.0,45.0,-0.6230506896972656,1.0,-1.2819242477416992,boy,boysch,-0.013049783185124397,mid,vb2,1.0,0.0,0.0,0.0,-1.2819242477416992
40.0,46.0,1.2405332326889038,1.0,0.6190592646598816,boy,boysch,-0.013049783185124397,mid,vb1,1.0,0.0,0.0,0.0,0.6190592646598816
40.0,47.0,-0.33884158730506897,1.0,0.7017107009887695,boy,boysch,-0.013049783185124397,mid,vb1,1.0,0.0,0.0,0.0,0.7017107009887695
40.0,48.0,-2.5101213455200195,1.0,-1.199272871017456,boy,boysch,-0.013049783185124397,mid,vb3,1.0,0.0,0.0,0.0,-1.199272871017456
40.0,49.0,0.9675859808921814,1.0,-0.12480387836694717,boy,boysch,-0.013049783185124397,mid,vb1,1.0,0.0,0.0,0.0,-0.12480387836694717
40.0,50.0,1.1094379425048828,1.0,0.3711048662662506,boy,boysch,-0.013049783185124397,mid,vb2,1.0,0.0,0.0,0.0,0.3711048662662506
40.0,51.0,-0.5551124811172485,1.0,0.8670135736465454,boy,boysch,-0.013049783185124397,mid,vb2,1.0,0.0,0.0,0.0,0.8670135736465454
40.0,52.0,-1.3353148698806763,1.0,-2.1910903453826904,boy,boysch,-0.013049783185124397,mid,vb3,1.0,0.0,0.0,0.0,-2.1910903453826904
40.0,53.0,-0.4198014438152313,1.0,-0.8686670064926147,boy,boysch,-0.013049783185124397,mid,vb3,1.0,0.0,0.0,0.0,-0.8686670064926147
40.0,54.0,1.0396080017089844,1.0,1.3629224300384521,boy,boysch,-0.013049783185124397,mid,vb1,1.0,0.0,0.0,0.0,1.3629224300384521
40.0,55.0,-2.5101213455200195,1.0,-0.4554097056388855,boy,boysch,-0.013049783185124397,mid,vb2,1.0,0.0,0.0,0.0,-0.4554097056388855
40.0,56.0,1.3101423978805542,1.0,0.9496650099754333,boy,boysch,-0.013049783185124397,mid,vb2,1.0,0.0,0.0,0.0,0.9496650099754333
40.0,57.0,-1.438662052154541,1.0,-1.9431359767913818,boy,boysch,-0.013049783185124397,mid,vb3,1.0,0.0,0.0,0.0,-1.9431359767913818
40.0,58.0,-2.1086435317993164,1.0,-0.6207126379013062,boy,boysch,-0.013049783185124397,mid,vb2,1.0,0.0,0.0,0.0,-0.6207126379013062
40.0,59.0,-0.33884158730506897,1.0,-0.042152419686317444,boy,boysch,-0.013049783185124397,mid,vb2,1.0,0.0,0.0,0.0,-0.042152419686317444
40.0,60.0,1.506184697151184,1.0,1.4455738067626953,boy,boysch,-0.013049783185124397,mid,vb1,1.0,0.0,0.0,0.0,1.4455738067626953
40.0,61.0,1.175849437713623,1.0,2.520042896270752,boy,boysch,-0.013049783185124397,mid,vb1,1.0,0.0,0.0,0.0,2.520042896270752
40.0,62.0,1.2405332326889038,1.0,1.4455738067626953,boy,boysch,-0.013049783185124397,mid,vb1,1.0,0.0,0.0,0.0,1.4455738067626953
40.0,63.0,-0.4927808344364166,1.0,-0.7033640742301941,boy,boysch,-0.013049783185124397,mid,vb2,1.0,0.0,0.0,0.0,-0.7033640742301941
40.0,64.0,-2.5101213455200195,1.0,-0.7860155701637268,boy,boysch,-0.013049783185124397,mid,vb3,1.0,0.0,0.0,0.0,-0.7860155701637268
40.0,65.0,1.175849437713623,1.0,1.2802709341049194,boy,boysch,-0.013049783185124397,mid,vb2,1.0,0.0,0.0,0.0,1.2802709341049194
40.0,66.0,0.328072190284729,1.0,-0.4554097056388855,boy,boysch,-0.013049783185124397,mid,vb2,1.0,0.0,0.0,0.0,-0.4554097056388855
40.0,67.0,-2.2917308807373047,1.0,0.28845342993736267,boy,boysch,-0.013049783185124397,mid,vb3,1.0,0.0,0.0,0.0,0.28845342993736267
40.0,68.0,-2.2917308807373047,1.0,-0.4554097056388855,boy,boysch,-0.013049783185124397,mid,vb2,1.0,0.0,0.0,0.0,-0.4554097056388855
40.0,69.0,-0.6230506896972656,1.0,0.6190592646598816,boy,boysch,-0.013049783185124397,mid,vb1,1.0,0.0,0.0,0.0,0.6190592646598816
40.0,70.0,-0.4198014438152313,1.0,-0.6207126379013062,boy,boysch,-0.013049783185124397,mid,vb2,1.0,0.0,0.0,0.0,-0.6207126379013062
40.0,71.0,-1.1186243295669556,1.0,1.1976194381713867,boy,boysch,-0.013049783185124397,mid,vb1,1.0,0.0,0.0,0.0,1.1976194381713867
44.0,1.0,-0.6230506896972656,1.0,0.040499038994312286,boy,boysch,-0.24165597558021545,mid,vb2,1.0,0.0,0.0,0.0,0.040499038994312286
44.0,2.0,-0.6995050311088562,1.0,-0.7860155701637268,boy,boysch,-0.24165597558021545,mid,vb2,1.0,0.0,0.0,0.0,-0.7860155701637268
44.0,3.0,-0.8526700735092163,1.0,-0.6207126379013062,boy,boysch,-0.24165597558021545,mid,vb2,1.0,0.0,0.0,0.0,-0.6207126379013062
44.0,4.0,0.1941491812467575,1.0,-0.042152419686317444,boy,boysch,-0.24165597558021545,mid,vb2,1.0,0.0,0.0,0.0,-0.042152419686317444
44.0,5.0,0.4781937301158905,1.0,1.9414825439453125,boy,boysch,-0.24165597558021545,mid,vb1,1.0,0.0,0.0,0.0,1.9414825439453125
44.0,6.0,-0.12908467650413513,1.0,0.28845342993736267,boy,boysch,-0.24165597558021545,mid,vb2,1.0,0.0,0.0,0.0,0.28845342993736267
44.0,7.0,0.07353636622428894,1.0,-0.37275826930999756,boy,boysch,-0.24165597558021545,mid,vb2,1.0,0.0,0.0,0.0,-0.37275826930999756
44.0,8.0,-1.029066801071167,1.0,-1.1166213750839233,boy,boysch,-0.24165597558021545,mid,vb2,1.0,0.0,0.0,0.0,-1.1166213750839233
44.0,9.0,-0.26515936851501465,1.0,-0.5380612015724182,boy,boysch,-0.24165597558021545,mid,vb2,1.0,0.0,0.0,0.0,-0.5380612015724182
44.0,10.0,-1.1186243295669556,1.0,-0.042152419686317444,boy,boysch,-0.24165597558021545,mid,vb2,1.0,0.0,0.0,0.0,-0.042152419686317444
44.0,11.0,0.4781937301158905,1.0,0.3711048662662506,boy,boysch,-0.24165597558021545,mid,vb2,1.0,0.0,0.0,0.0,0.3711048662662506
44.0,12.0,-1.2194855213165283,1.0,-0.4554097056388855,boy,boysch,-0.24165597558021545,mid,vb3,1.0,0.0,0.0,0.0,-0.4554097056388855
44.0,13.0,-1.6237297058105469,1.0,-1.8604844808578491,boy,boysch,-0.24165597558021545,mid,vb3,1.0,0.0,0.0,0.0,-1.8604844808578491
44.0,14.0,-1.029066801071167,1.0,-0.5380612015724182,boy,boysch,-0.24165597558021545,mid,vb3,1.0,0.0,0.0,0.0,-0.5380612015724182
44.0,15.0,0.13406679034233093,1.0,0.6190592646598816,boy,boysch,-0.24165597558021545,mid,vb2,1.0,0.0,0.0,0.0,0.6190592646598816
44.0,16.0,-0.06208816543221474,1.0,-0.042152419686317444,boy,boysch,-0.24165597558021545,mid,vb2,1.0,0.0,0.0,0.0,-0.042152419686317444
44.0,17.0,-1.3353148698806763,1.0,-0.29010680317878723,boy,boysch,-0.24165597558021545,mid,vb2,1.0,0.0,0.0,0.0,-0.29010680317878723
44.0,18.0,0.5443409085273743,1.0,1.6108767986297607,boy,boysch,-0.24165597558021545,mid,vb1,1.0,0.0,0.0,0.0,1.6108767986297607
44.0,19.0,0.8965656757354736,1.0,0.5364077687263489,boy,boysch,-0.24165597558021545,mid,vb2,1.0,0.0,0.0,0.0,0.5364077687263489
44.0,20.0,-1.2194855213165283,1.0,-2.356393337249756,boy,boysch,-0.24165597558021545,mid,vb3,1.0,0.0,0.0,0.0,-2.356393337249756
44.0,21.0,-0.26515936851501465,1.0,0.20580196380615234,boy,boysch,-0.24165597558021545,mid,vb2,1.0,0.0,0.0,0.0,0.20580196380615234
44.0,22.0,-0.26515936851501465,1.0,-2.769650459289551,boy,boysch,-0.24165597558021545,mid,vb3,1.0,0.0,0.0,0.0,-2.769650459289551
44.0,23.0,-1.2194855213165283,1.0,-0.8686670064926147,boy,boysch,-0.24165597558021545,mid,vb2,1.0,0.0,0.0,0.0,-0.8686670064926147
44.0,24.0,0.2613244652748108,1.0,-0.12480387836694717,boy,boysch,-0.24165597558021545,mid,vb2,1.0,0.0,0.0,0.0,-0.12480387836694717
44.0,25.0,-1.1186243295669556,1.0,0.5364077687263489,boy,boysch,-0.24165597558021545,mid,vb2,1.0,0.0,0.0,0.0,0.5364077687263489
44.0,26.0,-0.8526700735092163,1.0,-2.025787353515625,boy,boysch,-0.24165597558021545,mid,vb2,1.0,0.0,0.0,0.0,-2.025787353515625
44.0,27.0,-0.12908467650413513,1.0,0.28845342993736267,boy,boysch,-0.24165597558021545,mid,vb2,1.0,0.0,0.0,0.0,0.28845342993736267
44.0,28.0,-0.776108980178833,1.0,0.5364077687263489,boy,boysch,-0.24165597558021545,mid,vb2,1.0,0.0,0.0,0.0,0.5364077687263489
44.0,29.0,0.1941491812467575,1.0,0.8670135736465454,boy,boysch,-0.24165597558021545,mid,vb2,1.0,0.0,0.0,0.0,0.8670135736465454
52.0,1.0,0.9675859808921814,1.0,1.6108767986297607,boy,boysch,0.19631735980510712,mid,vb1,1.0,0.0,0.0,0.0,1.6108767986297607
52.0,2.0,0.4026685655117035,1.0,-1.8604844808578491,boy,boysch,0.19631735980510712,mid,vb3,1.0,0.0,0.0,0.0,-1.8604844808578491
52.0,3.0,-0.5551124811172485,1.0,0.3711048662662506,boy,boysch,0.19631735980510712,mid,vb2,1.0,0.0,0.0,0.0,0.3711048662662506
52.0,4.0,1.0396080017089844,1.0,0.040499038994312286,boy,boysch,0.19631735980510712,mid,vb2,1.0,0.0,0.0,0.0,0.040499038994312286
52.0,5.0,2.2031209468841553,1.0,1.528225302696228,boy,boysch,0.19631735980510712,mid,vb1,1.0,0.0,0.0,0.0,1.528225302696228
52.0,6.0,0.9675859808921814,1.0,0.9496650099754333,boy,boysch,0.19631735980510712,mid,vb2,1.0,0.0,0.0,0.0,0.9496650099754333
52.0,7.0,-1.6237297058105469,1.0,-0.042152419686317444,boy,boysch,0.19631735980510712,mid,vb2,1.0,0.0,0.0,0.0,-0.042152419686317444
52.0,8.0,0.004321751184761524,1.0,-0.12480387836694717,boy,boysch,0.19631735980510712,mid,vb1,1.0,0.0,0.0,0.0,-0.12480387836694717
52.0,9.0,-0.6995050311088562,1.0,-0.6207126379013062,boy,boysch,0.19631735980510712,mid,vb2,1.0,0.0,0.0,0.0,-0.6207126379013062
52.0,10.0,-0.5551124811172485,1.0,-1.5298787355422974,boy,boysch,0.19631735980510712,mid,vb3,1.0,0.0,0.0,0.0,-1.5298787355422974
52.0,11.0,-0.5551124811172485,1.0,0.040499038994312286,boy,boysch,0.19631735980510712,mid,vb2,1.0,0.0,0.0,0.0,0.040499038994312286
52.0,12.0,0.4026685655117035,1.0,-0.4554097056388855,boy,boysch,0.19631735980510712,mid,vb3,1.0,0.0,0.0,0.0,-0.4554097056388855
52.0,13.0,1.1094379425048828,1.0,0.20580196380615234,boy,boysch,0.19631735980510712,mid,vb2,1.0,0.0,0.0,0.0,0.20580196380615234
52.0,14.0,-0.19761060178279877,1.0,0.3711048662662506,boy,boysch,0.19631735980510712,mid,vb1,1.0,0.0,0.0,0.0,0.3711048662662506
52.0,15.0,1.5792195796966553,1.0,0.9496650099754333,boy,boysch,0.19631735980510712,mid,vb1,1.0,0.0,0.0,0.0,0.9496650099754333
52.0,16.0,2.0397088527679443,1.0,1.8588311672210693,boy,boysch,0.19631735980510712,mid,vb1,1.0,0.0,0.0,0.0,1.8588311672210693
52.0,17.0,1.9003351926803589,1.0,1.9414825439453125,boy,boysch,0.19631735980510712,mid,vb1,1.0,0.0,0.0,0.0,1.9414825439453125
52.0,18.0,-0.4198014438152313,1.0,-1.364575743675232,boy,boysch,0.19631735980510712,mid,vb3,1.0,0.0,0.0,0.0,-1.364575743675232
52.0,19.0,0.9675859808921814,1.0,0.28845342993736267,boy,boysch,0.19631735980510712,mid,vb2,1.0,0.0,0.0,0.0,0.28845342993736267
52.0,20.0,0.7472277283668518,1.0,-0.042152419686317444,boy,boysch,0.19631735980510712,mid,vb2,1.0,0.0,0.0,0.0,-0.042152419686317444
52.0,21.0,-0.19761060178279877,1.0,-0.37275826930999756,boy,boysch,0.19631735980510712,mid,vb2,1.0,0.0,0.0,0.0,-0.37275826930999756
52.0,22.0,-0.8526700735092163,1.0,-0.12480387836694717,boy,boysch,0.19631735980510712,mid,vb2,1.0,0.0,0.0,0.0,-0.12480387836694717
52.0,23.0,1.9003351926803589,1.0,1.2802709341049194,boy,boysch,0.19631735980510712,mid,vb1,1.0,0.0,0.0,0.0,1.2802709341049194
52.0,24.0,0.13406679034233093,1.0,0.3711048662662506,boy,boysch,0.19631735980510712,mid,vb2,1.0,0.0,0.0,0.0,0.3711048662662506
52.0,25.0,-1.6237297058105469,1.0,-1.1166213750839233,boy,boysch,0.19631735980510712,mid,vb3,1.0,0.0,0.0,0.0,-1.1166213750839233
52.0,26.0,-2.1086435317993164,1.0,0.5364077687263489,boy,boysch,0.19631735980510712,mid,vb2,1.0,0.0,0.0,0.0,0.5364077687263489
52.0,27.0,-1.029066801071167,1.0,-1.5298787355422974,boy,boysch,0.19631735980510712,mid,vb3,1.0,0.0,0.0,0.0,-1.5298787355422974
52.0,28.0,1.0396080017089844,1.0,-0.4554097056388855,boy,boysch,0.19631735980510712,mid,vb2,1.0,0.0,0.0,0.0,-0.4554097056388855
52.0,29.0,1.9771069288253784,1.0,0.7017107009887695,boy,boysch,0.19631735980510712,mid,vb1,1.0,0.0,0.0,0.0,0.7017107009887695
52.0,30.0,1.175849437713623,1.0,-1.1166213750839233,boy,boysch,0.19631735980510712,mid,vb2,1.0,0.0,0.0,0.0,-1.1166213750839233
52.0,31.0,-0.776108980178833,1.0,-0.5380612015724182,boy,boysch,0.19631735980510712,mid,vb2,1.0,0.0,0.0,0.0,-0.5380612015724182
52.0,32.0,-0.12908467650413513,1.0,1.693528175354004,boy,boysch,0.19631735980510712,mid,vb1,1.0,0.0,0.0,0.0,1.693528175354004
52.0,33.0,1.1094379425048828,1.0,0.3711048662662506,boy,boysch,0.19631735980510712,mid,vb2,1.0,0.0,0.0,0.0,0.3711048662662506
52.0,34.0,1.175849437713623,1.0,0.9496650099754333,boy,boysch,0.19631735980510712,mid,vb2,1.0,0.0,0.0,0.0,0.9496650099754333
52.0,35.0,1.661805510520935,1.0,0.6190592646598816,boy,boysch,0.19631735980510712,mid,vb1,1.0,0.0,0.0,0.0,0.6190592646598816
52.0,36.0,1.9003351926803589,1.0,1.4455738067626953,boy,boysch,0.19631735980510712,mid,vb1,1.0,0.0,0.0,0.0,1.4455738067626953
52.0,37.0,-0.8526700735092163,1.0,-0.9513183832168579,boy,boysch,0.19631735980510712,mid,vb2,1.0,0.0,0.0,0.0,-0.9513183832168579
52.0,38.0,-0.19761060178279877,1.0,-0.7033640742301941,boy,boysch,0.19631735980510712,mid,vb3,1.0,0.0,0.0,0.0,-0.7033640742301941
52.0,39.0,0.6107285618782043,1.0,-0.2074553370475769,boy,boysch,0.19631735980510712,mid,vb2,1.0,0.0,0.0,0.0,-0.2074553370475769
52.0,40.0,0.2613244652748108,1.0,0.8670135736465454,boy,boysch,0.19631735980510712,mid,vb1,1.0,0.0,0.0,0.0,0.8670135736465454
52.0,41.0,0.004321751184761524,1.0,-0.12480387836694717,boy,boysch,0.19631735980510712,mid,vb2,1.0,0.0,0.0,0.0,-0.12480387836694717
52.0,42.0,1.3747409582138062,1.0,0.6190592646598816,boy,boysch,0.19631735980510712,mid,vb2,1.0,0.0,0.0,0.0,0.6190592646598816
52.0,43.0,1.0396080017089844,1.0,0.6190592646598816,boy,boysch,0.19631735980510712,mid,vb2,1.0,0.0,0.0,0.0,0.6190592646598816
52.0,44.0,-0.6230506896972656,1.0,-0.37275826930999756,boy,boysch,0.19631735980510712,mid,vb2,1.0,0.0,0.0,0.0,-0.37275826930999756
52.0,45.0,1.0396080017089844,1.0,0.7017107009887695,boy,boysch,0.19631735980510712,mid,vb1,1.0,0.0,0.0,0.0,0.7017107009887695
52.0,46.0,-0.12908467650413513,1.0,-1.0339698791503906,boy,boysch,0.19631735980510712,mid,vb2,1.0,0.0,0.0,0.0,-1.0339698791503906
52.0,47.0,0.821988046169281,1.0,-0.37275826930999756,boy,boysch,0.19631735980510712,mid,vb2,1.0,0.0,0.0,0.0,-0.37275826930999756
52.0,48.0,1.3101423978805542,1.0,0.7843621969223022,boy,boysch,0.19631735980510712,mid,vb1,1.0,0.0,0.0,0.0,0.7843621969223022
52.0,49.0,-0.6230506896972656,1.0,-1.9431359767913818,boy,boysch,0.19631735980510712,mid,vb3,1.0,0.0,0.0,0.0,-1.9431359767913818
52.0,50.0,1.5792195796966553,1.0,0.3711048662662506,boy,boysch,0.19631735980510712,mid,vb2,1.0,0.0,0.0,0.0,0.3711048662662506
52.0,51.0,-1.7238824367523193,1.0,-0.6207126379013062,boy,boysch,0.19631735980510712,mid,vb3,1.0,0.0,0.0,0.0,-0.6207126379013062
52.0,52.0,1.3101423978805542,1.0,0.5364077687263489,boy,boysch,0.19631735980510712,mid,vb1,1.0,0.0,0.0,0.0,0.5364077687263489
52.0,53.0,2.2031209468841553,1.0,1.6108767986297607,boy,boysch,0.19631735980510712,mid,vb1,1.0,0.0,0.0,0.0,1.6108767986297607
52.0,54.0,0.8965656757354736,1.0,0.7017107009887695,boy,boysch,0.19631735980510712,mid,vb2,1.0,0.0,0.0,0.0,0.7017107009887695
52.0,55.0,1.3747409582138062,1.0,0.040499038994312286,boy,boysch,0.19631735980510712,mid,vb1,1.0,0.0,0.0,0.0,0.040499038994312286
52.0,56.0,2.408691883087158,1.0,2.3547399044036865,boy,boysch,0.19631735980510712,mid,vb1,1.0,0.0,0.0,0.0,2.3547399044036865
52.0,57.0,0.4026685655117035,1.0,0.28845342993736267,boy,boysch,0.19631735980510712,mid,vb2,1.0,0.0,0.0,0.0,0.28845342993736267
52.0,58.0,-0.4927808344364166,1.0,-1.9431359767913818,boy,boysch,0.19631735980510712,mid,vb3,1.0,0.0,0.0,0.0,-1.9431359767913818
52.0,59.0,0.821988046169281,1.0,0.3711048662662506,boy,boysch,0.19631735980510712,mid,vb1,1.0,0.0,0.0,0.0,0.3711048662662506
52.0,60.0,2.1029746532440186,1.0,1.528225302696228,boy,boysch,0.19631735980510712,mid,vb1,1.0,0.0,0.0,0.0,1.528225302696228
52.0,61.0,2.5323522090911865,1.0,2.0241341590881348,boy,boysch,0.19631735980510712,mid,vb1,1.0,0.0,0.0,0.0,2.0241341590881348
57.0,1.0,1.0396080017089844,1.0,0.3711048662662506,boy,boysch,-0.06445518136024475,mid,vb1,1.0,0.0,0.0,0.0,0.3711048662662506
57.0,2.0,0.5443409085273743,1.0,-0.12480387836694717,boy,boysch,-0.06445518136024475,mid,vb1,1.0,0.0,0.0,0.0,-0.12480387836694717
57.0,3.0,-0.4927808344364166,1.0,0.6190592646598816,boy,boysch,-0.06445518136024475,mid,vb1,1.0,0.0,0.0,0.0,0.6190592646598816
57.0,4.0,-2.1086435317993164,1.0,-0.9513183832168579,boy,boysch,-0.06445518136024475,mid,vb3,1.0,0.0,0.0,0.0,-0.9513183832168579
57.0,5.0,-0.19761060178279877,1.0,-0.4554097056388855,boy,boysch,-0.06445518136024475,mid,vb2,1.0,0.0,0.0,0.0,-0.4554097056388855
57.0,6.0,1.8138266801834106,1.0,1.4455738067626953,boy,boysch,-0.06445518136024475,mid,vb1,1.0,0.0,0.0,0.0,1.4455738067626953
57.0,7.0,0.4026685655117035,1.0,-0.2074553370475769,boy,boysch,-0.06445518136024475,mid,vb2,1.0,0.0,0.0,0.0,-0.2074553370475769
57.0,8.0,0.07353636622428894,1.0,-1.5298787355422974,boy,boysch,-0.06445518136024475,mid,vb2,1.0,0.0,0.0,0.0,-1.5298787355422974
57.0,9.0,0.8965656757354736,1.0,1.7761796712875366,boy,boysch,-0.06445518136024475,mid,vb1,1.0,0.0,0.0,0.0,1.7761796712875366
57.0,10.0,0.8965656757354736,1.0,0.5364077687263489,boy,boysch,-0.06445518136024475,mid,vb1,1.0,0.0,0.0,0.0,0.5364077687263489
57.0,11.0,1.3101423978805542,1.0,2.106785535812378,boy,boysch,-0.06445518136024475,mid,vb1,1.0,0.0,0.0,0.0,2.106785535812378
57.0,12.0,1.0396080017089844,1.0,-0.12480387836694717,boy,boysch,-0.06445518136024475,mid,vb2,1.0,0.0,0.0,0.0,-0.12480387836694717
57.0,13.0,0.07353636622428894,1.0,0.3711048662662506,boy,boysch,-0.06445518136024475,mid,vb1,1.0,0.0,0.0,0.0,0.3711048662662506
57.0,14.0,-0.26515936851501465,1.0,-0.8686670064926147,boy,boysch,-0.06445518136024475,mid,vb2,1.0,0.0,0.0,0.0,-0.8686670064926147
57.0,15.0,-0.4927808344364166,1.0,-1.2819242477416992,boy,boysch,-0.06445518136024475,mid,vb2,1.0,0.0,0.0,0.0,-1.2819242477416992
57.0,16.0,-0.4927808344364166,1.0,0.040499038994312286,boy,boysch,-0.06445518136024475,mid,vb2,1.0,0.0,0.0,0.0,0.040499038994312286
57.0,17.0,-0.8526700735092163,1.0,0.3711048662662506,boy,boysch,-0.06445518136024475,mid,vb2,1.0,0.0,0.0,0.0,0.3711048662662506
57.0,18.0,-0.4198014438152313,1.0,1.1149680614471436,boy,boysch,-0.06445518136024475,mid,vb1,1.0,0.0,0.0,0.0,1.1149680614471436
57.0,19.0,-1.2194855213165283,1.0,0.040499038994312286,boy,boysch,-0.06445518136024475,mid,vb2,1.0,0.0,0.0,0.0,0.040499038994312286
57.0,20.0,0.004321751184761524,1.0,0.45375630259513855,boy,boysch,-0.06445518136024475,mid,vb2,1.0,0.0,0.0,0.0,0.45375630259513855
57.0,21.0,0.328072190284729,1.0,-0.5380612015724182,boy,boysch,-0.06445518136024475,mid,vb2,1.0,0.0,0.0,0.0,-0.5380612015724182
57.0,22.0,-0.8526700735092163,1.0,-1.364575743675232,boy,boysch,-0.06445518136024475,mid,vb2,1.0,0.0,0.0,0.0,-1.364575743675232
57.0,23.0,-1.3353148698806763,1.0,-1.777833104133606,boy,boysch,-0.06445518136024475,mid,vb3,1.0,0.0,0.0,0.0,-1.777833104133606
57.0,24.0,-0.19761060178279877,1.0,0.12315050512552261,boy,boysch,-0.06445518136024475,mid,vb2,1.0,0.0,0.0,0.0,0.12315050512552261
57.0,25.0,-1.2194855213165283,1.0,-0.7033640742301941,boy,boysch,-0.06445518136024475,mid,vb2,1.0,0.0,0.0,0.0,-0.7033640742301941
57.0,26.0,-1.7238824367523193,1.0,-1.8604844808578491,boy,boysch,-0.06445518136024475,mid,vb3,1.0,0.0,0.0,0.0,-1.8604844808578491
57.0,27.0,0.2613244652748108,1.0,0.040499038994312286,boy,boysch,-0.06445518136024475,mid,vb2,1.0,0.0,0.0,0.0,0.040499038994312286
57.0,28.0,0.5443409085273743,1.0,0.3711048662662506,boy,boysch,-0.06445518136024475,mid,vb1,1.0,0.0,0.0,0.0,0.3711048662662506
57.0,29.0,-0.26515936851501465,1.0,0.28845342993736267,boy,boysch,-0.06445518136024475,mid,vb1,1.0,0.0,0.0,0.0,0.28845342993736267
57.0,30.0,0.7472277283668518,1.0,-0.6207126379013062,boy,boysch,-0.06445518136024475,mid,vb1,1.0,0.0,0.0,0.0,-0.6207126379013062
57.0,31.0,0.821988046169281,1.0,0.12315050512552261,boy,boysch,-0.06445518136024475,mid,vb1,1.0,0.0,0.0,0.0,0.12315050512552261
57.0,32.0,-0.6995050311088562,1.0,-0.9513183832168579,boy,boysch,-0.06445518136024475,mid,vb2,1.0,0.0,0.0,0.0,-0.9513183832168579
57.0,33.0,-1.5266530513763428,1.0,-1.0339698791503906,boy,boysch,-0.06445518136024475,mid,vb3,1.0,0.0,0.0,0.0,-1.0339698791503906
57.0,34.0,1.0396080017089844,1.0,-1.1166213750839233,boy,boysch,-0.06445518136024475,mid,vb2,1.0,0.0,0.0,0.0,-1.1166213750839233
57.0,35.0,1.0396080017089844,1.0,0.20580196380615234,boy,boysch,-0.06445518136024475,mid,vb2,1.0,0.0,0.0,0.0,0.20580196380615234
57.0,36.0,0.328072190284729,1.0,0.7843621969223022,boy,boysch,-0.06445518136024475,mid,vb2,1.0,0.0,0.0,0.0,0.7843621969223022
57.0,37.0,-0.33884158730506897,1.0,-1.9431359767913818,boy,boysch,-0.06445518136024475,mid,vb2,1.0,0.0,0.0,0.0,-1.9431359767913818
57.0,38.0,0.7472277283668518,1.0,0.7843621969223022,boy,boysch,-0.06445518136024475,mid,vb1,1.0,0.0,0.0,0.0,0.7843621969223022
57.0,39.0,-1.9620754718780518,1.0,-2.521696090698242,boy,boysch,-0.06445518136024475,mid,vb3,1.0,0.0,0.0,0.0,-2.521696090698242
57.0,40.0,0.8965656757354736,1.0,1.0323165655136108,boy,boysch,-0.06445518136024475,mid,vb1,1.0,0.0,0.0,0.0,1.0323165655136108
57.0,41.0,-0.12908467650413513,1.0,-0.37275826930999756,boy,boysch,-0.06445518136024475,mid,vb2,1.0,0.0,0.0,0.0,-0.37275826930999756
57.0,42.0,0.6107285618782043,1.0,0.28845342993736267,boy,boysch,-0.06445518136024475,mid,vb1,1.0,0.0,0.0,0.0,0.28845342993736267
57.0,43.0,1.661805510520935,1.0,1.1976194381713867,boy,boysch,-0.06445518136024475,mid,vb1,1.0,0.0,0.0,0.0,1.1976194381713867
57.0,44.0,-0.776108980178833,1.0,-0.29010680317878723,boy,boysch,-0.06445518136024475,mid,vb2,1.0,0.0,0.0,0.0,-0.29010680317878723
57.0,45.0,0.678758978843689,1.0,1.3629224300384521,boy,boysch,-0.06445518136024475,mid,vb1,1.0,0.0,0.0,0.0,1.3629224300384521
57.0,46.0,0.821988046169281,1.0,0.7843621969223022,boy,boysch,-0.06445518136024475,mid,vb1,1.0,0.0,0.0,0.0,0.7843621969223022
57.0,47.0,-0.6995050311088562,1.0,-0.12480387836694717,boy,boysch,-0.06445518136024475,mid,vb2,1.0,0.0,0.0,0.0,-0.12480387836694717
57.0,48.0,0.5443409085273743,1.0,0.20580196380615234,boy,boysch,-0.06445518136024475,mid,vb2,1.0,0.0,0.0,0.0,0.20580196380615234
57.0,49.0,0.5443409085273743,1.0,0.12315050512552261,boy,boysch,-0.06445518136024475,mid,vb1,1.0,0.0,0.0,0.0,0.12315050512552261
57.0,50.0,0.4781937301158905,1.0,-1.364575743675232,boy,boysch,-0.06445518136024475,mid,vb2,1.0,0.0,0.0,0.0,-1.364575743675232
57.0,51.0,-0.12908467650413513,1.0,0.20580196380615234,boy,boysch,-0.06445518136024475,mid,vb1,1.0,0.0,0.0,0.0,0.20580196380615234
57.0,52.0,-2.1086435317993164,1.0,-0.2074553370475769,boy,boysch,-0.06445518136024475,mid,vb2,1.0,0.0,0.0,0.0,-0.2074553370475769
57.0,53.0,-1.3353148698806763,1.0,-1.1166213750839233,boy,boysch,-0.06445518136024475,mid,vb3,1.0,0.0,0.0,0.0,-1.1166213750839233
57.0,54.0,0.6107285618782043,1.0,-0.12480387836694717,boy,boysch,-0.06445518136024475,mid,vb1,1.0,0.0,0.0,0.0,-0.12480387836694717
57.0,55.0,-0.5551124811172485,1.0,0.3711048662662506,boy,boysch,-0.06445518136024475,mid,vb2,1.0,0.0,0.0,0.0,0.3711048662662506
57.0,56.0,1.5792195796966553,1.0,1.3629224300384521,boy,boysch,-0.06445518136024475,mid,vb1,1.0,0.0,0.0,0.0,1.3629224300384521
57.0,57.0,-1.029066801071167,1.0,-0.7860155701637268,boy,boysch,-0.06445518136024475,mid,vb2,1.0,0.0,0.0,0.0,-0.7860155701637268
57.0,58.0,0.678758978843689,1.0,0.45375630259513855,boy,boysch,-0.06445518136024475,mid,vb1,1.0,0.0,0.0,0.0,0.45375630259513855
57.0,59.0,0.6107285618782043,1.0,1.1976194381713867,boy,boysch,-0.06445518136024475,mid,vb1,1.0,0.0,0.0,0.0,1.1976194381713867
57.0,60.0,-1.3353148698806763,1.0,0.12315050512552261,boy,boysch,-0.06445518136024475,mid,vb2,1.0,0.0,0.0,0.0,0.12315050512552261
57.0,61.0,0.678758978843689,1.0,0.7017107009887695,boy,boysch,-0.06445518136024475,mid,vb2,1.0,0.0,0.0,0.0,0.7017107009887695
57.0,62.0,-0.19761060178279877,1.0,-0.6207126379013062,boy,boysch,-0.06445518136024475,mid,vb2,1.0,0.0,0.0,0.0,-0.6207126379013062
57.0,63.0,0.678758978843689,1.0,-0.4554097056388855,boy,boysch,-0.06445518136024475,mid,vb2,1.0,0.0,0.0,0.0,-0.4554097056388855
64.0,1.0,0.8965656757354736,1.0,1.0323165655136108,boy,boysch,0.43414410948753357,high,vb1,1.0,0.0,0.0,0.0,1.0323165655136108
64.0,2.0,1.661805510520935,1.0,1.3629224300384521,boy,boysch,0.43414410948753357,high,vb2,1.0,0.0,0.0,0.0,1.3629224300384521
64.0,3.0,-0.33884158730506897,1.0,-1.4472272396087646,boy,boysch,0.43414410948753357,high,vb3,1.0,0.0,0.0,0.0,-1.4472272396087646
64.0,4.0,0.8965656757354736,1.0,1.693528175354004,boy,boysch,0.43414410948753357,high,vb2,1.0,0.0,0.0,0.0,1.693528175354004
64.0,5.0,1.9771069288253784,1.0,1.8588311672210693,boy,boysch,0.43414410948753357,high,vb1,1.0,0.0,0.0,0.0,1.8588311672210693
64.0,6.0,0.07353636622428894,1.0,-0.2074553370475769,boy,boysch,0.43414410948753357,high,vb2,1.0,0.0,0.0,0.0,-0.2074553370475769
64.0,7.0,1.7348991632461548,1.0,0.8670135736465454,boy,boysch,0.43414410948753357,high,vb1,1.0,0.0,0.0,0.0,0.8670135736465454
64.0,8.0,0.8965656757354736,1.0,1.4455738067626953,boy,boysch,0.43414410948753357,high,vb1,1.0,0.0,0.0,0.0,1.4455738067626953
64.0,9.0,-0.9393776655197144,1.0,-1.2819242477416992,boy,boysch,0.43414410948753357,high,vb3,1.0,0.0,0.0,0.0,-1.2819242477416992
64.0,10.0,0.4781937301158905,1.0,0.3711048662662506,boy,boysch,0.43414410948753357,high,vb2,1.0,0.0,0.0,0.0,0.3711048662662506
64.0,11.0,0.13406679034233093,1.0,0.28845342993736267,boy,boysch,0.43414410948753357,high,vb2,1.0,0.0,0.0,0.0,0.28845342993736267
64.0,12.0,-1.1186243295669556,1.0,-0.5380612015724182,boy,boysch,0.43414410948753357,high,vb2,1.0,0.0,0.0,0.0,-0.5380612015724182
64.0,13.0,1.7348991632461548,1.0,1.1976194381713867,boy,boysch,0.43414410948753357,high,vb1,1.0,0.0,0.0,0.0,1.1976194381713867
64.0,14.0,0.8965656757354736,1.0,0.6190592646598816,boy,boysch,0.43414410948753357,high,vb1,1.0,0.0,0.0,0.0,0.6190592646598816
64.0,15.0,0.7472277283668518,1.0,0.8670135736465454,boy,boysch,0.43414410948753357,high,vb2,1.0,0.0,0.0,0.0,0.8670135736465454
64.0,16.0,0.9675859808921814,1.0,0.6190592646598816,boy,boysch,0.43414410948753357,high,vb1,1.0,0.0,0.0,0.0,0.6190592646598816
64.0,17.0,-1.438662052154541,1.0,0.3711048662662506,boy,boysch,0.43414410948753357,high,vb2,1.0,0.0,0.0,0.0,0.3711048662662506
64.0,18.0,0.8965656757354736,1.0,1.4455738067626953,boy,boysch,0.43414410948753357,high,vb2,1.0,0.0,0.0,0.0,1.4455738067626953
64.0,19.0,1.175849437713623,1.0,1.7761796712875366,boy,boysch,0.43414410948753357,high,vb1,1.0,0.0,0.0,0.0,1.7761796712875366
64.0,20.0,-1.9620754718780518,1.0,0.28845342993736267,boy,boysch,0.43414410948753357,high,vb2,1.0,0.0,0.0,0.0,0.28845342993736267
64.0,21.0,0.1941491812467575,1.0,1.9414825439453125,boy,boysch,0.43414410948753357,high,vb2,1.0,0.0,0.0,0.0,1.9414825439453125
64.0,22.0,-0.19761060178279877,1.0,-0.5380612015724182,boy,boysch,0.43414410948753357,high,vb3,1.0,0.0,0.0,0.0,-0.5380612015724182
64.0,23.0,-0.6995050311088562,1.0,-1.1166213750839233,boy,boysch,0.43414410948753357,high,vb3,1.0,0.0,0.0,0.0,-1.1166213750839233
64.0,24.0,-0.19761060178279877,1.0,0.28845342993736267,boy,boysch,0.43414410948753357,high,vb1,1.0,0.0,0.0,0.0,0.28845342993736267
64.0,25.0,-0.19761060178279877,1.0,-0.8686670064926147,boy,boysch,0.43414410948753357,high,vb2,1.0,0.0,0.0,0.0,-0.8686670064926147
64.0,26.0,0.6107285618782043,1.0,0.45375630259513855,boy,boysch,0.43414410948753357,high,vb2,1.0,0.0,0.0,0.0,0.45375630259513855
64.0,27.0,-0.19761060178279877,1.0,0.9496650099754333,boy,boysch,0.43414410948753357,high,vb2,1.0,0.0,0.0,0.0,0.9496650099754333
64.0,28.0,2.0397088527679443,1.0,0.8670135736465454,boy,boysch,0.43414410948753357,high,vb1,1.0,0.0,0.0,0.0,0.8670135736465454
64.0,29.0,-1.3353148698806763,1.0,-1.9431359767913818,boy,boysch,0.43414410948753357,high,vb3,1.0,0.0,0.0,0.0,-1.9431359767913818
64.0,30.0,0.6107285618782043,1.0,0.12315050512552261,boy,boysch,0.43414410948753357,high,vb2,1.0,0.0,0.0,0.0,0.12315050512552261
64.0,31.0,-0.19761060178279877,1.0,0.7017107009887695,boy,boysch,0.43414410948753357,high,vb2,1.0,0.0,0.0,0.0,0.7017107009887695
64.0,32.0,0.678758978843689,1.0,-0.12480387836694717,boy,boysch,0.43414410948753357,high,vb1,1.0,0.0,0.0,0.0,-0.12480387836694717
64.0,33.0,0.1941491812467575,1.0,0.28845342993736267,boy,boysch,0.43414410948753357,high,vb2,1.0,0.0,0.0,0.0,0.28845342993736267
64.0,34.0,0.678758978843689,1.0,0.28845342993736267,boy,boysch,0.43414410948753357,high,vb1,1.0,0.0,0.0,0.0,0.28845342993736267
64.0,35.0,0.328072190284729,1.0,0.6190592646598816,boy,boysch,0.43414410948753357,high,vb2,1.0,0.0,0.0,0.0,0.6190592646598816
64.0,36.0,-1.7238824367523193,1.0,-0.7033640742301941,boy,boysch,0.43414410948753357,high,vb2,1.0,0.0,0.0,0.0,-0.7033640742301941
64.0,37.0,1.5792195796966553,1.0,1.4455738067626953,boy,boysch,0.43414410948753357,high,vb1,1.0,0.0,0.0,0.0,1.4455738067626953
64.0,38.0,-1.7238824367523193,1.0,-1.9431359767913818,boy,boysch,0.43414410948753357,high,vb3,1.0,0.0,0.0,0.0,-1.9431359767913818
64.0,39.0,0.13406679034233093,1.0,0.45375630259513855,boy,boysch,0.43414410948753357,high,vb1,1.0,0.0,0.0,0.0,0.45375630259513855
64.0,40.0,1.2405332326889038,1.0,0.9496650099754333,boy,boysch,0.43414410948753357,high,vb1,1.0,0.0,0.0,0.0,0.9496650099754333
64.0,41.0,1.0396080017089844,1.0,1.6108767986297607,boy,boysch,0.43414410948753357,high,vb1,1.0,0.0,0.0,0.0,1.6108767986297607
64.0,42.0,0.328072190284729,1.0,-0.5380612015724182,boy,boysch,0.43414410948753357,high,vb2,1.0,0.0,0.0,0.0,-0.5380612015724182
64.0,43.0,1.3101423978805542,1.0,2.106785535812378,boy,boysch,0.43414410948753357,high,vb1,1.0,0.0,0.0,0.0,2.106785535812378
64.0,44.0,-0.9393776655197144,1.0,-0.6207126379013062,boy,boysch,0.43414410948753357,high,vb3,1.0,0.0,0.0,0.0,-0.6207126379013062
64.0,45.0,1.1094379425048828,1.0,0.7843621969223022,boy,boysch,0.43414410948753357,high,vb1,1.0,0.0,0.0,0.0,0.7843621969223022
64.0,46.0,-0.06208816543221474,1.0,-0.37275826930999756,boy,boysch,0.43414410948753357,high,vb2,1.0,0.0,0.0,0.0,-0.37275826930999756
64.0,47.0,0.2613244652748108,1.0,0.8670135736465454,boy,boysch,0.43414410948753357,high,vb1,1.0,0.0,0.0,0.0,0.8670135736465454
64.0,48.0,1.1094379425048828,1.0,1.1976194381713867,boy,boysch,0.43414410948753357,high,vb1,1.0,0.0,0.0,0.0,1.1976194381713867
64.0,49.0,0.1941491812467575,1.0,-0.042152419686317444,boy,boysch,0.43414410948753357,high,vb1,1.0,0.0,0.0,0.0,-0.042152419686317444
64.0,50.0,-1.6237297058105469,1.0,0.45375630259513855,boy,boysch,0.43414410948753357,high,vb2,1.0,0.0,0.0,0.0,0.45375630259513855
64.0,51.0,0.821988046169281,1.0,0.3711048662662506,boy,boysch,0.43414410948753357,high,vb2,1.0,0.0,0.0,0.0,0.3711048662662506
64.0,52.0,0.1941491812467575,1.0,0.20580196380615234,boy,boysch,0.43414410948753357,high,vb2,1.0,0.0,0.0,0.0,0.20580196380615234
64.0,53.0,-0.06208816543221474,1.0,1.0323165655136108,boy,boysch,0.43414410948753357,high,vb1,1.0,0.0,0.0,0.0,1.0323165655136108
64.0,54.0,1.661805510520935,1.0,2.4373912811279297,boy,boysch,0.43414410948753357,high,vb1,1.0,0.0,0.0,0.0,2.4373912811279297
64.0,55.0,1.1094379425048828,1.0,0.8670135736465454,boy,boysch,0.43414410948753357,high,vb1,1.0,0.0,0.0,0.0,0.8670135736465454
64.0,56.0,0.2613244652748108,1.0,0.45375630259513855,boy,boysch,0.43414410948753357,high,vb1,1.0,0.0,0.0,0.0,0.45375630259513855
64.0,57.0,0.328072190284729,1.0,-0.12480387836694717,boy,boysch,0.43414410948753357,high,vb2,1.0,0.0,0.0,0.0,-0.12480387836694717
64.0,58.0,1.3747409582138062,1.0,0.20580196380615234,boy,boysch,0.43414410948753357,high,vb1,1.0,0.0,0.0,0.0,0.20580196380615234
64.0,59.0,0.678758978843689,1.0,-0.042152419686317444,boy,boysch,0.43414410948753357,high,vb2,1.0,0.0,0.0,0.0,-0.042152419686317444
2.0,1.0,1.5792195796966553,1.0,0.12315050512552261,girl,girlsch,0.395148903131485,high,vb2,0.0,1.0,0.12315050512552261,0.12315050512552261,0.0
2.0,2.0,1.2405332326889038,1.0,0.7017107009887695,girl,girlsch,0.395148903131485,high,vb1,0.0,1.0,0.7017107009887695,0.7017107009887695,0.0
2.0,3.0,0.6107285618782043,1.0,0.28845342993736267,girl,girlsch,0.395148903131485,high,vb2,0.0,1.0,0.28845342993736267,0.28845342993736267,0.0
2.0,4.0,0.4781937301158905,1.0,0.7017107009887695,girl,girlsch,0.395148903131485,high,vb1,0.0,1.0,0.7017107009887695,0.7017107009887695,0.0
2.0,5.0,-1.1186243295669556,1.0,-0.6207126379013062,girl,girlsch,0.395148903131485,high,vb2,0.0,1.0,-0.6207126379013062,-0.6207126379013062,0.0
2.0,6.0,1.7348991632461548,1.0,1.2802709341049194,girl,girlsch,0.395148903131485,high,vb1,0.0,1.0,1.2802709341049194,1.2802709341049194,0.0
2.0,7.0,2.408691883087158,1.0,0.6190592646598816,girl,girlsch,0.395148903131485,high,vb1,0.0,1.0,0.6190592646598816,0.6190592646598816,0.0
2.0,8.0,2.9246671199798584,1.0,0.9496650099754333,girl,girlsch,0.395148903131485,high,vb1,0.0,1.0,0.9496650099754333,0.9496650099754333,0.0
2.0,9.0,2.701801300048828,1.0,-0.4554097056388855,girl,girlsch,0.395148903131485,high,vb2,0.0,1.0,-0.4554097056388855,-0.4554097056388855,0.0
2.0,10.0,1.3101423978805542,1.0,1.1976194381713867,girl,girlsch,0.395148903131485,high,vb1,0.0,1.0,1.1976194381713867,1.1976194381713867,0.0
2.0,11.0,1.506184697151184,1.0,1.0323165655136108,girl,girlsch,0.395148903131485,high,vb1,0.0,1.0,1.0323165655136108,1.0323165655136108,0.0
2.0,12.0,-0.12908467650413513,1.0,-1.2819242477416992,girl,girlsch,0.395148903131485,high,vb3,0.0,1.0,-1.2819242477416992,-1.2819242477416992,0.0
2.0,13.0,-0.12908467650413513,1.0,-0.5380612015724182,girl,girlsch,0.395148903131485,high,vb2,0.0,1.0,-0.5380612015724182,-0.5380612015724182,0.0
2.0,14.0,0.6107285618782043,1.0,1.3629224300384521,girl,girlsch,0.395148903131485,high,vb1,0.0,1.0,1.3629224300384521,1.3629224300384521,0.0
2.0,15.0,3.1340484619140625,1.0,1.0323165655136108,girl,girlsch,0.395148903131485,high,vb1,0.0,1.0,1.0323165655136108,1.0323165655136108,0.0
2.0,16.0,2.2031209468841553,1.0,1.2802709341049194,girl,girlsch,0.395148903131485,high,vb1,0.0,1.0,1.2802709341049194,1.2802709341049194,0.0
2.0,17.0,0.5443409085273743,1.0,0.3711048662662506,girl,girlsch,0.395148903131485,high,vb2,0.0,1.0,0.3711048662662506,0.3711048662662506,0.0
2.0,18.0,-0.6230506896972656,1.0,-0.4554097056388855,girl,girlsch,0.395148903131485,high,vb2,0.0,1.0,-0.4554097056388855,-0.4554097056388855,0.0
2.0,19.0,1.4395315647125244,1.0,0.040499038994312286,girl,girlsch,0.395148903131485,high,vb2,0.0,1.0,0.040499038994312286,0.040499038994312286,0.0
2.0,20.0,1.0396080017089844,1.0,-0.29010680317878723,girl,girlsch,0.395148903131485,high,vb2,0.0,1.0,-0.29010680317878723,-0.29010680317878723,0.0
2.0,21.0,0.004321751184761524,1.0,-0.6207126379013062,girl,girlsch,0.395148903131485,high,vb2,0.0,1.0,-0.6207126379013062,-0.6207126379013062,0.0
2.0,22.0,0.4026685655117035,1.0,0.7843621969223022,girl,girlsch,0.395148903131485,high,vb1,0.0,1.0,0.7843621969223022,0.7843621969223022,0.0
2.0,23.0,-0.6230506896972656,1.0,-0.7860155701637268,girl,girlsch,0.395148903131485,high,vb2,0.0,1.0,-0.7860155701637268,-0.7860155701637268,0.0
2.0,24.0,1.3101423978805542,1.0,1.9414825439453125,girl,girlsch,0.395148903131485,high,vb1,0.0,1.0,1.9414825439453125,1.9414825439453125,0.0
2.0,25.0,-1.029066801071167,1.0,-0.8686670064926147,girl,girlsch,0.395148903131485,high,vb2,0.0,1.0,-0.8686670064926147,-0.8686670064926147,0.0
2.0,26.0,2.408691883087158,1.0,1.9414825439453125,girl,girlsch,0.395148903131485,high,vb1,0.0,1.0,1.9414825439453125,1.9414825439453125,0.0
2.0,27.0,0.821988046169281,1.0,-0.37275826930999756,girl,girlsch,0.395148903131485,high,vb2,0.0,1.0,-0.37275826930999756,-0.37275826930999756,0.0
2.0,28.0,0.6107285618782043,1.0,0.12315050512552261,girl,girlsch,0.395148903131485,high,vb2,0.0,1.0,0.12315050512552261,0.12315050512552261,0.0
2.0,29.0,2.701801300048828,1.0,2.0241341590881348,girl,girlsch,0.395148903131485,high,vb1,0.0,1.0,2.0241341590881348,2.0241341590881348,0.0
2.0,30.0,1.7348991632461548,1.0,1.9414825439453125,girl,girlsch,0.395148903131485,high,vb1,0.0,1.0,1.9414825439453125,1.9414825439453125,0.0
2.0,31.0,0.4026685655117035,1.0,1.693528175354004,girl,girlsch,0.395148903131485,high,vb1,0.0,1.0,1.693528175354004,1.693528175354004,0.0
2.0,32.0,-1.9620754718780518,1.0,-0.4554097056388855,girl,girlsch,0.395148903131485,high,vb2,0.0,1.0,-0.4554097056388855,-0.4554097056388855,0.0
2.0,33.0,0.328072190284729,1.0,1.3629224300384521,girl,girlsch,0.395148903131485,high,vb1,0.0,1.0,1.3629224300384521,1.3629224300384521,0.0
2.0,34.0,-1.438662052154541,1.0,-2.769650459289551,girl,girlsch,0.395148903131485,high,vb3,0.0,1.0,-2.769650459289551,-2.769650459289551,0.0
2.0,35.0,2.0397088527679443,1.0,0.28845342993736267,girl,girlsch,0.395148903131485,high,vb2,0.0,1.0,0.28845342993736267,0.28845342993736267,0.0
2.0,36.0,0.6107285618782043,1.0,-0.4554097056388855,girl,girlsch,0.395148903131485,high,vb2,0.0,1.0,-0.4554097056388855,-0.4554097056388855,0.0
2.0,37.0,-0.5551124811172485,1.0,-0.12480387836694717,girl,girlsch,0.395148903131485,high,vb2,0.0,1.0,-0.12480387836694717,-0.12480387836694717,0.0
2.0,38.0,2.0397088527679443,1.0,0.3711048662662506,girl,girlsch,0.395148903131485,high,vb2,0.0,1.0,0.3711048662662506,0.3711048662662506,0.0
2.0,39.0,-0.6230506896972656,1.0,-1.6951816082000732,girl,girlsch,0.395148903131485,high,vb3,0.0,1.0,-1.6951816082000732,-1.6951816082000732,0.0
2.0,40.0,-1.1186243295669556,1.0,-0.6207126379013062,girl,girlsch,0.395148903131485,high,vb2,0.0,1.0,-0.6207126379013062,-0.6207126379013062,0.0
2.0,41.0,0.7472277283668518,1.0,0.040499038994312286,girl,girlsch,0.395148903131485,high,vb2,0.0,1.0,0.040499038994312286,0.040499038994312286,0.0
2.0,42.0,1.8138266801834106,1.0,2.4373912811279297,girl,girlsch,0.395148903131485,high,vb1,0.0,1.0,2.4373912811279297,2.4373912811279297,0.0
2.0,43.0,1.9771069288253784,1.0,2.0241341590881348,girl,girlsch,0.395148903131485,high,vb1,0.0,1.0,2.0241341590881348,2.0241341590881348,0.0
2.0,44.0,-1.2194855213165283,1.0,0.20580196380615234,girl,girlsch,0.395148903131485,high,vb2,0.0,1.0,0.20580196380615234,0.20580196380615234,0.0
2.0,45.0,0.4026685655117035,1.0,1.2802709341049194,girl,girlsch,0.395148903131485,high,vb1,0.0,1.0,1.2802709341049194,1.2802709341049194,0.0
2.0,46.0,1.1094379425048828,1.0,2.189436912536621,girl,girlsch,0.395148903131485,high,vb1,0.0,1.0,2.189436912536621,2.189436912536621,0.0
2.0,47.0,1.0396080017089844,1.0,1.6108767986297607,girl,girlsch,0.395148903131485,high,vb1,0.0,1.0,1.6108767986297607,1.6108767986297607,0.0
2.0,48.0,-0.26515936851501465,1.0,-0.5380612015724182,girl,girlsch,0.395148903131485,high,vb2,0.0,1.0,-0.5380612015724182,-0.5380612015724182,0.0
2.0,49.0,1.661805510520935,1.0,0.7017107009887695,girl,girlsch,0.395148903131485,high,vb1,0.0,1.0,0.7017107009887695,0.7017107009887695,0.0
2.0,50.0,2.1029746532440186,1.0,2.189436912536621,girl,girlsch,0.395148903131485,high,vb1,0.0,1.0,2.189436912536621,2.189436912536621,0.0
2.0,51.0,3.1340484619140625,1.0,1.2802709341049194,girl,girlsch,0.395148903131485,high,vb1,0.0,1.0,1.2802709341049194,1.2802709341049194,0.0
2.0,52.0,0.6107285618782043,1.0,-0.4554097056388855,girl,girlsch,0.395148903131485,high,vb2,0.0,1.0,-0.4554097056388855,-0.4554097056388855,0.0
2.0,53.0,0.6107285618782043,1.0,-0.042152419686317444,girl,girlsch,0.395148903131485,high,vb2,0.0,1.0,-0.042152419686317444,-0.042152419686317444,0.0
2.0,54.0,-1.3353148698806763,1.0,-1.1166213750839233,girl,girlsch,0.395148903131485,high,vb3,0.0,1.0,-1.1166213750839233,-1.1166213750839233,0.0
2.0,55.0,-0.8526700735092163,1.0,-1.1166213750839233,girl,girlsch,0.395148903131485,high,vb3,0.0,1.0,-1.1166213750839233,-1.1166213750839233,0.0
6.0,1.0,0.6107285618782043,1.0,-0.4554097056388855,girl,girlsch,0.6376558542251587,high,vb2,0.0,1.0,-0.4554097056388855,-0.4554097056388855,0.0
6.0,2.0,1.0396080017089844,1.0,0.45375630259513855,girl,girlsch,0.6376558542251587,high,vb1,0.0,1.0,0.45375630259513855,0.45375630259513855,0.0
6.0,3.0,0.8965656757354736,1.0,0.5364077687263489,girl,girlsch,0.6376558542251587,high,vb1,0.0,1.0,0.5364077687263489,0.5364077687263489,0.0
6.0,4.0,0.4026685655117035,1.0,0.8670135736465454,girl,girlsch,0.6376558542251587,high,vb1,0.0,1.0,0.8670135736465454,0.8670135736465454,0.0
6.0,5.0,0.1941491812467575,1.0,1.528225302696228,girl,girlsch,0.6376558542251587,high,vb1,0.0,1.0,1.528225302696228,1.528225302696228,0.0
6.0,6.0,1.9003351926803589,1.0,0.8670135736465454,girl,girlsch,0.6376558542251587,high,vb1,0.0,1.0,0.8670135736465454,0.8670135736465454,0.0
6.0,7.0,0.07353636622428894,1.0,1.9414825439453125,girl,girlsch,0.6376558542251587,high,vb1,0.0,1.0,1.9414825439453125,1.9414825439453125,0.0
6.0,8.0,1.3101423978805542,1.0,1.6108767986297607,girl,girlsch,0.6376558542251587,high,vb1,0.0,1.0,1.6108767986297607,1.6108767986297607,0.0
6.0,9.0,2.0397088527679443,1.0,0.8670135736465454,girl,girlsch,0.6376558542251587,high,vb1,0.0,1.0,0.8670135736465454,0.8670135736465454,0.0
6.0,10.0,1.5792195796966553,1.0,0.6190592646598816,girl,girlsch,0.6376558542251587,high,vb1,0.0,1.0,0.6190592646598816,0.6190592646598816,0.0
6.0,11.0,1.9003351926803589,1.0,0.20580196380615234,girl,girlsch,0.6376558542251587,high,vb2,0.0,1.0,0.20580196380615234,0.20580196380615234,0.0
6.0,12.0,-0.26515936851501465,1.0,0.20580196380615234,girl,girlsch,0.6376558542251587,high,vb2,0.0,1.0,0.20580196380615234,0.20580196380615234,0.0
6.0,13.0,1.9771069288253784,1.0,2.189436912536621,girl,girlsch,0.6376558542251587,high,vb1,0.0,1.0,2.189436912536621,2.189436912536621,0.0
6.0,14.0,0.821988046169281,1.0,0.6190592646598816,girl,girlsch,0.6376558542251587,high,vb1,0.0,1.0,0.6190592646598816,0.6190592646598816,0.0
6.0,15.0,0.7472277283668518,1.0,-1.0339698791503906,girl,girlsch,0.6376558542251587,high,vb3,0.0,1.0,-1.0339698791503906,-1.0339698791503906,0.0
6.0,16.0,1.661805510520935,1.0,2.2720885276794434,girl,girlsch,0.6376558542251587,high,vb1,0.0,1.0,2.2720885276794434,2.2720885276794434,0.0
6.0,17.0,2.31360125541687,1.0,0.5364077687263489,girl,girlsch,0.6376558542251587,high,vb1,0.0,1.0,0.5364077687263489,0.5364077687263489,0.0
6.0,18.0,1.3747409582138062,1.0,0.5364077687263489,girl,girlsch,0.6376558542251587,high,vb1,0.0,1.0,0.5364077687263489,0.5364077687263489,0.0
6.0,19.0,1.7348991632461548,1.0,1.1976194381713867,girl,girlsch,0.6376558542251587,high,vb1,0.0,1.0,1.1976194381713867,1.1976194381713867,0.0
6.0,20.0,0.678758978843689,1.0,0.7843621969223022,girl,girlsch,0.6376558542251587,high,vb1,0.0,1.0,0.7843621969223022,0.7843621969223022,0.0
6.0,21.0,2.2031209468841553,1.0,1.8588311672210693,girl,girlsch,0.6376558542251587,high,vb1,0.0,1.0,1.8588311672210693,1.8588311672210693,0.0
6.0,22.0,1.4395315647125244,1.0,0.12315050512552261,girl,girlsch,0.6376558542251587,high,vb2,0.0,1.0,0.12315050512552261,0.12315050512552261,0.0
6.0,23.0,0.4026685655117035,1.0,0.040499038994312286,girl,girlsch,0.6376558542251587,high,vb2,0.0,1.0,0.040499038994312286,0.040499038994312286,0.0
6.0,24.0,1.0396080017089844,1.0,-0.12480387836694717,girl,girlsch,0.6376558542251587,high,vb2,0.0,1.0,-0.12480387836694717,-0.12480387836694717,0.0
6.0,25.0,-0.4198014438152313,1.0,-0.37275826930999756,girl,girlsch,0.6376558542251587,high,vb2,0.0,1.0,-0.37275826930999756,-0.37275826930999756,0.0
6.0,26.0,0.2613244652748108,1.0,-1.0339698791503906,girl,girlsch,0.6376558542251587,high,vb2,0.0,1.0,-1.0339698791503906,-1.0339698791503906,0.0
6.0,27.0,1.2405332326889038,1.0,1.2802709341049194,girl,girlsch,0.6376558542251587,high,vb1,0.0,1.0,1.2802709341049194,1.2802709341049194,0.0
6.0,28.0,0.4781937301158905,1.0,0.8670135736465454,girl,girlsch,0.6376558542251587,high,vb1,0.0,1.0,0.8670135736465454,0.8670135736465454,0.0
6.0,29.0,1.0396080017089844,1.0,-0.9513183832168579,girl,girlsch,0.6376558542251587,high,vb3,0.0,1.0,-0.9513183832168579,-0.9513183832168579,0.0
6.0,30.0,0.8965656757354736,1.0,0.8670135736465454,girl,girlsch,0.6376558542251587,high,vb1,0.0,1.0,0.8670135736465454,0.8670135736465454,0.0
6.0,31.0,2.1029746532440186,1.0,2.3547399044036865,girl,girlsch,0.6376558542251587,high,vb1,0.0,1.0,2.3547399044036865,2.3547399044036865,0.0
6.0,32.0,0.5443409085273743,1.0,-0.37275826930999756,girl,girlsch,0.6376558542251587,high,vb2,0.0,1.0,-0.37275826930999756,-0.37275826930999756,0.0
6.0,33.0,0.9675859808921814,1.0,2.189436912536621,girl,girlsch,0.6376558542251587,high,vb1,0.0,1.0,2.189436912536621,2.189436912536621,0.0
6.0,34.0,1.5792195796966553,1.0,1.2802709341049194,girl,girlsch,0.6376558542251587,high,vb1,0.0,1.0,1.2802709341049194,1.2802709341049194,0.0
6.0,35.0,2.626739263534546,1.0,2.0241341590881348,girl,girlsch,0.6376558542251587,high,vb1,0.0,1.0,2.0241341590881348,2.0241341590881348,0.0
6.0,36.0,1.2405332326889038,1.0,0.3711048662662506,girl,girlsch,0.6376558542251587,high,vb1,0.0,1.0,0.3711048662662506,0.3711048662662506,0.0
6.0,37.0,0.6107285618782043,1.0,0.9496650099754333,girl,girlsch,0.6376558542251587,high,vb1,0.0,1.0,0.9496650099754333,0.9496650099754333,0.0
6.0,38.0,1.3747409582138062,1.0,0.8670135736465454,girl,girlsch,0.6376558542251587,high,vb1,0.0,1.0,0.8670135736465454,0.8670135736465454,0.0
6.0,39.0,1.2405332326889038,1.0,0.28845342993736267,girl,girlsch,0.6376558542251587,high,vb2,0.0,1.0,0.28845342993736267,0.28845342993736267,0.0
6.0,40.0,1.9771069288253784,1.0,1.4455738067626953,girl,girlsch,0.6376558542251587,high,vb1,0.0,1.0,1.4455738067626953,1.4455738067626953,0.0
6.0,41.0,0.821988046169281,1.0,0.12315050512552261,girl,girlsch,0.6376558542251587,high,vb2,0.0,1.0,0.12315050512552261,0.12315050512552261,0.0
6.0,42.0,-1.7238824367523193,1.0,-1.4472272396087646,girl,girlsch,0.6376558542251587,high,vb3,0.0,1.0,-1.4472272396087646,-1.4472272396087646,0.0
6.0,43.0,0.07353636622428894,1.0,0.6190592646598816,girl,girlsch,0.6376558542251587,high,vb1,0.0,1.0,0.6190592646598816,0.6190592646598816,0.0
6.0,44.0,1.5792195796966553,1.0,1.1976194381713867,girl,girlsch,0.6376558542251587,high,vb1,0.0,1.0,1.1976194381713867,1.1976194381713867,0.0
6.0,45.0,1.5792195796966553,1.0,0.9496650099754333,girl,girlsch,0.6376558542251587,high,vb1,0.0,1.0,0.9496650099754333,0.9496650099754333,0.0
6.0,46.0,2.31360125541687,1.0,1.1976194381713867,girl,girlsch,0.6376558542251587,high,vb1,0.0,1.0,1.1976194381713867,1.1976194381713867,0.0
6.0,47.0,0.1941491812467575,1.0,0.3711048662662506,girl,girlsch,0.6376558542251587,high,vb2,0.0,1.0,0.3711048662662506,0.3711048662662506,0.0
6.0,48.0,1.7348991632461548,1.0,2.2720885276794434,girl,girlsch,0.6376558542251587,high,vb1,0.0,1.0,2.2720885276794434,2.2720885276794434,0.0
6.0,49.0,1.7348991632461548,1.0,1.8588311672210693,girl,girlsch,0.6376558542251587,high,vb1,0.0,1.0,1.8588311672210693,1.8588311672210693,0.0
6.0,50.0,0.004321751184761524,1.0,-0.37275826930999756,girl,girlsch,0.6376558542251587,high,vb2,0.0,1.0,-0.37275826930999756,-0.37275826930999756,0.0
6.0,51.0,0.9675859808921814,1.0,-0.2074553370475769,girl,girlsch,0.6376558542251587,high,vb2,0.0,1.0,-0.2074553370475769,-0.2074553370475769,0.0
6.0,52.0,1.3747409582138062,1.0,-0.12480387836694717,girl,girlsch,0.6376558542251587,high,vb2,0.0,1.0,-0.12480387836694717,-0.12480387836694717,0.0
6.0,53.0,1.3101423978805542,1.0,2.0241341590881348,girl,girlsch,0.6376558542251587,high,vb1,0.0,1.0,2.0241341590881348,2.0241341590881348,0.0
6.0,54.0,0.5443409085273743,1.0,0.28845342993736267,girl,girlsch,0.6376558542251587,high,vb2,0.0,1.0,0.28845342993736267,0.28845342993736267,0.0
6.0,55.0,1.5792195796966553,1.0,1.3629224300384521,girl,girlsch,0.6376558542251587,high,vb1,0.0,1.0,1.3629224300384521,1.3629224300384521,0.0
6.0,56.0,-0.6995050311088562,1.0,0.040499038994312286,girl,girlsch,0.6376558542251587,high,vb2,0.0,1.0,0.040499038994312286,0.040499038994312286,0.0
6.0,57.0,1.2405332326889038,1.0,1.693528175354004,girl,girlsch,0.6376558542251587,high,vb1,0.0,1.0,1.693528175354004,1.693528175354004,0.0
6.0,58.0,1.175849437713623,1.0,0.5364077687263489,girl,girlsch,0.6376558542251587,high,vb2,0.0,1.0,0.5364077687263489,0.5364077687263489,0.0
6.0,59.0,0.4026685655117035,1.0,0.20580196380615234,girl,girlsch,0.6376558542251587,high,vb2,0.0,1.0,0.20580196380615234,0.20580196380615234,0.0
6.0,60.0,1.7348991632461548,1.0,1.1976194381713867,girl,girlsch,0.6376558542251587,high,vb1,0.0,1.0,1.1976194381713867,1.1976194381713867,0.0
6.0,61.0,-0.9393776655197144,1.0,0.28845342993736267,girl,girlsch,0.6376558542251587,high,vb2,0.0,1.0,0.28845342993736267,0.28845342993736267,0.0
6.0,62.0,0.4026685655117035,1.0,0.3711048662662506,girl,girlsch,0.6376558542251587,high,vb1,0.0,1.0,0.3711048662662506,0.3711048662662506,0.0
6.0,63.0,1.3101423978805542,1.0,0.6190592646598816,girl,girlsch,0.6376558542251587,high,vb1,0.0,1.0,0.6190592646598816,0.6190592646598816,0.0
6.0,64.0,0.004321751184761524,1.0,-0.042152419686317444,girl,girlsch,0.6376558542251587,high,vb2,0.0,1.0,-0.042152419686317444,-0.042152419686317444,0.0
6.0,65.0,1.1094379425048828,1.0,-0.29010680317878723,girl,girlsch,0.6376558542251587,high,vb2,0.0,1.0,-0.29010680317878723,-0.29010680317878723,0.0
6.0,66.0,0.8965656757354736,1.0,0.040499038994312286,girl,girlsch,0.6376558542251587,high,vb2,0.0,1.0,0.040499038994312286,0.040499038994312286,0.0
6.0,67.0,-0.4927808344364166,1.0,-0.2074553370475769,girl,girlsch,0.6376558542251587,high,vb2,0.0,1.0,-0.2074553370475769,-0.2074553370475769,0.0
6.0,68.0,0.4781937301158905,1.0,-0.6207126379013062,girl,girlsch,0.6376558542251587,high,vb2,0.0,1.0,-0.6207126379013062,-0.6207126379013062,0.0
6.0,69.0,0.821988046169281,1.0,0.8670135736465454,girl,girlsch,0.6376558542251587,high,vb1,0.0,1.0,0.8670135736465454,0.8670135736465454,0.0
6.0,70.0,0.678758978843689,1.0,0.12315050512552261,girl,girlsch,0.6376558542251587,high,vb2,0.0,1.0,0.12315050512552261,0.12315050512552261,0.0
6.0,71.0,1.8138266801834106,1.0,1.0323165655136108,girl,girlsch,0.6376558542251587,high,vb1,0.0,1.0,1.0323165655136108,1.0323165655136108,0.0
6.0,72.0,1.506184697151184,1.0,1.1149680614471436,girl,girlsch,0.6376558542251587,high,vb1,0.0,1.0,1.1149680614471436,1.1149680614471436,0.0
6.0,73.0,0.9675859808921814,1.0,0.12315050512552261,girl,girlsch,0.6376558542251587,high,vb2,0.0,1.0,0.12315050512552261,0.12315050512552261,0.0
6.0,74.0,0.328072190284729,1.0,-0.37275826930999756,girl,girlsch,0.6376558542251587,high,vb2,0.0,1.0,-0.37275826930999756,-0.37275826930999756,0.0
6.0,75.0,-0.4198014438152313,1.0,0.45375630259513855,girl,girlsch,0.6376558542251587,high,vb2,0.0,1.0,0.45375630259513855,0.45375630259513855,0.0
6.0,76.0,0.328072190284729,1.0,-0.12480387836694717,girl,girlsch,0.6376558542251587,high,vb2,0.0,1.0,-0.12480387836694717,-0.12480387836694717,0.0
6.0,77.0,0.328072190284729,1.0,1.6108767986297607,girl,girlsch,0.6376558542251587,high,vb1,0.0,1.0,1.6108767986297607,1.6108767986297607,0.0
6.0,78.0,-0.6230506896972656,1.0,0.5364077687263489,girl,girlsch,0.6376558542251587,high,vb1,0.0,1.0,0.5364077687263489,0.5364077687263489,0.0
6.0,79.0,1.9771069288253784,1.0,1.1149680614471436,girl,girlsch,0.6376558542251587,high,vb1,0.0,1.0,1.1149680614471436,1.1149680614471436,0.0
6.0,80.0,1.3101423978805542,1.0,0.28845342993736267,girl,girlsch,0.6376558542251587,high,vb2,0.0,1.0,0.28845342993736267,0.28845342993736267,0.0
7.0,1.0,-2.1086435317993164,1.0,0.28845342993736267,girl,girlsch,-0.029003320261836052,mid,vb2,0.0,1.0,0.28845342993736267,0.28845342993736267,0.0
7.0,2.0,-0.4198014438152313,1.0,-2.356393337249756,girl,girlsch,-0.029003320261836052,mid,vb3,0.0,1.0,-2.356393337249756,-2.356393337249756,0.0
7.0,3.0,0.4781937301158905,1.0,-0.7033640742301941,girl,girlsch,-0.029003320261836052,mid,vb2,0.0,1.0,-0.7033640742301941,-0.7033640742301941,0.0
7.0,4.0,0.2613244652748108,1.0,-0.37275826930999756,girl,girlsch,-0.029003320261836052,mid,vb2,0.0,1.0,-0.37275826930999756,-0.37275826930999756,0.0
7.0,5.0,-1.3353148698806763,1.0,-1.1166213750839233,girl,girlsch,-0.029003320261836052,mid,vb3,0.0,1.0,-1.1166213750839233,-1.1166213750839233,0.0
7.0,6.0,0.7472277283668518,1.0,0.20580196380615234,girl,girlsch,-0.029003320261836052,mid,vb2,0.0,1.0,0.20580196380615234,0.20580196380615234,0.0
7.0,7.0,-0.4198014438152313,1.0,0.12315050512552261,girl,girlsch,-0.029003320261836052,mid,vb2,0.0,1.0,0.12315050512552261,0.12315050512552261,0.0
7.0,8.0,0.004321751184761524,1.0,-0.4554097056388855,girl,girlsch,-0.029003320261836052,mid,vb2,0.0,1.0,-0.4554097056388855,-0.4554097056388855,0.0
7.0,9.0,0.4781937301158905,1.0,0.040499038994312286,girl,girlsch,-0.029003320261836052,mid,vb2,0.0,1.0,0.040499038994312286,0.040499038994312286,0.0
7.0,10.0,1.5792195796966553,1.0,1.0323165655136108,girl,girlsch,-0.029003320261836052,mid,vb1,0.0,1.0,1.0323165655136108,1.0323165655136108,0.0
7.0,11.0,1.661805510520935,1.0,-1.0339698791503906,girl,girlsch,-0.029003320261836052,mid,vb3,0.0,1.0,-1.0339698791503906,-1.0339698791503906,0.0
7.0,12.0,0.8965656757354736,1.0,-0.12480387836694717,girl,girlsch,-0.029003320261836052,mid,vb2,0.0,1.0,-0.12480387836694717,-0.12480387836694717,0.0
7.0,13.0,0.9675859808921814,1.0,0.040499038994312286,girl,girlsch,-0.029003320261836052,mid,vb2,0.0,1.0,0.040499038994312286,0.040499038994312286,0.0
7.0,14.0,1.3747409582138062,1.0,0.9496650099754333,girl,girlsch,-0.029003320261836052,mid,vb1,0.0,1.0,0.9496650099754333,0.9496650099754333,0.0
7.0,15.0,0.821988046169281,1.0,-0.2074553370475769,girl,girlsch,-0.029003320261836052,mid,vb2,0.0,1.0,-0.2074553370475769,-0.2074553370475769,0.0
7.0,16.0,0.328072190284729,1.0,-0.37275826930999756,girl,girlsch,-0.029003320261836052,mid,vb2,0.0,1.0,-0.37275826930999756,-0.37275826930999756,0.0
7.0,17.0,1.2405332326889038,1.0,0.45375630259513855,girl,girlsch,-0.029003320261836052,mid,vb1,0.0,1.0,0.45375630259513855,0.45375630259513855,0.0
7.0,18.0,0.004321751184761524,1.0,0.5364077687263489,girl,girlsch,-0.029003320261836052,mid,vb1,0.0,1.0,0.5364077687263489,0.5364077687263489,0.0
7.0,19.0,-0.4927808344364166,1.0,-0.5380612015724182,girl,girlsch,-0.029003320261836052,mid,vb2,0.0,1.0,-0.5380612015724182,-0.5380612015724182,0.0
7.0,20.0,0.8965656757354736,1.0,-0.2074553370475769,girl,girlsch,-0.029003320261836052,mid,vb2,0.0,1.0,-0.2074553370475769,-0.2074553370475769,0.0
7.0,21.0,0.5443409085273743,1.0,-0.29010680317878723,girl,girlsch,-0.029003320261836052,mid,vb2,0.0,1.0,-0.29010680317878723,-0.29010680317878723,0.0
7.0,22.0,-0.26515936851501465,1.0,-0.042152419686317444,girl,girlsch,-0.029003320261836052,mid,vb2,0.0,1.0,-0.042152419686317444,-0.042152419686317444,0.0
7.0,23.0,0.1941491812467575,1.0,-0.5380612015724182,girl,girlsch,-0.029003320261836052,mid,vb2,0.0,1.0,-0.5380612015724182,-0.5380612015724182,0.0
7.0,24.0,1.9771069288253784,1.0,1.693528175354004,girl,girlsch,-0.029003320261836052,mid,vb1,0.0,1.0,1.693528175354004,1.693528175354004,0.0
7.0,25.0,1.3101423978805542,1.0,-0.12480387836694717,girl,girlsch,-0.029003320261836052,mid,vb2,0.0,1.0,-0.12480387836694717,-0.12480387836694717,0.0
7.0,26.0,1.7348991632461548,1.0,-0.29010680317878723,girl,girlsch,-0.029003320261836052,mid,vb2,0.0,1.0,-0.29010680317878723,-0.29010680317878723,0.0
7.0,27.0,0.4781937301158905,1.0,-0.7033640742301941,girl,girlsch,-0.029003320261836052,mid,vb2,0.0,1.0,-0.7033640742301941,-0.7033640742301941,0.0
7.0,28.0,1.1094379425048828,1.0,-0.2074553370475769,girl,girlsch,-0.029003320261836052,mid,vb2,0.0,1.0,-0.2074553370475769,-0.2074553370475769,0.0
7.0,29.0,1.2405332326889038,1.0,2.4373912811279297,girl,girlsch,-0.029003320261836052,mid,vb1,0.0,1.0,2.4373912811279297,2.4373912811279297,0.0
7.0,30.0,0.678758978843689,1.0,1.8588311672210693,girl,girlsch,-0.029003320261836052,mid,vb1,0.0,1.0,1.8588311672210693,1.8588311672210693,0.0
7.0,31.0,-0.8526700735092163,1.0,-0.8686670064926147,girl,girlsch,-0.029003320261836052,mid,vb2,0.0,1.0,-0.8686670064926147,-0.8686670064926147,0.0
7.0,32.0,0.6107285618782043,1.0,-0.7033640742301941,girl,girlsch,-0.029003320261836052,mid,vb2,0.0,1.0,-0.7033640742301941,-0.7033640742301941,0.0
7.0,33.0,-0.5551124811172485,1.0,-0.042152419686317444,girl,girlsch,-0.029003320261836052,mid,vb2,0.0,1.0,-0.042152419686317444,-0.042152419686317444,0.0
7.0,34.0,1.4395315647125244,1.0,1.9414825439453125,girl,girlsch,-0.029003320261836052,mid,vb1,0.0,1.0,1.9414825439453125,1.9414825439453125,0.0
7.0,35.0,0.1941491812467575,1.0,-0.5380612015724182,girl,girlsch,-0.029003320261836052,mid,vb2,0.0,1.0,-0.5380612015724182,-0.5380612015724182,0.0
7.0,36.0,0.7472277283668518,1.0,-0.2074553370475769,girl,girlsch,-0.029003320261836052,mid,vb2,0.0,1.0,-0.2074553370475769,-0.2074553370475769,0.0
7.0,37.0,0.821988046169281,1.0,2.2720885276794434,girl,girlsch,-0.029003320261836052,mid,vb1,0.0,1.0,2.2720885276794434,2.2720885276794434,0.0
7.0,38.0,1.2405332326889038,1.0,0.040499038994312286,girl,girlsch,-0.029003320261836052,mid,vb2,0.0,1.0,0.040499038994312286,0.040499038994312286,0.0
7.0,39.0,0.328072190284729,1.0,0.12315050512552261,girl,girlsch,-0.029003320261836052,mid,vb2,0.0,1.0,0.12315050512552261,0.12315050512552261,0.0
7.0,40.0,0.821988046169281,1.0,-0.12480387836694717,girl,girlsch,-0.029003320261836052,mid,vb2,0.0,1.0,-0.12480387836694717,-0.12480387836694717,0.0
7.0,41.0,1.175849437713623,1.0,1.3629224300384521,girl,girlsch,-0.029003320261836052,mid,vb1,0.0,1.0,1.3629224300384521,1.3629224300384521,0.0
7.0,42.0,0.07353636622428894,1.0,-0.4554097056388855,girl,girlsch,-0.029003320261836052,mid,vb2,0.0,1.0,-0.4554097056388855,-0.4554097056388855,0.0
7.0,43.0,0.821988046169281,1.0,-0.4554097056388855,girl,girlsch,-0.029003320261836052,mid,vb2,0.0,1.0,-0.4554097056388855,-0.4554097056388855,0.0
7.0,44.0,-0.6230506896972656,1.0,-0.37275826930999756,girl,girlsch,-0.029003320261836052,mid,vb2,0.0,1.0,-0.37275826930999756,-0.37275826930999756,0.0
7.0,45.0,1.175849437713623,1.0,-1.2819242477416992,girl,girlsch,-0.029003320261836052,mid,vb3,0.0,1.0,-1.2819242477416992,-1.2819242477416992,0.0
7.0,46.0,-0.6230506896972656,1.0,-0.29010680317878723,girl,girlsch,-0.029003320261836052,mid,vb2,0.0,1.0,-0.29010680317878723,-0.29010680317878723,0.0
7.0,47.0,-0.19761060178279877,1.0,-0.7860155701637268,girl,girlsch,-0.029003320261836052,mid,vb2,0.0,1.0,-0.7860155701637268,-0.7860155701637268,0.0
7.0,48.0,0.4781937301158905,1.0,-0.2074553370475769,girl,girlsch,-0.029003320261836052,mid,vb2,0.0,1.0,-0.2074553370475769,-0.2074553370475769,0.0
7.0,49.0,-0.12908467650413513,1.0,-0.12480387836694717,girl,girlsch,-0.029003320261836052,mid,vb2,0.0,1.0,-0.12480387836694717,-0.12480387836694717,0.0
7.0,50.0,0.13406679034233093,1.0,0.040499038994312286,girl,girlsch,-0.029003320261836052,mid,vb2,0.0,1.0,0.040499038994312286,0.040499038994312286,0.0
7.0,51.0,0.5443409085273743,1.0,0.12315050512552261,girl,girlsch,-0.029003320261836052,mid,vb2,0.0,1.0,0.12315050512552261,0.12315050512552261,0.0
7.0,52.0,0.4781937301158905,1.0,0.6190592646598816,girl,girlsch,-0.029003320261836052,mid,vb1,0.0,1.0,0.6190592646598816,0.6190592646598816,0.0
7.0,53.0,0.1941491812467575,1.0,0.040499038994312286,girl,girlsch,-0.029003320261836052,mid,vb2,0.0,1.0,0.040499038994312286,0.040499038994312286,0.0
7.0,54.0,1.661805510520935,1.0,-1.6951816082000732,girl,girlsch,-0.029003320261836052,mid,vb3,0.0,1.0,-1.6951816082000732,-1.6951816082000732,0.0
7.0,55.0,-1.3353148698806763,1.0,-0.8686670064926147,girl,girlsch,-0.029003320261836052,mid,vb2,0.0,1.0,-0.8686670064926147,-0.8686670064926147,0.0
7.0,56.0,0.9675859808921814,1.0,-0.4554097056388855,girl,girlsch,-0.029003320261836052,mid,vb2,0.0,1.0,-0.4554097056388855,-0.4554097056388855,0.0
7.0,57.0,0.2613244652748108,1.0,0.28845342993736267,girl,girlsch,-0.029003320261836052,mid,vb2,0.0,1.0,0.28845342993736267,0.28845342993736267,0.0
7.0,58.0,1.1094379425048828,1.0,0.7843621969223022,girl,girlsch,-0.029003320261836052,mid,vb1,0.0,1.0,0.7843621969223022,0.7843621969223022,0.0
7.0,59.0,0.328072190284729,1.0,-0.12480387836694717,girl,girlsch,-0.029003320261836052,mid,vb2,0.0,1.0,-0.12480387836694717,-0.12480387836694717,0.0
7.0,60.0,0.2613244652748108,1.0,-0.9513183832168579,girl,girlsch,-0.029003320261836052,mid,vb2,0.0,1.0,-0.9513183832168579,-0.9513183832168579,0.0
7.0,61.0,-0.6230506896972656,1.0,1.1976194381713867,girl,girlsch,-0.029003320261836052,mid,vb1,0.0,1.0,1.1976194381713867,1.1976194381713867,0.0
7.0,62.0,-1.029066801071167,1.0,1.0323165655136108,girl,girlsch,-0.029003320261836052,mid,vb1,0.0,1.0,1.0323165655136108,1.0323165655136108,0.0
7.0,63.0,0.9675859808921814,1.0,1.3629224300384521,girl,girlsch,-0.029003320261836052,mid,vb1,0.0,1.0,1.3629224300384521,1.3629224300384521,0.0
7.0,64.0,1.0396080017089844,1.0,0.6190592646598816,girl,girlsch,-0.029003320261836052,mid,vb1,0.0,1.0,0.6190592646598816,0.6190592646598816,0.0
7.0,65.0,0.4781937301158905,1.0,-0.6207126379013062,girl,girlsch,-0.029003320261836052,mid,vb2,0.0,1.0,-0.6207126379013062,-0.6207126379013062,0.0
7.0,66.0,0.328072190284729,1.0,-0.7860155701637268,girl,girlsch,-0.029003320261836052,mid,vb2,0.0,1.0,-0.7860155701637268,-0.7860155701637268,0.0
7.0,67.0,-0.8526700735092163,1.0,-1.9431359767913818,girl,girlsch,-0.029003320261836052,mid,vb3,0.0,1.0,-1.9431359767913818,-1.9431359767913818,0.0
7.0,68.0,1.1094379425048828,1.0,-0.2074553370475769,girl,girlsch,-0.029003320261836052,mid,vb2,0.0,1.0,-0.2074553370475769,-0.2074553370475769,0.0
7.0,69.0,-0.06208816543221474,1.0,-0.4554097056388855,girl,girlsch,-0.029003320261836052,mid,vb2,0.0,1.0,-0.4554097056388855,-0.4554097056388855,0.0
7.0,70.0,0.821988046169281,1.0,0.20580196380615234,girl,girlsch,-0.029003320261836052,mid,vb2,0.0,1.0,0.20580196380615234,0.20580196380615234,0.0
7.0,71.0,0.328072190284729,1.0,1.3629224300384521,girl,girlsch,-0.029003320261836052,mid,vb1,0.0,1.0,1.3629224300384521,1.3629224300384521,0.0
7.0,72.0,-0.4198014438152313,1.0,-0.7860155701637268,girl,girlsch,-0.029003320261836052,mid,vb2,0.0,1.0,-0.7860155701637268,-0.7860155701637268,0.0
7.0,73.0,-0.19761060178279877,1.0,2.0241341590881348,girl,girlsch,-0.029003320261836052,mid,vb1,0.0,1.0,2.0241341590881348,2.0241341590881348,0.0
7.0,74.0,-0.19761060178279877,1.0,-0.9513183832168579,girl,girlsch,-0.029003320261836052,mid,vb2,0.0,1.0,-0.9513183832168579,-0.9513183832168579,0.0
7.0,75.0,-0.9393776655197144,1.0,0.28845342993736267,girl,girlsch,-0.029003320261836052,mid,vb2,0.0,1.0,0.28845342993736267,0.28845342993736267,0.0
7.0,76.0,0.9675859808921814,1.0,0.3711048662662506,girl,girlsch,-0.029003320261836052,mid,vb2,0.0,1.0,0.3711048662662506,0.3711048662662506,0.0
7.0,77.0,0.1941491812467575,1.0,-0.2074553370475769,girl,girlsch,-0.029003320261836052,mid,vb2,0.0,1.0,-0.2074553370475769,-0.2074553370475769,0.0
7.0,78.0,-0.33884158730506897,1.0,-0.7033640742301941,girl,girlsch,-0.029003320261836052,mid,vb2,0.0,1.0,-0.7033640742301941,-0.7033640742301941,0.0
7.0,79.0,0.328072190284729,1.0,-0.7033640742301941,girl,girlsch,-0.029003320261836052,mid,vb2,0.0,1.0,-0.7033640742301941,-0.7033640742301941,0.0
7.0,80.0,1.506184697151184,1.0,-0.29010680317878723,girl,girlsch,-0.029003320261836052,mid,vb2,0.0,1.0,-0.29010680317878723,-0.29010680317878723,0.0
7.0,81.0,0.1941491812467575,1.0,0.45375630259513855,girl,girlsch,-0.029003320261836052,mid,vb2,0.0,1.0,0.45375630259513855,0.45375630259513855,0.0
7.0,82.0,0.07353636622428894,1.0,0.28845342993736267,girl,girlsch,-0.029003320261836052,mid,vb2,0.0,1.0,0.28845342993736267,0.28845342993736267,0.0
7.0,83.0,0.678758978843689,1.0,0.5364077687263489,girl,girlsch,-0.029003320261836052,mid,vb1,0.0,1.0,0.5364077687263489,0.5364077687263489,0.0
7.0,84.0,1.0396080017089844,1.0,-0.37275826930999756,girl,girlsch,-0.029003320261836052,mid,vb2,0.0,1.0,-0.37275826930999756,-0.37275826930999756,0.0
7.0,85.0,1.506184697151184,1.0,-0.042152419686317444,girl,girlsch,-0.029003320261836052,mid,vb2,0.0,1.0,-0.042152419686317444,-0.042152419686317444,0.0
7.0,86.0,0.4781937301158905,1.0,0.20580196380615234,girl,girlsch,-0.029003320261836052,mid,vb2,0.0,1.0,0.20580196380615234,0.20580196380615234,0.0
7.0,87.0,-0.776108980178833,1.0,-1.0339698791503906,girl,girlsch,-0.029003320261836052,mid,vb2,0.0,1.0,-1.0339698791503906,-1.0339698791503906,0.0
7.0,88.0,0.328072190284729,1.0,-0.4554097056388855,girl,girlsch,-0.029003320261836052,mid,vb2,0.0,1.0,-0.4554097056388855,-0.4554097056388855,0.0
8.0,1.0,-0.4198014438152313,1.0,-0.7033640742301941,girl,girlsch,-0.04053179547190666,mid,vb2,0.0,1.0,-0.7033640742301941,-0.7033640742301941,0.0
8.0,2.0,0.13406679034233093,1.0,1.6108767986297607,girl,girlsch,-0.04053179547190666,mid,vb1,0.0,1.0,1.6108767986297607,1.6108767986297607,0.0
8.0,3.0,1.3747409582138062,1.0,0.9496650099754333,girl,girlsch,-0.04053179547190666,mid,vb1,0.0,1.0,0.9496650099754333,0.9496650099754333,0.0
8.0,4.0,0.9675859808921814,1.0,2.520042896270752,girl,girlsch,-0.04053179547190666,mid,vb1,0.0,1.0,2.520042896270752,2.520042896270752,0.0
8.0,5.0,-1.029066801071167,1.0,-0.29010680317878723,girl,girlsch,-0.04053179547190666,mid,vb2,0.0,1.0,-0.29010680317878723,-0.29010680317878723,0.0
8.0,6.0,-1.1186243295669556,1.0,-2.2737417221069336,girl,girlsch,-0.04053179547190666,mid,vb3,0.0,1.0,-2.2737417221069336,-2.2737417221069336,0.0
8.0,7.0,1.9003351926803589,1.0,0.9496650099754333,girl,girlsch,-0.04053179547190666,mid,vb1,0.0,1.0,0.9496650099754333,0.9496650099754333,0.0
8.0,8.0,0.7472277283668518,1.0,1.1976194381713867,girl,girlsch,-0.04053179547190666,mid,vb1,0.0,1.0,1.1976194381713867,1.1976194381713867,0.0
8.0,9.0,-1.6237297058105469,1.0,-1.1166213750839233,girl,girlsch,-0.04053179547190666,mid,vb3,0.0,1.0,-1.1166213750839233,-1.1166213750839233,0.0
8.0,10.0,-1.1186243295669556,1.0,-0.7860155701637268,girl,girlsch,-0.04053179547190666,mid,vb2,0.0,1.0,-0.7860155701637268,-0.7860155701637268,0.0
8.0,11.0,2.31360125541687,1.0,1.6108767986297607,girl,girlsch,-0.04053179547190666,mid,vb1,0.0,1.0,1.6108767986297607,1.6108767986297607,0.0
8.0,12.0,0.7472277283668518,1.0,0.040499038994312286,girl,girlsch,-0.04053179547190666,mid,vb2,0.0,1.0,0.040499038994312286,0.040499038994312286,0.0
8.0,13.0,1.0396080017089844,1.0,1.2802709341049194,girl,girlsch,-0.04053179547190666,mid,vb1,0.0,1.0,1.2802709341049194,1.2802709341049194,0.0
8.0,14.0,-0.8526700735092163,1.0,0.12315050512552261,girl,girlsch,-0.04053179547190666,mid,vb2,0.0,1.0,0.12315050512552261,0.12315050512552261,0.0
8.0,15.0,0.07353636622428894,1.0,-2.1910903453826904,girl,girlsch,-0.04053179547190666,mid,vb3,0.0,1.0,-2.1910903453826904,-2.1910903453826904,0.0
8.0,16.0,0.821988046169281,1.0,0.6190592646598816,girl,girlsch,-0.04053179547190666,mid,vb1,0.0,1.0,0.6190592646598816,0.6190592646598816,0.0
8.0,17.0,-0.5551124811172485,1.0,-0.9513183832168579,girl,girlsch,-0.04053179547190666,mid,vb2,0.0,1.0,-0.9513183832168579,-0.9513183832168579,0.0
8.0,18.0,-0.12908467650413513,1.0,-2.1910903453826904,girl,girlsch,-0.04053179547190666,mid,vb3,0.0,1.0,-2.1910903453826904,-2.1910903453826904,0.0
8.0,19.0,-0.33884158730506897,1.0,-1.364575743675232,girl,girlsch,-0.04053179547190666,mid,vb3,0.0,1.0,-1.364575743675232,-1.364575743675232,0.0
8.0,20.0,-1.3353148698806763,1.0,-0.042152419686317444,girl,girlsch,-0.04053179547190666,mid,vb2,0.0,1.0,-0.042152419686317444,-0.042152419686317444,0.0
8.0,21.0,0.7472277283668518,1.0,-0.37275826930999756,girl,girlsch,-0.04053179547190666,mid,vb2,0.0,1.0,-0.37275826930999756,-0.37275826930999756,0.0
8.0,22.0,0.004321751184761524,1.0,-1.199272871017456,girl,girlsch,-0.04053179547190666,mid,vb3,0.0,1.0,-1.199272871017456,-1.199272871017456,0.0
8.0,23.0,-0.12908467650413513,1.0,1.9414825439453125,girl,girlsch,-0.04053179547190666,mid,vb1,0.0,1.0,1.9414825439453125,1.9414825439453125,0.0
8.0,24.0,0.07353636622428894,1.0,0.9496650099754333,girl,girlsch,-0.04053179547190666,mid,vb1,0.0,1.0,0.9496650099754333,0.9496650099754333,0.0
8.0,25.0,0.678758978843689,1.0,0.8670135736465454,girl,girlsch,-0.04053179547190666,mid,vb1,0.0,1.0,0.8670135736465454,0.8670135736465454,0.0
8.0,26.0,0.821988046169281,1.0,-0.6207126379013062,girl,girlsch,-0.04053179547190666,mid,vb2,0.0,1.0,-0.6207126379013062,-0.6207126379013062,0.0
8.0,27.0,1.1094379425048828,1.0,0.28845342993736267,girl,girlsch,-0.04053179547190666,mid,vb2,0.0,1.0,0.28845342993736267,0.28845342993736267,0.0
8.0,28.0,0.1941491812467575,1.0,0.5364077687263489,girl,girlsch,-0.04053179547190666,mid,vb1,0.0,1.0,0.5364077687263489,0.5364077687263489,0.0
8.0,29.0,-1.438662052154541,1.0,-0.4554097056388855,girl,girlsch,-0.04053179547190666,mid,vb2,0.0,1.0,-0.4554097056388855,-0.4554097056388855,0.0
8.0,30.0,-0.8526700735092163,1.0,-0.4554097056388855,girl,girlsch,-0.04053179547190666,mid,vb2,0.0,1.0,-0.4554097056388855,-0.4554097056388855,0.0
8.0,31.0,-0.6995050311088562,1.0,-0.6207126379013062,girl,girlsch,-0.04053179547190666,mid,vb2,0.0,1.0,-0.6207126379013062,-0.6207126379013062,0.0
8.0,32.0,-0.8526700735092163,1.0,-1.0339698791503906,girl,girlsch,-0.04053179547190666,mid,vb2,0.0,1.0,-1.0339698791503906,-1.0339698791503906,0.0
8.0,33.0,-0.9393776655197144,1.0,-0.5380612015724182,girl,girlsch,-0.04053179547190666,mid,vb2,0.0,1.0,-0.5380612015724182,-0.5380612015724182,0.0
8.0,34.0,-0.26515936851501465,1.0,0.20580196380615234,girl,girlsch,-0.04053179547190666,mid,vb2,0.0,1.0,0.20580196380615234,0.20580196380615234,0.0
8.0,35.0,0.7472277283668518,1.0,-0.042152419686317444,girl,girlsch,-0.04053179547190666,mid,vb2,0.0,1.0,-0.042152419686317444,-0.042152419686317444,0.0
8.0,36.0,0.328072190284729,1.0,1.0323165655136108,girl,girlsch,-0.04053179547190666,mid,vb1,0.0,1.0,1.0323165655136108,1.0323165655136108,0.0
8.0,37.0,0.2613244652748108,1.0,-0.4554097056388855,girl,girlsch,-0.04053179547190666,mid,vb2,0.0,1.0,-0.4554097056388855,-0.4554097056388855,0.0
8.0,38.0,-0.4198014438152313,1.0,0.28845342993736267,girl,girlsch,-0.04053179547190666,mid,vb2,0.0,1.0,0.28845342993736267,0.28845342993736267,0.0
8.0,39.0,0.5443409085273743,1.0,0.040499038994312286,girl,girlsch,-0.04053179547190666,mid,vb2,0.0,1.0,0.040499038994312286,0.040499038994312286,0.0
8.0,40.0,-0.12908467650413513,1.0,-0.7033640742301941,girl,girlsch,-0.04053179547190666,mid,vb2,0.0,1.0,-0.7033640742301941,-0.7033640742301941,0.0
8.0,41.0,0.9675859808921814,1.0,0.9496650099754333,girl,girlsch,-0.04053179547190666,mid,vb1,0.0,1.0,0.9496650099754333,0.9496650099754333,0.0
8.0,42.0,0.004321751184761524,1.0,0.7843621969223022,girl,girlsch,-0.04053179547190666,mid,vb1,0.0,1.0,0.7843621969223022,0.7843621969223022,0.0
8.0,43.0,1.9003351926803589,1.0,0.7843621969223022,girl,girlsch,-0.04053179547190666,mid,vb1,0.0,1.0,0.7843621969223022,0.7843621969223022,0.0
8.0,44.0,-0.26515936851501465,1.0,-0.7033640742301941,girl,girlsch,-0.04053179547190666,mid,vb2,0.0,1.0,-0.7033640742301941,-0.7033640742301941,0.0
8.0,45.0,-1.029066801071167,1.0,-1.364575743675232,girl,girlsch,-0.04053179547190666,mid,vb3,0.0,1.0,-1.364575743675232,-1.364575743675232,0.0
8.0,46.0,-1.6237297058105469,1.0,-1.199272871017456,girl,girlsch,-0.04053179547190666,mid,vb3,0.0,1.0,-1.199272871017456,-1.199272871017456,0.0
8.0,47.0,0.9675859808921814,1.0,0.6190592646598816,girl,girlsch,-0.04053179547190666,mid,vb1,0.0,1.0,0.6190592646598816,0.6190592646598816,0.0
8.0,48.0,-0.12908467650413513,1.0,-1.4472272396087646,girl,girlsch,-0.04053179547190666,mid,vb3,0.0,1.0,-1.4472272396087646,-1.4472272396087646,0.0
8.0,49.0,-0.19761060178279877,1.0,-0.7033640742301941,girl,girlsch,-0.04053179547190666,mid,vb2,0.0,1.0,-0.7033640742301941,-0.7033640742301941,0.0
8.0,50.0,0.6107285618782043,1.0,-0.042152419686317444,girl,girlsch,-0.04053179547190666,mid,vb2,0.0,1.0,-0.042152419686317444,-0.042152419686317444,0.0
8.0,51.0,-1.8366867303848267,1.0,-0.7860155701637268,girl,girlsch,-0.04053179547190666,mid,vb2,0.0,1.0,-0.7860155701637268,-0.7860155701637268,0.0
8.0,52.0,-0.4198014438152313,1.0,2.8506486415863037,girl,girlsch,-0.04053179547190666,mid,vb1,0.0,1.0,2.8506486415863037,2.8506486415863037,0.0
8.0,53.0,-1.029066801071167,1.0,-0.6207126379013062,girl,girlsch,-0.04053179547190666,mid,vb2,0.0,1.0,-0.6207126379013062,-0.6207126379013062,0.0
8.0,54.0,0.5443409085273743,1.0,-0.7033640742301941,girl,girlsch,-0.04053179547190666,mid,vb2,0.0,1.0,-0.7033640742301941,-0.7033640742301941,0.0
8.0,55.0,1.8138266801834106,1.0,0.9496650099754333,girl,girlsch,-0.04053179547190666,mid,vb1,0.0,1.0,0.9496650099754333,0.9496650099754333,0.0
8.0,56.0,0.004321751184761524,1.0,0.28845342993736267,girl,girlsch,-0.04053179547190666,mid,vb1,0.0,1.0,0.28845342993736267,0.28845342993736267,0.0
8.0,57.0,-1.3353148698806763,1.0,0.6190592646598816,girl,girlsch,-0.04053179547190666,mid,vb1,0.0,1.0,0.6190592646598816,0.6190592646598816,0.0
8.0,58.0,0.1941491812467575,1.0,0.12315050512552261,girl,girlsch,-0.04053179547190666,mid,vb2,0.0,1.0,0.12315050512552261,0.12315050512552261,0.0
8.0,59.0,-0.776108980178833,1.0,-1.2819242477416992,girl,girlsch,-0.04053179547190666,mid,vb3,0.0,1.0,-1.2819242477416992,-1.2819242477416992,0.0
8.0,60.0,-0.06208816543221474,1.0,0.20580196380615234,girl,girlsch,-0.04053179547190666,mid,vb2,0.0,1.0,0.20580196380615234,0.20580196380615234,0.0
8.0,61.0,1.4395315647125244,1.0,0.12315050512552261,girl,girlsch,-0.04053179547190666,mid,vb2,0.0,1.0,0.12315050512552261,0.12315050512552261,0.0
8.0,62.0,0.328072190284729,1.0,-0.37275826930999756,girl,girlsch,-0.04053179547190666,mid,vb2,0.0,1.0,-0.37275826930999756,-0.37275826930999756,0.0
8.0,63.0,0.1941491812467575,1.0,-0.37275826930999756,girl,girlsch,-0.04053179547190666,mid,vb2,0.0,1.0,-0.37275826930999756,-0.37275826930999756,0.0
8.0,64.0,1.8138266801834106,1.0,-0.2074553370475769,girl,girlsch,-0.04053179547190666,mid,vb2,0.0,1.0,-0.2074553370475769,-0.2074553370475769,0.0
8.0,65.0,2.5323522090911865,1.0,2.8506486415863037,girl,girlsch,-0.04053179547190666,mid,vb1,0.0,1.0,2.8506486415863037,2.8506486415863037,0.0
8.0,66.0,0.328072190284729,1.0,-0.29010680317878723,girl,girlsch,-0.04053179547190666,mid,vb2,0.0,1.0,-0.29010680317878723,-0.29010680317878723,0.0
8.0,67.0,-0.4198014438152313,1.0,-0.6207126379013062,girl,girlsch,-0.04053179547190666,mid,vb2,0.0,1.0,-0.6207126379013062,-0.6207126379013062,0.0
8.0,68.0,-1.9620754718780518,1.0,0.8670135736465454,girl,girlsch,-0.04053179547190666,mid,vb1,0.0,1.0,0.8670135736465454,0.8670135736465454,0.0
8.0,69.0,-1.8366867303848267,1.0,-1.9431359767913818,girl,girlsch,-0.04053179547190666,mid,vb3,0.0,1.0,-1.9431359767913818,-1.9431359767913818,0.0
8.0,70.0,2.31360125541687,1.0,3.015951633453369,girl,girlsch,-0.04053179547190666,mid,vb1,0.0,1.0,3.015951633453369,3.015951633453369,0.0
8.0,71.0,-0.776108980178833,1.0,-0.8686670064926147,girl,girlsch,-0.04053179547190666,mid,vb2,0.0,1.0,-0.8686670064926147,-0.8686670064926147,0.0
8.0,72.0,0.4026685655117035,1.0,0.28845342993736267,girl,girlsch,-0.04053179547190666,mid,vb2,0.0,1.0,0.28845342993736267,0.28845342993736267,0.0
8.0,73.0,-0.19761060178279877,1.0,-0.4554097056388855,girl,girlsch,-0.04053179547190666,mid,vb2,0.0,1.0,-0.4554097056388855,-0.4554097056388855,0.0
8.0,74.0,-0.12908467650413513,1.0,-0.2074553370475769,girl,girlsch,-0.04053179547190666,mid,vb2,0.0,1.0,-0.2074553370475769,-0.2074553370475769,0.0
8.0,75.0,-2.1086435317993164,1.0,0.3711048662662506,girl,girlsch,-0.04053179547190666,mid,vb2,0.0,1.0,0.3711048662662506,0.3711048662662506,0.0
8.0,76.0,0.13406679034233093,1.0,0.12315050512552261,girl,girlsch,-0.04053179547190666,mid,vb2,0.0,1.0,0.12315050512552261,0.12315050512552261,0.0
8.0,77.0,1.7348991632461548,1.0,2.0241341590881348,girl,girlsch,-0.04053179547190666,mid,vb1,0.0,1.0,2.0241341590881348,2.0241341590881348,0.0
8.0,78.0,0.07353636622428894,1.0,-0.042152419686317444,girl,girlsch,-0.04053179547190666,mid,vb2,0.0,1.0,-0.042152419686317444,-0.042152419686317444,0.0
8.0,79.0,-0.5551124811172485,1.0,-0.2074553370475769,girl,girlsch,-0.04053179547190666,mid,vb2,0.0,1.0,-0.2074553370475769,-0.2074553370475769,0.0
8.0,80.0,0.1941491812467575,1.0,0.12315050512552261,girl,girlsch,-0.04053179547190666,mid,vb2,0.0,1.0,0.12315050512552261,0.12315050512552261,0.0
8.0,81.0,-0.5551124811172485,1.0,-0.5380612015724182,girl,girlsch,-0.04053179547190666,mid,vb2,0.0,1.0,-0.5380612015724182,-0.5380612015724182,0.0
8.0,82.0,-1.438662052154541,1.0,-2.025787353515625,girl,girlsch,-0.04053179547190666,mid,vb3,0.0,1.0,-2.025787353515625,-2.025787353515625,0.0
8.0,83.0,-0.4927808344364166,1.0,1.2802709341049194,girl,girlsch,-0.04053179547190666,mid,vb1,0.0,1.0,1.2802709341049194,1.2802709341049194,0.0
8.0,84.0,-0.4927808344364166,1.0,-0.29010680317878723,girl,girlsch,-0.04053179547190666,mid,vb2,0.0,1.0,-0.29010680317878723,-0.29010680317878723,0.0
8.0,85.0,1.661805510520935,1.0,1.2802709341049194,girl,girlsch,-0.04053179547190666,mid,vb1,0.0,1.0,1.2802709341049194,1.2802709341049194,0.0
8.0,86.0,-0.5551124811172485,1.0,-0.5380612015724182,girl,girlsch,-0.04053179547190666,mid,vb2,0.0,1.0,-0.5380612015724182,-0.5380612015724182,0.0
8.0,87.0,-1.438662052154541,1.0,-2.1910903453826904,girl,girlsch,-0.04053179547190666,mid,vb3,0.0,1.0,-2.1910903453826904,-2.1910903453826904,0.0
8.0,88.0,-0.6230506896972656,1.0,-1.0339698791503906,girl,girlsch,-0.04053179547190666,mid,vb2,0.0,1.0,-1.0339698791503906,-1.0339698791503906,0.0
8.0,89.0,-0.9393776655197144,1.0,1.0323165655136108,girl,girlsch,-0.04053179547190666,mid,vb1,0.0,1.0,1.0323165655136108,1.0323165655136108,0.0
8.0,90.0,-0.33884158730506897,1.0,0.040499038994312286,girl,girlsch,-0.04053179547190666,mid,vb2,0.0,1.0,0.040499038994312286,0.040499038994312286,0.0
8.0,91.0,1.2405332326889038,1.0,0.5364077687263489,girl,girlsch,-0.04053179547190666,mid,vb2,0.0,1.0,0.5364077687263489,0.5364077687263489,0.0
8.0,92.0,0.6107285618782043,1.0,0.6190592646598816,girl,girlsch,-0.04053179547190666,mid,vb1,0.0,1.0,0.6190592646598816,0.6190592646598816,0.0
8.0,93.0,-0.06208816543221474,1.0,-0.5380612015724182,girl,girlsch,-0.04053179547190666,mid,vb2,0.0,1.0,-0.5380612015724182,-0.5380612015724182,0.0
8.0,94.0,-2.2917308807373047,1.0,-2.439044713973999,girl,girlsch,-0.04053179547190666,mid,vb3,0.0,1.0,-2.439044713973999,-2.439044713973999,0.0
8.0,95.0,0.07353636622428894,1.0,-0.6207126379013062,girl,girlsch,-0.04053179547190666,mid,vb2,0.0,1.0,-0.6207126379013062,-0.6207126379013062,0.0
8.0,96.0,-0.4927808344364166,1.0,0.040499038994312286,girl,girlsch,-0.04053179547190666,mid,vb2,0.0,1.0,0.040499038994312286,0.040499038994312286,0.0
8.0,97.0,-0.6995050311088562,1.0,-0.4554097056388855,girl,girlsch,-0.04053179547190666,mid,vb2,0.0,1.0,-0.4554097056388855,-0.4554097056388855,0.0
8.0,98.0,-1.8366867303848267,1.0,-0.8686670064926147,girl,girlsch,-0.04053179547190666,mid,vb2,0.0,1.0,-0.8686670064926147,-0.8686670064926147,0.0
8.0,99.0,-1.3353148698806763,1.0,-0.7860155701637268,girl,girlsch,-0.04053179547190666,mid,vb2,0.0,1.0,-0.7860155701637268,-0.7860155701637268,0.0
8.0,100.0,0.328072190284729,1.0,0.20580196380615234,girl,girlsch,-0.04053179547190666,mid,vb2,0.0,1.0,0.20580196380615234,0.20580196380615234,0.0
8.0,101.0,0.2613244652748108,1.0,0.20580196380615234,girl,girlsch,-0.04053179547190666,mid,vb2,0.0,1.0,0.20580196380615234,0.20580196380615234,0.0
8.0,102.0,1.3101423978805542,1.0,0.7843621969223022,girl,girlsch,-0.04053179547190666,mid,vb1,0.0,1.0,0.7843621969223022,0.7843621969223022,0.0
16.0,1.0,0.4781937301158905,1.0,0.9496650099754333,girl,girlsch,0.32320448756217957,high,vb2,0.0,1.0,0.9496650099754333,0.9496650099754333,0.0
16.0,2.0,-0.8526700735092163,1.0,0.45375630259513855,girl,girlsch,0.32320448756217957,high,vb2,0.0,1.0,0.45375630259513855,0.45375630259513855,0.0
16.0,3.0,0.7472277283668518,1.0,-1.2819242477416992,girl,girlsch,0.32320448756217957,high,vb2,0.0,1.0,-1.2819242477416992,-1.2819242477416992,0.0
16.0,4.0,1.0396080017089844,1.0,0.5364077687263489,girl,girlsch,0.32320448756217957,high,vb2,0.0,1.0,0.5364077687263489,0.5364077687263489,0.0
16.0,5.0,0.821988046169281,1.0,1.1149680614471436,girl,girlsch,0.32320448756217957,high,vb1,0.0,1.0,1.1149680614471436,1.1149680614471436,0.0
16.0,6.0,-0.776108980178833,1.0,0.6190592646598816,girl,girlsch,0.32320448756217957,high,vb1,0.0,1.0,0.6190592646598816,0.6190592646598816,0.0
16.0,7.0,-0.12908467650413513,1.0,0.8670135736465454,girl,girlsch,0.32320448756217957,high,vb2,0.0,1.0,0.8670135736465454,0.8670135736465454,0.0
16.0,8.0,0.004321751184761524,1.0,1.4455738067626953,girl,girlsch,0.32320448756217957,high,vb1,0.0,1.0,1.4455738067626953,1.4455738067626953,0.0
16.0,9.0,0.678758978843689,1.0,1.9414825439453125,girl,girlsch,0.32320448756217957,high,vb1,0.0,1.0,1.9414825439453125,1.9414825439453125,0.0
16.0,10.0,-0.06208816543221474,1.0,1.3629224300384521,girl,girlsch,0.32320448756217957,high,vb2,0.0,1.0,1.3629224300384521,1.3629224300384521,0.0
16.0,11.0,-0.06208816543221474,1.0,-0.5380612015724182,girl,girlsch,0.32320448756217957,high,vb2,0.0,1.0,-0.5380612015724182,-0.5380612015724182,0.0
16.0,12.0,-0.8526700735092163,1.0,2.2720885276794434,girl,girlsch,0.32320448756217957,high,vb2,0.0,1.0,2.2720885276794434,2.2720885276794434,0.0
16.0,13.0,0.1941491812467575,1.0,0.9496650099754333,girl,girlsch,0.32320448756217957,high,vb1,0.0,1.0,0.9496650099754333,0.9496650099754333,0.0
16.0,14.0,0.004321751184761524,1.0,0.3711048662662506,girl,girlsch,0.32320448756217957,high,vb1,0.0,1.0,0.3711048662662506,0.3711048662662506,0.0
16.0,15.0,-0.26515936851501465,1.0,-0.042152419686317444,girl,girlsch,0.32320448756217957,high,vb2,0.0,1.0,-0.042152419686317444,-0.042152419686317444,0.0
16.0,16.0,-1.9620754718780518,1.0,-0.042152419686317444,girl,girlsch,0.32320448756217957,high,vb2,0.0,1.0,-0.042152419686317444,-0.042152419686317444,0.0
16.0,17.0,0.6107285618782043,1.0,1.1149680614471436,girl,girlsch,0.32320448756217957,high,vb1,0.0,1.0,1.1149680614471436,1.1149680614471436,0.0
16.0,18.0,0.004321751184761524,1.0,1.0323165655136108,girl,girlsch,0.32320448756217957,high,vb1,0.0,1.0,1.0323165655136108,1.0323165655136108,0.0
16.0,19.0,-0.9393776655197144,1.0,-0.6207126379013062,girl,girlsch,0.32320448756217957,high,vb2,0.0,1.0,-0.6207126379013062,-0.6207126379013062,0.0
16.0,20.0,0.328072190284729,1.0,-0.4554097056388855,girl,girlsch,0.32320448756217957,high,vb2,0.0,1.0,-0.4554097056388855,-0.4554097056388855,0.0
16.0,21.0,-0.4927808344364166,1.0,0.3711048662662506,girl,girlsch,0.32320448756217957,high,vb2,0.0,1.0,0.3711048662662506,0.3711048662662506,0.0
16.0,22.0,0.4026685655117035,1.0,1.4455738067626953,girl,girlsch,0.32320448756217957,high,vb1,0.0,1.0,1.4455738067626953,1.4455738067626953,0.0
16.0,23.0,-0.12908467650413513,1.0,0.3711048662662506,girl,girlsch,0.32320448756217957,high,vb2,0.0,1.0,0.3711048662662506,0.3711048662662506,0.0
16.0,24.0,-1.7238824367523193,1.0,-0.29010680317878723,girl,girlsch,0.32320448756217957,high,vb2,0.0,1.0,-0.29010680317878723,-0.29010680317878723,0.0
16.0,25.0,-2.1086435317993164,1.0,0.040499038994312286,girl,girlsch,0.32320448756217957,high,vb2,0.0,1.0,0.040499038994312286,0.040499038994312286,0.0
16.0,26.0,-0.9393776655197144,1.0,0.45375630259513855,girl,girlsch,0.32320448756217957,high,vb2,0.0,1.0,0.45375630259513855,0.45375630259513855,0.0
16.0,27.0,0.328072190284729,1.0,-0.042152419686317444,girl,girlsch,0.32320448756217957,high,vb1,0.0,1.0,-0.042152419686317444,-0.042152419686317444,0.0
16.0,28.0,0.328072190284729,1.0,0.6190592646598816,girl,girlsch,0.32320448756217957,high,vb2,0.0,1.0,0.6190592646598816,0.6190592646598816,0.0
16.0,29.0,-0.6995050311088562,1.0,-0.6207126379013062,girl,girlsch,0.32320448756217957,high,vb2,0.0,1.0,-0.6207126379013062,-0.6207126379013062,0.0
16.0,30.0,-0.4198014438152313,1.0,1.2802709341049194,girl,girlsch,0.32320448756217957,high,vb2,0.0,1.0,1.2802709341049194,1.2802709341049194,0.0
16.0,31.0,-0.26515936851501465,1.0,0.6190592646598816,girl,girlsch,0.32320448756217957,high,vb1,0.0,1.0,0.6190592646598816,0.6190592646598816,0.0
16.0,32.0,-0.06208816543221474,1.0,0.5364077687263489,girl,girlsch,0.32320448756217957,high,vb2,0.0,1.0,0.5364077687263489,0.5364077687263489,0.0
16.0,33.0,-0.4927808344364166,1.0,-0.2074553370475769,girl,girlsch,0.32320448756217957,high,vb2,0.0,1.0,-0.2074553370475769,-0.2074553370475769,0.0
16.0,34.0,-1.029066801071167,1.0,-0.7860155701637268,girl,girlsch,0.32320448756217957,high,vb3,0.0,1.0,-0.7860155701637268,-0.7860155701637268,0.0
16.0,35.0,-1.9620754718780518,1.0,-0.6207126379013062,girl,girlsch,0.32320448756217957,high,vb2,0.0,1.0,-0.6207126379013062,-0.6207126379013062,0.0
16.0,36.0,0.328072190284729,1.0,0.8670135736465454,girl,girlsch,0.32320448756217957,high,vb2,0.0,1.0,0.8670135736465454,0.8670135736465454,0.0
16.0,37.0,-1.6237297058105469,1.0,0.28845342993736267,girl,girlsch,0.32320448756217957,high,vb2,0.0,1.0,0.28845342993736267,0.28845342993736267,0.0
16.0,38.0,0.4781937301158905,1.0,0.5364077687263489,girl,girlsch,0.32320448756217957,high,vb2,0.0,1.0,0.5364077687263489,0.5364077687263489,0.0
16.0,39.0,0.821988046169281,1.0,0.12315050512552261,girl,girlsch,0.32320448756217957,high,vb1,0.0,1.0,0.12315050512552261,0.12315050512552261,0.0
16.0,40.0,-0.776108980178833,1.0,-0.37275826930999756,girl,girlsch,0.32320448756217957,high,vb2,0.0,1.0,-0.37275826930999756,-0.37275826930999756,0.0
16.0,41.0,0.6107285618782043,1.0,0.5364077687263489,girl,girlsch,0.32320448756217957,high,vb1,0.0,1.0,0.5364077687263489,0.5364077687263489,0.0
16.0,42.0,-0.6230506896972656,1.0,-0.29010680317878723,girl,girlsch,0.32320448756217957,high,vb2,0.0,1.0,-0.29010680317878723,-0.29010680317878723,0.0
16.0,43.0,-0.4198014438152313,1.0,0.6190592646598816,girl,girlsch,0.32320448756217957,high,vb2,0.0,1.0,0.6190592646598816,0.6190592646598816,0.0
16.0,44.0,-1.5266530513763428,1.0,-0.6207126379013062,girl,girlsch,0.32320448756217957,high,vb2,0.0,1.0,-0.6207126379013062,-0.6207126379013062,0.0
16.0,45.0,-0.5551124811172485,1.0,1.2802709341049194,girl,girlsch,0.32320448756217957,high,vb2,0.0,1.0,1.2802709341049194,1.2802709341049194,0.0
16.0,46.0,-1.3353148698806763,1.0,-1.5298787355422974,girl,girlsch,0.32320448756217957,high,vb2,0.0,1.0,-1.5298787355422974,-1.5298787355422974,0.0
16.0,47.0,-0.26515936851501465,1.0,-0.12480387836694717,girl,girlsch,0.32320448756217957,high,vb2,0.0,1.0,-0.12480387836694717,-0.12480387836694717,0.0
16.0,48.0,-1.2194855213165283,1.0,-0.37275826930999756,girl,girlsch,0.32320448756217957,high,vb3,0.0,1.0,-0.37275826930999756,-0.37275826930999756,0.0
16.0,49.0,-0.19761060178279877,1.0,0.8670135736465454,girl,girlsch,0.32320448756217957,high,vb1,0.0,1.0,0.8670135736465454,0.8670135736465454,0.0
16.0,50.0,-0.4198014438152313,1.0,0.28845342993736267,girl,girlsch,0.32320448756217957,high,vb2,0.0,1.0,0.28845342993736267,0.28845342993736267,0.0
16.0,51.0,-0.12908467650413513,1.0,0.20580196380615234,girl,girlsch,0.32320448756217957,high,vb2,0.0,1.0,0.20580196380615234,0.20580196380615234,0.0
16.0,52.0,-0.33884158730506897,1.0,-1.6951816082000732,girl,girlsch,0.32320448756217957,high,vb2,0.0,1.0,-1.6951816082000732,-1.6951816082000732,0.0
16.0,53.0,-0.4198014438152313,1.0,1.6108767986297607,girl,girlsch,0.32320448756217957,high,vb2,0.0,1.0,1.6108767986297607,1.6108767986297607,0.0
16.0,54.0,-0.776108980178833,1.0,-1.364575743675232,girl,girlsch,0.32320448756217957,high,vb3,0.0,1.0,-1.364575743675232,-1.364575743675232,0.0
16.0,55.0,-0.6230506896972656,1.0,-0.12480387836694717,girl,girlsch,0.32320448756217957,high,vb2,0.0,1.0,-0.12480387836694717,-0.12480387836694717,0.0
16.0,56.0,0.13406679034233093,1.0,0.6190592646598816,girl,girlsch,0.32320448756217957,high,vb2,0.0,1.0,0.6190592646598816,0.6190592646598816,0.0
16.0,57.0,0.13406679034233093,1.0,0.040499038994312286,girl,girlsch,0.32320448756217957,high,vb2,0.0,1.0,0.040499038994312286,0.040499038994312286,0.0
16.0,58.0,0.678758978843689,1.0,1.4455738067626953,girl,girlsch,0.32320448756217957,high,vb1,0.0,1.0,1.4455738067626953,1.4455738067626953,0.0
16.0,59.0,0.4026685655117035,1.0,0.20580196380615234,girl,girlsch,0.32320448756217957,high,vb2,0.0,1.0,0.20580196380615234,0.20580196380615234,0.0
16.0,60.0,0.6107285618782043,1.0,0.7017107009887695,girl,girlsch,0.32320448756217957,high,vb1,0.0,1.0,0.7017107009887695,0.7017107009887695,0.0
16.0,61.0,1.2405332326889038,1.0,1.1976194381713867,girl,girlsch,0.32320448756217957,high,vb1,0.0,1.0,1.1976194381713867,1.1976194381713867,0.0
16.0,62.0,-1.2194855213165283,1.0,-0.042152419686317444,girl,girlsch,0.32320448756217957,high,vb2,0.0,1.0,-0.042152419686317444,-0.042152419686317444,0.0
16.0,63.0,0.004321751184761524,1.0,0.6190592646598816,girl,girlsch,0.32320448756217957,high,vb1,0.0,1.0,0.6190592646598816,0.6190592646598816,0.0
16.0,64.0,0.13406679034233093,1.0,0.8670135736465454,girl,girlsch,0.32320448756217957,high,vb1,0.0,1.0,0.8670135736465454,0.8670135736465454,0.0
16.0,65.0,-0.33884158730506897,1.0,-0.12480387836694717,girl,girlsch,0.32320448756217957,high,vb2,0.0,1.0,-0.12480387836694717,-0.12480387836694717,0.0
16.0,66.0,0.9675859808921814,1.0,1.1976194381713867,girl,girlsch,0.32320448756217957,high,vb1,0.0,1.0,1.1976194381713867,1.1976194381713867,0.0
16.0,67.0,0.6107285618782043,1.0,1.4455738067626953,girl,girlsch,0.32320448756217957,high,vb1,0.0,1.0,1.4455738067626953,1.4455738067626953,0.0
16.0,68.0,0.678758978843689,1.0,0.7017107009887695,girl,girlsch,0.32320448756217957,high,vb1,0.0,1.0,0.7017107009887695,0.7017107009887695,0.0
16.0,69.0,-0.5551124811172485,1.0,-0.29010680317878723,girl,girlsch,0.32320448756217957,high,vb2,0.0,1.0,-0.29010680317878723,-0.29010680317878723,0.0
16.0,70.0,-0.12908467650413513,1.0,0.12315050512552261,girl,girlsch,0.32320448756217957,high,vb2,0.0,1.0,0.12315050512552261,0.12315050512552261,0.0
16.0,71.0,-0.26515936851501465,1.0,1.0323165655136108,girl,girlsch,0.32320448756217957,high,vb2,0.0,1.0,1.0323165655136108,1.0323165655136108,0.0
16.0,72.0,-0.6995050311088562,1.0,-0.8686670064926147,girl,girlsch,0.32320448756217957,high,vb2,0.0,1.0,-0.8686670064926147,-0.8686670064926147,0.0
16.0,73.0,0.5443409085273743,1.0,1.0323165655136108,girl,girlsch,0.32320448756217957,high,vb1,0.0,1.0,1.0323165655136108,1.0323165655136108,0.0
16.0,74.0,-1.2194855213165283,1.0,-1.6125301122665405,girl,girlsch,0.32320448756217957,high,vb3,0.0,1.0,-1.6125301122665405,-1.6125301122665405,0.0
16.0,75.0,-0.9393776655197144,1.0,0.20580196380615234,girl,girlsch,0.32320448756217957,high,vb2,0.0,1.0,0.20580196380615234,0.20580196380615234,0.0
16.0,76.0,-0.776108980178833,1.0,0.12315050512552261,girl,girlsch,0.32320448756217957,high,vb2,0.0,1.0,0.12315050512552261,0.12315050512552261,0.0
16.0,77.0,-0.33884158730506897,1.0,-0.9513183832168579,girl,girlsch,0.32320448756217957,high,vb2,0.0,1.0,-0.9513183832168579,-0.9513183832168579,0.0
16.0,78.0,-0.33884158730506897,1.0,0.6190592646598816,girl,girlsch,0.32320448756217957,high,vb2,0.0,1.0,0.6190592646598816,0.6190592646598816,0.0
16.0,79.0,-0.4927808344364166,1.0,-0.6207126379013062,girl,girlsch,0.32320448756217957,high,vb2,0.0,1.0,-0.6207126379013062,-0.6207126379013062,0.0
16.0,80.0,0.004321751184761524,1.0,1.9414825439453125,girl,girlsch,0.32320448756217957,high,vb1,0.0,1.0,1.9414825439453125,1.9414825439453125,0.0
16.0,81.0,-0.8526700735092163,1.0,-0.29010680317878723,girl,girlsch,0.32320448756217957,high,vb2,0.0,1.0,-0.29010680317878723,-0.29010680317878723,0.0
16.0,82.0,-0.12908467650413513,1.0,1.1976194381713867,girl,girlsch,0.32320448756217957,high,vb2,0.0,1.0,1.1976194381713867,1.1976194381713867,0.0
16.0,83.0,-0.776108980178833,1.0,0.45375630259513855,girl,girlsch,0.32320448756217957,high,vb1,0.0,1.0,0.45375630259513855,0.45375630259513855,0.0
16.0,84.0,0.8965656757354736,1.0,0.5364077687263489,girl,girlsch,0.32320448756217957,high,vb1,0.0,1.0,0.5364077687263489,0.5364077687263489,0.0
16.0,85.0,-0.776108980178833,1.0,0.3711048662662506,girl,girlsch,0.32320448756217957,high,vb1,0.0,1.0,0.3711048662662506,0.3711048662662506,0.0
16.0,86.0,0.004321751184761524,1.0,0.5364077687263489,girl,girlsch,0.32320448756217957,high,vb2,0.0,1.0,0.5364077687263489,0.5364077687263489,0.0
16.0,87.0,0.4026685655117035,1.0,1.1149680614471436,girl,girlsch,0.32320448756217957,high,vb1,0.0,1.0,1.1149680614471436,1.1149680614471436,0.0
16.0,88.0,-0.6995050311088562,1.0,-1.0339698791503906,girl,girlsch,0.32320448756217957,high,vb3,0.0,1.0,-1.0339698791503906,-1.0339698791503906,0.0
18.0,1.0,-1.3353148698806763,1.0,0.040499038994312286,girl,girlsch,0.14243586361408234,mid,vb2,0.0,1.0,0.040499038994312286,0.040499038994312286,0.0
18.0,2.0,2.2031209468841553,1.0,1.6108767986297607,girl,girlsch,0.14243586361408234,mid,vb1,0.0,1.0,1.6108767986297607,1.6108767986297607,0.0
18.0,3.0,-0.6995050311088562,1.0,-0.6207126379013062,girl,girlsch,0.14243586361408234,mid,vb2,0.0,1.0,-0.6207126379013062,-0.6207126379013062,0.0
18.0,4.0,-0.12908467650413513,1.0,-0.6207126379013062,girl,girlsch,0.14243586361408234,mid,vb2,0.0,1.0,-0.6207126379013062,-0.6207126379013062,0.0
18.0,5.0,-0.4198014438152313,1.0,0.5364077687263489,girl,girlsch,0.14243586361408234,mid,vb2,0.0,1.0,0.5364077687263489,0.5364077687263489,0.0
18.0,6.0,0.821988046169281,1.0,-0.4554097056388855,girl,girlsch,0.14243586361408234,mid,vb1,0.0,1.0,-0.4554097056388855,-0.4554097056388855,0.0
18.0,7.0,-0.4198014438152313,1.0,-0.12480387836694717,girl,girlsch,0.14243586361408234,mid,vb2,0.0,1.0,-0.12480387836694717,-0.12480387836694717,0.0
18.0,8.0,-0.4927808344364166,1.0,0.040499038994312286,girl,girlsch,0.14243586361408234,mid,vb2,0.0,1.0,0.040499038994312286,0.040499038994312286,0.0
18.0,9.0,-0.6995050311088562,1.0,0.9496650099754333,girl,girlsch,0.14243586361408234,mid,vb2,0.0,1.0,0.9496650099754333,0.9496650099754333,0.0
18.0,10.0,-0.12908467650413513,1.0,-0.042152419686317444,girl,girlsch,0.14243586361408234,mid,vb2,0.0,1.0,-0.042152419686317444,-0.042152419686317444,0.0
18.0,11.0,0.678758978843689,1.0,-0.042152419686317444,girl,girlsch,0.14243586361408234,mid,vb1,0.0,1.0,-0.042152419686317444,-0.042152419686317444,0.0
18.0,12.0,0.7472277283668518,1.0,0.20580196380615234,girl,girlsch,0.14243586361408234,mid,vb1,0.0,1.0,0.20580196380615234,0.20580196380615234,0.0
18.0,13.0,-0.4927808344364166,1.0,0.28845342993736267,girl,girlsch,0.14243586361408234,mid,vb2,0.0,1.0,0.28845342993736267,0.28845342993736267,0.0
18.0,14.0,-0.6995050311088562,1.0,-1.0339698791503906,girl,girlsch,0.14243586361408234,mid,vb2,0.0,1.0,-1.0339698791503906,-1.0339698791503906,0.0
18.0,15.0,-1.1186243295669556,1.0,0.6190592646598816,girl,girlsch,0.14243586361408234,mid,vb2,0.0,1.0,0.6190592646598816,0.6190592646598816,0.0
18.0,16.0,-0.19761060178279877,1.0,0.7843621969223022,girl,girlsch,0.14243586361408234,mid,vb2,0.0,1.0,0.7843621969223022,0.7843621969223022,0.0
18.0,17.0,0.328072190284729,1.0,0.9496650099754333,girl,girlsch,0.14243586361408234,mid,vb1,0.0,1.0,0.9496650099754333,0.9496650099754333,0.0
18.0,18.0,-1.029066801071167,1.0,0.28845342993736267,girl,girlsch,0.14243586361408234,mid,vb2,0.0,1.0,0.28845342993736267,0.28845342993736267,0.0
18.0,19.0,0.004321751184761524,1.0,0.040499038994312286,girl,girlsch,0.14243586361408234,mid,vb2,0.0,1.0,0.040499038994312286,0.040499038994312286,0.0
18.0,20.0,0.9675859808921814,1.0,0.8670135736465454,girl,girlsch,0.14243586361408234,mid,vb1,0.0,1.0,0.8670135736465454,0.8670135736465454,0.0
18.0,21.0,-0.33884158730506897,1.0,0.040499038994312286,girl,girlsch,0.14243586361408234,mid,vb2,0.0,1.0,0.040499038994312286,0.040499038994312286,0.0
18.0,22.0,0.4026685655117035,1.0,0.45375630259513855,girl,girlsch,0.14243586361408234,mid,vb1,0.0,1.0,0.45375630259513855,0.45375630259513855,0.0
18.0,23.0,0.004321751184761524,1.0,0.5364077687263489,girl,girlsch,0.14243586361408234,mid,vb1,0.0,1.0,0.5364077687263489,0.5364077687263489,0.0
18.0,24.0,0.5443409085273743,1.0,-0.042152419686317444,girl,girlsch,0.14243586361408234,mid,vb2,0.0,1.0,-0.042152419686317444,-0.042152419686317444,0.0
18.0,25.0,-0.26515936851501465,1.0,-0.37275826930999756,girl,girlsch,0.14243586361408234,mid,vb2,0.0,1.0,-0.37275826930999756,-0.37275826930999756,0.0
18.0,26.0,-0.4198014438152313,1.0,0.5364077687263489,girl,girlsch,0.14243586361408234,mid,vb1,0.0,1.0,0.5364077687263489,0.5364077687263489,0.0
18.0,27.0,-0.776108980178833,1.0,0.12315050512552261,girl,girlsch,0.14243586361408234,mid,vb2,0.0,1.0,0.12315050512552261,0.12315050512552261,0.0
18.0,28.0,-1.7238824367523193,1.0,-0.29010680317878723,girl,girlsch,0.14243586361408234,mid,vb2,0.0,1.0,-0.29010680317878723,-0.29010680317878723,0.0
18.0,29.0,-0.12908467650413513,1.0,-0.8686670064926147,girl,girlsch,0.14243586361408234,mid,vb2,0.0,1.0,-0.8686670064926147,-0.8686670064926147,0.0
18.0,30.0,-1.1186243295669556,1.0,0.5364077687263489,girl,girlsch,0.14243586361408234,mid,vb2,0.0,1.0,0.5364077687263489,0.5364077687263489,0.0
18.0,31.0,0.2613244652748108,1.0,0.12315050512552261,girl,girlsch,0.14243586361408234,mid,vb1,0.0,1.0,0.12315050512552261,0.12315050512552261,0.0
18.0,32.0,-0.6995050311088562,1.0,0.040499038994312286,girl,girlsch,0.14243586361408234,mid,vb2,0.0,1.0,0.040499038994312286,0.040499038994312286,0.0
18.0,33.0,1.2405332326889038,1.0,-1.4472272396087646,girl,girlsch,0.14243586361408234,mid,vb1,0.0,1.0,-1.4472272396087646,-1.4472272396087646,0.0
18.0,34.0,-0.776108980178833,1.0,-0.2074553370475769,girl,girlsch,0.14243586361408234,mid,vb2,0.0,1.0,-0.2074553370475769,-0.2074553370475769,0.0
18.0,35.0,0.4781937301158905,1.0,-0.7033640742301941,girl,girlsch,0.14243586361408234,mid,vb2,0.0,1.0,-0.7033640742301941,-0.7033640742301941,0.0
18.0,36.0,-1.3353148698806763,1.0,-0.6207126379013062,girl,girlsch,0.14243586361408234,mid,vb2,0.0,1.0,-0.6207126379013062,-0.6207126379013062,0.0
18.0,37.0,0.1941491812467575,1.0,0.3711048662662506,girl,girlsch,0.14243586361408234,mid,vb1,0.0,1.0,0.3711048662662506,0.3711048662662506,0.0
18.0,38.0,0.8965656757354736,1.0,0.28845342993736267,girl,girlsch,0.14243586361408234,mid,vb2,0.0,1.0,0.28845342993736267,0.28845342993736267,0.0
18.0,39.0,1.661805510520935,1.0,-0.5380612015724182,girl,girlsch,0.14243586361408234,mid,vb2,0.0,1.0,-0.5380612015724182,-0.5380612015724182,0.0
18.0,40.0,-0.5551124811172485,1.0,-0.6207126379013062,girl,girlsch,0.14243586361408234,mid,vb2,0.0,1.0,-0.6207126379013062,-0.6207126379013062,0.0
18.0,41.0,-0.06208816543221474,1.0,0.8670135736465454,girl,girlsch,0.14243586361408234,mid,vb2,0.0,1.0,0.8670135736465454,0.8670135736465454,0.0
18.0,42.0,0.5443409085273743,1.0,-0.042152419686317444,girl,girlsch,0.14243586361408234,mid,vb2,0.0,1.0,-0.042152419686317444,-0.042152419686317444,0.0
18.0,43.0,-0.12908467650413513,1.0,0.45375630259513855,girl,girlsch,0.14243586361408234,mid,vb2,0.0,1.0,0.45375630259513855,0.45375630259513855,0.0
18.0,44.0,1.4395315647125244,1.0,0.5364077687263489,girl,girlsch,0.14243586361408234,mid,vb1,0.0,1.0,0.5364077687263489,0.5364077687263489,0.0
18.0,45.0,0.004321751184761524,1.0,0.5364077687263489,girl,girlsch,0.14243586361408234,mid,vb1,0.0,1.0,0.5364077687263489,0.5364077687263489,0.0
18.0,46.0,0.004321751184761524,1.0,0.6190592646598816,girl,girlsch,0.14243586361408234,mid,vb1,0.0,1.0,0.6190592646598816,0.6190592646598816,0.0
18.0,47.0,-0.26515936851501465,1.0,0.040499038994312286,girl,girlsch,0.14243586361408234,mid,vb2,0.0,1.0,0.040499038994312286,0.040499038994312286,0.0
18.0,48.0,0.2613244652748108,1.0,0.12315050512552261,girl,girlsch,0.14243586361408234,mid,vb2,0.0,1.0,0.12315050512552261,0.12315050512552261,0.0
18.0,49.0,-1.029066801071167,1.0,0.7017107009887695,girl,girlsch,0.14243586361408234,mid,vb2,0.0,1.0,0.7017107009887695,0.7017107009887695,0.0
18.0,50.0,0.004321751184761524,1.0,0.3711048662662506,girl,girlsch,0.14243586361408234,mid,vb2,0.0,1.0,0.3711048662662506,0.3711048662662506,0.0
18.0,51.0,-0.6995050311088562,1.0,-0.9513183832168579,girl,girlsch,0.14243586361408234,mid,vb3,0.0,1.0,-0.9513183832168579,-0.9513183832168579,0.0
18.0,52.0,-0.06208816543221474,1.0,-0.6207126379013062,girl,girlsch,0.14243586361408234,mid,vb3,0.0,1.0,-0.6207126379013062,-0.6207126379013062,0.0
18.0,53.0,-0.26515936851501465,1.0,-0.2074553370475769,girl,girlsch,0.14243586361408234,mid,vb2,0.0,1.0,-0.2074553370475769,-0.2074553370475769,0.0
18.0,54.0,-0.4927808344364166,1.0,-0.7860155701637268,girl,girlsch,0.14243586361408234,mid,vb2,0.0,1.0,-0.7860155701637268,-0.7860155701637268,0.0
18.0,55.0,-0.6230506896972656,1.0,0.45375630259513855,girl,girlsch,0.14243586361408234,mid,vb2,0.0,1.0,0.45375630259513855,0.45375630259513855,0.0
18.0,56.0,1.4395315647125244,1.0,0.20580196380615234,girl,girlsch,0.14243586361408234,mid,vb2,0.0,1.0,0.20580196380615234,0.20580196380615234,0.0
18.0,57.0,-1.1186243295669556,1.0,-0.5380612015724182,girl,girlsch,0.14243586361408234,mid,vb2,0.0,1.0,-0.5380612015724182,-0.5380612015724182,0.0
18.0,58.0,0.678758978843689,1.0,0.3711048662662506,girl,girlsch,0.14243586361408234,mid,vb1,0.0,1.0,0.3711048662662506,0.3711048662662506,0.0
18.0,59.0,-0.26515936851501465,1.0,0.12315050512552261,girl,girlsch,0.14243586361408234,mid,vb2,0.0,1.0,0.12315050512552261,0.12315050512552261,0.0
18.0,60.0,-0.12908467650413513,1.0,0.3711048662662506,girl,girlsch,0.14243586361408234,mid,vb2,0.0,1.0,0.3711048662662506,0.3711048662662506,0.0
18.0,61.0,0.821988046169281,1.0,-1.4472272396087646,girl,girlsch,0.14243586361408234,mid,vb2,0.0,1.0,-1.4472272396087646,-1.4472272396087646,0.0
18.0,62.0,-0.26515936851501465,1.0,-0.6207126379013062,girl,girlsch,0.14243586361408234,mid,vb2,0.0,1.0,-0.6207126379013062,-0.6207126379013062,0.0
18.0,63.0,1.506184697151184,1.0,1.6108767986297607,girl,girlsch,0.14243586361408234,mid,vb1,0.0,1.0,1.6108767986297607,1.6108767986297607,0.0
18.0,64.0,0.2613244652748108,1.0,0.6190592646598816,girl,girlsch,0.14243586361408234,mid,vb2,0.0,1.0,0.6190592646598816,0.6190592646598816,0.0
18.0,65.0,-0.12908467650413513,1.0,-0.37275826930999756,girl,girlsch,0.14243586361408234,mid,vb1,0.0,1.0,-0.37275826930999756,-0.37275826930999756,0.0
18.0,66.0,1.4395315647125244,1.0,1.9414825439453125,girl,girlsch,0.14243586361408234,mid,vb1,0.0,1.0,1.9414825439453125,1.9414825439453125,0.0
18.0,67.0,-0.9393776655197144,1.0,1.1976194381713867,girl,girlsch,0.14243586361408234,mid,vb2,0.0,1.0,1.1976194381713867,1.1976194381713867,0.0
18.0,68.0,0.678758978843689,1.0,0.6190592646598816,girl,girlsch,0.14243586361408234,mid,vb2,0.0,1.0,0.6190592646598816,0.6190592646598816,0.0
18.0,69.0,0.9675859808921814,1.0,-0.12480387836694717,girl,girlsch,0.14243586361408234,mid,vb2,0.0,1.0,-0.12480387836694717,-0.12480387836694717,0.0
18.0,70.0,0.678758978843689,1.0,-0.4554097056388855,girl,girlsch,0.14243586361408234,mid,vb2,0.0,1.0,-0.4554097056388855,-0.4554097056388855,0.0
18.0,71.0,-0.6995050311088562,1.0,-0.042152419686317444,girl,girlsch,0.14243586361408234,mid,vb2,0.0,1.0,-0.042152419686317444,-0.042152419686317444,0.0
18.0,72.0,1.3747409582138062,1.0,1.2802709341049194,girl,girlsch,0.14243586361408234,mid,vb1,0.0,1.0,1.2802709341049194,1.2802709341049194,0.0
18.0,73.0,-0.4198014438152313,1.0,1.1149680614471436,girl,girlsch,0.14243586361408234,mid,vb2,0.0,1.0,1.1149680614471436,1.1149680614471436,0.0
18.0,74.0,-1.2194855213165283,1.0,-1.0339698791503906,girl,girlsch,0.14243586361408234,mid,vb2,0.0,1.0,-1.0339698791503906,-1.0339698791503906,0.0
18.0,75.0,-0.4198014438152313,1.0,0.9496650099754333,girl,girlsch,0.14243586361408234,mid,vb1,0.0,1.0,0.9496650099754333,0.9496650099754333,0.0
18.0,76.0,-0.6230506896972656,1.0,0.3711048662662506,girl,girlsch,0.14243586361408234,mid,vb2,0.0,1.0,0.3711048662662506,0.3711048662662506,0.0
18.0,77.0,-1.438662052154541,1.0,-0.6207126379013062,girl,girlsch,0.14243586361408234,mid,vb2,0.0,1.0,-0.6207126379013062,-0.6207126379013062,0.0
18.0,78.0,-1.029066801071167,1.0,-0.37275826930999756,girl,girlsch,0.14243586361408234,mid,vb2,0.0,1.0,-0.37275826930999756,-0.37275826930999756,0.0
18.0,79.0,0.6107285618782043,1.0,0.6190592646598816,girl,girlsch,0.14243586361408234,mid,vb1,0.0,1.0,0.6190592646598816,0.6190592646598816,0.0
18.0,80.0,0.9675859808921814,1.0,0.5364077687263489,girl,girlsch,0.14243586361408234,mid,vb1,0.0,1.0,0.5364077687263489,0.5364077687263489,0.0
18.0,81.0,1.4395315647125244,1.0,1.2802709341049194,girl,girlsch,0.14243586361408234,mid,vb1,0.0,1.0,1.2802709341049194,1.2802709341049194,0.0
18.0,82.0,-0.4927808344364166,1.0,-0.7860155701637268,girl,girlsch,0.14243586361408234,mid,vb2,0.0,1.0,-0.7860155701637268,-0.7860155701637268,0.0
18.0,83.0,-0.5551124811172485,1.0,-0.12480387836694717,girl,girlsch,0.14243586361408234,mid,vb2,0.0,1.0,-0.12480387836694717,-0.12480387836694717,0.0
18.0,84.0,0.004321751184761524,1.0,0.7017107009887695,girl,girlsch,0.14243586361408234,mid,vb1,0.0,1.0,0.7017107009887695,0.7017107009887695,0.0
18.0,85.0,1.3101423978805542,1.0,-0.042152419686317444,girl,girlsch,0.14243586361408234,mid,vb2,0.0,1.0,-0.042152419686317444,-0.042152419686317444,0.0
18.0,86.0,0.7472277283668518,1.0,-1.5298787355422974,girl,girlsch,0.14243586361408234,mid,vb2,0.0,1.0,-1.5298787355422974,-1.5298787355422974,0.0
18.0,87.0,-1.029066801071167,1.0,-0.37275826930999756,girl,girlsch,0.14243586361408234,mid,vb2,0.0,1.0,-0.37275826930999756,-0.37275826930999756,0.0
18.0,88.0,1.2405332326889038,1.0,-0.042152419686317444,girl,girlsch,0.14243586361408234,mid,vb1,0.0,1.0,-0.042152419686317444,-0.042152419686317444,0.0
18.0,89.0,-0.12908467650413513,1.0,-0.5380612015724182,girl,girlsch,0.14243586361408234,mid,vb3,0.0,1.0,-0.5380612015724182,-0.5380612015724182,0.0
18.0,90.0,-1.9620754718780518,1.0,-0.6207126379013062,girl,girlsch,0.14243586361408234,mid,vb3,0.0,1.0,-0.6207126379013062,-0.6207126379013062,0.0
18.0,91.0,0.4781937301158905,1.0,0.3711048662662506,girl,girlsch,0.14243586361408234,mid,vb2,0.0,1.0,0.3711048662662506,0.3711048662662506,0.0
18.0,92.0,-0.8526700735092163,1.0,0.3711048662662506,girl,girlsch,0.14243586361408234,mid,vb1,0.0,1.0,0.3711048662662506,0.3711048662662506,0.0
18.0,93.0,-1.029066801071167,1.0,-0.2074553370475769,girl,girlsch,0.14243586361408234,mid,vb2,0.0,1.0,-0.2074553370475769,-0.2074553370475769,0.0
18.0,94.0,0.328072190284729,1.0,0.45375630259513855,girl,girlsch,0.14243586361408234,mid,vb2,0.0,1.0,0.45375630259513855,0.45375630259513855,0.0
18.0,95.0,-2.1086435317993164,1.0,0.20580196380615234,girl,girlsch,0.14243586361408234,mid,vb2,0.0,1.0,0.20580196380615234,0.20580196380615234,0.0
18.0,96.0,-1.029066801071167,1.0,0.45375630259513855,girl,girlsch,0.14243586361408234,mid,vb1,0.0,1.0,0.45375630259513855,0.45375630259513855,0.0
18.0,97.0,0.004321751184761524,1.0,0.28845342993736267,girl,girlsch,0.14243586361408234,mid,vb2,0.0,1.0,0.28845342993736267,0.28845342993736267,0.0
18.0,98.0,1.175849437713623,1.0,0.45375630259513855,girl,girlsch,0.14243586361408234,mid,vb1,0.0,1.0,0.45375630259513855,0.45375630259513855,0.0
18.0,99.0,0.328072190284729,1.0,-0.7860155701637268,girl,girlsch,0.14243586361408234,mid,vb2,0.0,1.0,-0.7860155701637268,-0.7860155701637268,0.0
18.0,100.0,-0.776108980178833,1.0,-0.37275826930999756,girl,girlsch,0.14243586361408234,mid,vb2,0.0,1.0,-0.37275826930999756,-0.37275826930999756,0.0
18.0,101.0,0.821988046169281,1.0,0.5364077687263489,girl,girlsch,0.14243586361408234,mid,vb1,0.0,1.0,0.5364077687263489,0.5364077687263489,0.0
18.0,102.0,1.0396080017089844,1.0,0.8670135736465454,girl,girlsch,0.14243586361408234,mid,vb1,0.0,1.0,0.8670135736465454,0.8670135736465454,0.0
18.0,103.0,0.8965656757354736,1.0,0.12315050512552261,girl,girlsch,0.14243586361408234,mid,vb2,0.0,1.0,0.12315050512552261,0.12315050512552261,0.0
18.0,104.0,0.328072190284729,1.0,0.12315050512552261,girl,girlsch,0.14243586361408234,mid,vb2,0.0,1.0,0.12315050512552261,0.12315050512552261,0.0
18.0,105.0,0.678758978843689,1.0,0.3711048662662506,girl,girlsch,0.14243586361408234,mid,vb2,0.0,1.0,0.3711048662662506,0.3711048662662506,0.0
18.0,106.0,0.9675859808921814,1.0,1.1976194381713867,girl,girlsch,0.14243586361408234,mid,vb1,0.0,1.0,1.1976194381713867,1.1976194381713867,0.0
18.0,107.0,0.821988046169281,1.0,0.7017107009887695,girl,girlsch,0.14243586361408234,mid,vb2,0.0,1.0,0.7017107009887695,0.7017107009887695,0.0
18.0,108.0,-0.9393776655197144,1.0,-0.12480387836694717,girl,girlsch,0.14243586361408234,mid,vb2,0.0,1.0,-0.12480387836694717,-0.12480387836694717,0.0
18.0,109.0,0.07353636622428894,1.0,-0.7033640742301941,girl,girlsch,0.14243586361408234,mid,vb2,0.0,1.0,-0.7033640742301941,-0.7033640742301941,0.0
18.0,110.0,0.07353636622428894,1.0,0.3711048662662506,girl,girlsch,0.14243586361408234,mid,vb2,0.0,1.0,0.3711048662662506,0.3711048662662506,0.0
18.0,111.0,-0.12908467650413513,1.0,0.7843621969223022,girl,girlsch,0.14243586361408234,mid,vb1,0.0,1.0,0.7843621969223022,0.7843621969223022,0.0
18.0,112.0,0.4781937301158905,1.0,0.6190592646598816,girl,girlsch,0.14243586361408234,mid,vb1,0.0,1.0,0.6190592646598816,0.6190592646598816,0.0
18.0,113.0,0.2613244652748108,1.0,-0.29010680317878723,girl,girlsch,0.14243586361408234,mid,vb2,0.0,1.0,-0.29010680317878723,-0.29010680317878723,0.0
18.0,114.0,0.07353636622428894,1.0,-0.2074553370475769,girl,girlsch,0.14243586361408234,mid,vb2,0.0,1.0,-0.2074553370475769,-0.2074553370475769,0.0
18.0,115.0,0.4026685655117035,1.0,1.1149680614471436,girl,girlsch,0.14243586361408234,mid,vb1,0.0,1.0,1.1149680614471436,1.1149680614471436,0.0
18.0,116.0,-0.12908467650413513,1.0,0.7843621969223022,girl,girlsch,0.14243586361408234,mid,vb1,0.0,1.0,0.7843621969223022,0.7843621969223022,0.0
18.0,117.0,-0.5551124811172485,1.0,0.28845342993736267,girl,girlsch,0.14243586361408234,mid,vb2,0.0,1.0,0.28845342993736267,0.28845342993736267,0.0
18.0,118.0,-0.33884158730506897,1.0,0.12315050512552261,girl,girlsch,0.14243586361408234,mid,vb2,0.0,1.0,0.12315050512552261,0.12315050512552261,0.0
18.0,119.0,0.5443409085273743,1.0,0.5364077687263489,girl,girlsch,0.14243586361408234,mid,vb1,0.0,1.0,0.5364077687263489,0.5364077687263489,0.0
18.0,120.0,0.004321751184761524,1.0,0.7017107009887695,girl,girlsch,0.14243586361408234,mid,vb1,0.0,1.0,0.7017107009887695,0.7017107009887695,0.0
21.0,1.0,-0.4198014438152313,1.0,-1.0339698791503906,girl,girlsch,0.2012731432914734,high,vb3,0.0,1.0,-1.0339698791503906,-1.0339698791503906,0.0
21.0,2.0,0.678758978843689,1.0,0.28845342993736267,girl,girlsch,0.2012731432914734,high,vb1,0.0,1.0,0.28845342993736267,0.28845342993736267,0.0
21.0,3.0,0.7472277283668518,1.0,-0.7860155701637268,girl,girlsch,0.2012731432914734,high,vb2,0.0,1.0,-0.7860155701637268,-0.7860155701637268,0.0
21.0,4.0,-0.33884158730506897,1.0,0.040499038994312286,girl,girlsch,0.2012731432914734,high,vb2,0.0,1.0,0.040499038994312286,0.040499038994312286,0.0
21.0,5.0,-0.4927808344364166,1.0,-0.2074553370475769,girl,girlsch,0.2012731432914734,high,vb2,0.0,1.0,-0.2074553370475769,-0.2074553370475769,0.0
21.0,6.0,0.328072190284729,1.0,-0.37275826930999756,girl,girlsch,0.2012731432914734,high,vb2,0.0,1.0,-0.37275826930999756,-0.37275826930999756,0.0
21.0,7.0,0.328072190284729,1.0,0.7017107009887695,girl,girlsch,0.2012731432914734,high,vb2,0.0,1.0,0.7017107009887695,0.7017107009887695,0.0
21.0,8.0,0.6107285618782043,1.0,1.1149680614471436,girl,girlsch,0.2012731432914734,high,vb1,0.0,1.0,1.1149680614471436,1.1149680614471436,0.0
21.0,9.0,0.4026685655117035,1.0,0.040499038994312286,girl,girlsch,0.2012731432914734,high,vb2,0.0,1.0,0.040499038994312286,0.040499038994312286,0.0
21.0,10.0,0.4026685655117035,1.0,0.8670135736465454,girl,girlsch,0.2012731432914734,high,vb2,0.0,1.0,0.8670135736465454,0.8670135736465454,0.0
21.0,11.0,1.1094379425048828,1.0,-0.2074553370475769,girl,girlsch,0.2012731432914734,high,vb1,0.0,1.0,-0.2074553370475769,-0.2074553370475769,0.0
21.0,12.0,-0.06208816543221474,1.0,-0.6207126379013062,girl,girlsch,0.2012731432914734,high,vb2,0.0,1.0,-0.6207126379013062,-0.6207126379013062,0.0
21.0,13.0,1.3101423978805542,1.0,0.7843621969223022,girl,girlsch,0.2012731432914734,high,vb2,0.0,1.0,0.7843621969223022,0.7843621969223022,0.0
21.0,14.0,1.4395315647125244,1.0,1.1149680614471436,girl,girlsch,0.2012731432914734,high,vb1,0.0,1.0,1.1149680614471436,1.1149680614471436,0.0
21.0,15.0,0.4026685655117035,1.0,-0.6207126379013062,girl,girlsch,0.2012731432914734,high,vb2,0.0,1.0,-0.6207126379013062,-0.6207126379013062,0.0
21.0,16.0,1.175849437713623,1.0,0.45375630259513855,girl,girlsch,0.2012731432914734,high,vb1,0.0,1.0,0.45375630259513855,0.45375630259513855,0.0
21.0,17.0,1.9003351926803589,1.0,1.9414825439453125,girl,girlsch,0.2012731432914734,high,vb1,0.0,1.0,1.9414825439453125,1.9414825439453125,0.0
21.0,18.0,0.004321751184761524,1.0,-0.2074553370475769,girl,girlsch,0.2012731432914734,high,vb2,0.0,1.0,-0.2074553370475769,-0.2074553370475769,0.0
21.0,19.0,1.175849437713623,1.0,0.9496650099754333,girl,girlsch,0.2012731432914734,high,vb1,0.0,1.0,0.9496650099754333,0.9496650099754333,0.0
21.0,20.0,-0.9393776655197144,1.0,0.28845342993736267,girl,girlsch,0.2012731432914734,high,vb2,0.0,1.0,0.28845342993736267,0.28845342993736267,0.0
21.0,21.0,1.1094379425048828,1.0,1.3629224300384521,girl,girlsch,0.2012731432914734,high,vb1,0.0,1.0,1.3629224300384521,1.3629224300384521,0.0
21.0,22.0,0.6107285618782043,1.0,1.0323165655136108,girl,girlsch,0.2012731432914734,high,vb2,0.0,1.0,1.0323165655136108,1.0323165655136108,0.0
21.0,23.0,-0.33884158730506897,1.0,0.28845342993736267,girl,girlsch,0.2012731432914734,high,vb1,0.0,1.0,0.28845342993736267,0.28845342993736267,0.0
21.0,24.0,-1.029066801071167,1.0,0.7017107009887695,girl,girlsch,0.2012731432914734,high,vb2,0.0,1.0,0.7017107009887695,0.7017107009887695,0.0
21.0,25.0,1.7348991632461548,1.0,1.528225302696228,girl,girlsch,0.2012731432914734,high,vb1,0.0,1.0,1.528225302696228,1.528225302696228,0.0
21.0,26.0,0.13406679034233093,1.0,-0.042152419686317444,girl,girlsch,0.2012731432914734,high,vb2,0.0,1.0,-0.042152419686317444,-0.042152419686317444,0.0
21.0,27.0,1.175849437713623,1.0,0.12315050512552261,girl,girlsch,0.2012731432914734,high,vb2,0.0,1.0,0.12315050512552261,0.12315050512552261,0.0
21.0,28.0,1.9003351926803589,1.0,2.3547399044036865,girl,girlsch,0.2012731432914734,high,vb1,0.0,1.0,2.3547399044036865,2.3547399044036865,0.0
21.0,29.0,0.4026685655117035,1.0,0.12315050512552261,girl,girlsch,0.2012731432914734,high,vb2,0.0,1.0,0.12315050512552261,0.12315050512552261,0.0
21.0,30.0,-0.6995050311088562,1.0,-0.7860155701637268,girl,girlsch,0.2012731432914734,high,vb2,0.0,1.0,-0.7860155701637268,-0.7860155701637268,0.0
21.0,31.0,0.004321751184761524,1.0,-0.7860155701637268,girl,girlsch,0.2012731432914734,high,vb3,0.0,1.0,-0.7860155701637268,-0.7860155701637268,0.0
21.0,32.0,0.5443409085273743,1.0,-0.29010680317878723,girl,girlsch,0.2012731432914734,high,vb2,0.0,1.0,-0.29010680317878723,-0.29010680317878723,0.0
21.0,33.0,0.2613244652748108,1.0,0.3711048662662506,girl,girlsch,0.2012731432914734,high,vb3,0.0,1.0,0.3711048662662506,0.3711048662662506,0.0
21.0,34.0,0.8965656757354736,1.0,0.20580196380615234,girl,girlsch,0.2012731432914734,high,vb1,0.0,1.0,0.20580196380615234,0.20580196380615234,0.0
21.0,35.0,1.1094379425048828,1.0,2.0241341590881348,girl,girlsch,0.2012731432914734,high,vb1,0.0,1.0,2.0241341590881348,2.0241341590881348,0.0
21.0,36.0,1.3747409582138062,1.0,0.3711048662662506,girl,girlsch,0.2012731432914734,high,vb1,0.0,1.0,0.3711048662662506,0.3711048662662506,0.0
21.0,37.0,0.7472277283668518,1.0,0.5364077687263489,girl,girlsch,0.2012731432914734,high,vb1,0.0,1.0,0.5364077687263489,0.5364077687263489,0.0
21.0,38.0,-0.19761060178279877,1.0,-1.2819242477416992,girl,girlsch,0.2012731432914734,high,vb2,0.0,1.0,-1.2819242477416992,-1.2819242477416992,0.0
21.0,39.0,-1.1186243295669556,1.0,-2.356393337249756,girl,girlsch,0.2012731432914734,high,vb3,0.0,1.0,-2.356393337249756,-2.356393337249756,0.0
21.0,40.0,1.4395315647125244,1.0,0.3711048662662506,girl,girlsch,0.2012731432914734,high,vb2,0.0,1.0,0.3711048662662506,0.3711048662662506,0.0
21.0,41.0,1.1094379425048828,1.0,0.45375630259513855,girl,girlsch,0.2012731432914734,high,vb2,0.0,1.0,0.45375630259513855,0.45375630259513855,0.0
21.0,42.0,0.07353636622428894,1.0,0.5364077687263489,girl,girlsch,0.2012731432914734,high,vb2,0.0,1.0,0.5364077687263489,0.5364077687263489,0.0
21.0,43.0,-1.2194855213165283,1.0,-1.6125301122665405,girl,girlsch,0.2012731432914734,high,vb2,0.0,1.0,-1.6125301122665405,-1.6125301122665405,0.0
21.0,44.0,0.678758978843689,1.0,0.6190592646598816,girl,girlsch,0.2012731432914734,high,vb2,0.0,1.0,0.6190592646598816,0.6190592646598816,0.0
21.0,45.0,-0.26515936851501465,1.0,0.9496650099754333,girl,girlsch,0.2012731432914734,high,vb2,0.0,1.0,0.9496650099754333,0.9496650099754333,0.0
21.0,46.0,1.2405332326889038,1.0,0.8670135736465454,girl,girlsch,0.2012731432914734,high,vb1,0.0,1.0,0.8670135736465454,0.8670135736465454,0.0
21.0,47.0,-0.19761060178279877,1.0,-1.6125301122665405,girl,girlsch,0.2012731432914734,high,vb3,0.0,1.0,-1.6125301122665405,-1.6125301122665405,0.0
21.0,48.0,0.9675859808921814,1.0,1.1976194381713867,girl,girlsch,0.2012731432914734,high,vb1,0.0,1.0,1.1976194381713867,1.1976194381713867,0.0
21.0,49.0,-0.4927808344364166,1.0,-0.8686670064926147,girl,girlsch,0.2012731432914734,high,vb2,0.0,1.0,-0.8686670064926147,-0.8686670064926147,0.0
21.0,50.0,-1.6237297058105469,1.0,-1.8604844808578491,girl,girlsch,0.2012731432914734,high,vb3,0.0,1.0,-1.8604844808578491,-1.8604844808578491,0.0
21.0,51.0,0.8965656757354736,1.0,-0.2074553370475769,girl,girlsch,0.2012731432914734,high,vb2,0.0,1.0,-0.2074553370475769,-0.2074553370475769,0.0
21.0,52.0,0.2613244652748108,1.0,0.5364077687263489,girl,girlsch,0.2012731432914734,high,vb1,0.0,1.0,0.5364077687263489,0.5364077687263489,0.0
21.0,53.0,0.4026685655117035,1.0,0.5364077687263489,girl,girlsch,0.2012731432914734,high,vb2,0.0,1.0,0.5364077687263489,0.5364077687263489,0.0
21.0,54.0,0.1941491812467575,1.0,-0.37275826930999756,girl,girlsch,0.2012731432914734,high,vb2,0.0,1.0,-0.37275826930999756,-0.37275826930999756,0.0
21.0,55.0,0.004321751184761524,1.0,-0.6207126379013062,girl,girlsch,0.2012731432914734,high,vb1,0.0,1.0,-0.6207126379013062,-0.6207126379013062,0.0
21.0,56.0,0.07353636622428894,1.0,0.7017107009887695,girl,girlsch,0.2012731432914734,high,vb2,0.0,1.0,0.7017107009887695,0.7017107009887695,0.0
21.0,57.0,0.004321751184761524,1.0,-0.042152419686317444,girl,girlsch,0.2012731432914734,high,vb2,0.0,1.0,-0.042152419686317444,-0.042152419686317444,0.0
21.0,58.0,-0.6230506896972656,1.0,-0.7860155701637268,girl,girlsch,0.2012731432914734,high,vb3,0.0,1.0,-0.7860155701637268,-0.7860155701637268,0.0
21.0,59.0,1.1094379425048828,1.0,0.9496650099754333,girl,girlsch,0.2012731432914734,high,vb1,0.0,1.0,0.9496650099754333,0.9496650099754333,0.0
21.0,60.0,0.1941491812467575,1.0,-1.199272871017456,girl,girlsch,0.2012731432914734,high,vb2,0.0,1.0,-1.199272871017456,-1.199272871017456,0.0
21.0,61.0,1.3747409582138062,1.0,0.8670135736465454,girl,girlsch,0.2012731432914734,high,vb1,0.0,1.0,0.8670135736465454,0.8670135736465454,0.0
21.0,62.0,0.1941491812467575,1.0,-0.042152419686317444,girl,girlsch,0.2012731432914734,high,vb1,0.0,1.0,-0.042152419686317444,-0.042152419686317444,0.0
21.0,63.0,0.4026685655117035,1.0,0.45375630259513855,girl,girlsch,0.2012731432914734,high,vb1,0.0,1.0,0.45375630259513855,0.45375630259513855,0.0
21.0,64.0,-0.12908467650413513,1.0,0.28845342993736267,girl,girlsch,0.2012731432914734,high,vb2,0.0,1.0,0.28845342993736267,0.28845342993736267,0.0
21.0,65.0,-0.06208816543221474,1.0,0.45375630259513855,girl,girlsch,0.2012731432914734,high,vb2,0.0,1.0,0.45375630259513855,0.45375630259513855,0.0
21.0,66.0,1.506184697151184,1.0,-0.042152419686317444,girl,girlsch,0.2012731432914734,high,vb1,0.0,1.0,-0.042152419686317444,-0.042152419686317444,0.0
21.0,67.0,0.4026685655117035,1.0,-0.4554097056388855,girl,girlsch,0.2012731432914734,high,vb2,0.0,1.0,-0.4554097056388855,-0.4554097056388855,0.0
21.0,68.0,0.678758978843689,1.0,0.7843621969223022,girl,girlsch,0.2012731432914734,high,vb1,0.0,1.0,0.7843621969223022,0.7843621969223022,0.0
21.0,69.0,0.004321751184761524,1.0,1.0323165655136108,girl,girlsch,0.2012731432914734,high,vb2,0.0,1.0,1.0323165655136108,1.0323165655136108,0.0
21.0,70.0,1.5792195796966553,1.0,1.3629224300384521,girl,girlsch,0.2012731432914734,high,vb2,0.0,1.0,1.3629224300384521,1.3629224300384521,0.0
21.0,71.0,-0.26515936851501465,1.0,0.3711048662662506,girl,girlsch,0.2012731432914734,high,vb2,0.0,1.0,0.3711048662662506,0.3711048662662506,0.0
21.0,72.0,-0.19761060178279877,1.0,1.1976194381713867,girl,girlsch,0.2012731432914734,high,vb1,0.0,1.0,1.1976194381713867,1.1976194381713867,0.0
21.0,73.0,-0.33884158730506897,1.0,-0.12480387836694717,girl,girlsch,0.2012731432914734,high,vb2,0.0,1.0,-0.12480387836694717,-0.12480387836694717,0.0
25.0,1.0,-0.8526700735092163,1.0,0.28845342993736267,girl,girlsch,-0.6490179896354675,low,vb2,0.0,1.0,0.28845342993736267,0.28845342993736267,0.0
25.0,2.0,-0.33884158730506897,1.0,-1.6125301122665405,girl,girlsch,-0.6490179896354675,low,vb2,0.0,1.0,-1.6125301122665405,-1.6125301122665405,0.0
25.0,3.0,0.1941491812467575,1.0,-0.37275826930999756,girl,girlsch,-0.6490179896354675,low,vb2,0.0,1.0,-0.37275826930999756,-0.37275826930999756,0.0
25.0,4.0,-0.12908467650413513,1.0,0.6190592646598816,girl,girlsch,-0.6490179896354675,low,vb1,0.0,1.0,0.6190592646598816,0.6190592646598816,0.0
25.0,5.0,0.004321751184761524,1.0,-1.0339698791503906,girl,girlsch,-0.6490179896354675,low,vb2,0.0,1.0,-1.0339698791503906,-1.0339698791503906,0.0
25.0,6.0,-0.19761060178279877,1.0,-1.1166213750839233,girl,girlsch,-0.6490179896354675,low,vb2,0.0,1.0,-1.1166213750839233,-1.1166213750839233,0.0
25.0,7.0,-0.4927808344364166,1.0,-1.777833104133606,girl,girlsch,-0.6490179896354675,low,vb3,0.0,1.0,-1.777833104133606,-1.777833104133606,0.0
25.0,8.0,0.821988046169281,1.0,-0.7860155701637268,girl,girlsch,-0.6490179896354675,low,vb1,0.0,1.0,-0.7860155701637268,-0.7860155701637268,0.0
25.0,9.0,-0.33884158730506897,1.0,1.0323165655136108,girl,girlsch,-0.6490179896354675,low,vb1,0.0,1.0,1.0323165655136108,1.0323165655136108,0.0
25.0,10.0,-1.2194855213165283,1.0,-1.0339698791503906,girl,girlsch,-0.6490179896354675,low,vb3,0.0,1.0,-1.0339698791503906,-1.0339698791503906,0.0
25.0,11.0,-0.8526700735092163,1.0,-1.6125301122665405,girl,girlsch,-0.6490179896354675,low,vb3,0.0,1.0,-1.6125301122665405,-1.6125301122665405,0.0
25.0,12.0,0.07353636622428894,1.0,1.3629224300384521,girl,girlsch,-0.6490179896354675,low,vb2,0.0,1.0,1.3629224300384521,1.3629224300384521,0.0
25.0,13.0,0.13406679034233093,1.0,-0.12480387836694717,girl,girlsch,-0.6490179896354675,low,vb2,0.0,1.0,-0.12480387836694717,-0.12480387836694717,0.0
25.0,14.0,-0.12908467650413513,1.0,0.20580196380615234,girl,girlsch,-0.6490179896354675,low,vb2,0.0,1.0,0.20580196380615234,0.20580196380615234,0.0
25.0,15.0,-0.26515936851501465,1.0,-0.7860155701637268,girl,girlsch,-0.6490179896354675,low,vb2,0.0,1.0,-0.7860155701637268,-0.7860155701637268,0.0
25.0,16.0,-1.8366867303848267,1.0,-2.1084389686584473,girl,girlsch,-0.6490179896354675,low,vb3,0.0,1.0,-2.1084389686584473,-2.1084389686584473,0.0
25.0,17.0,0.4781937301158905,1.0,1.4455738067626953,girl,girlsch,-0.6490179896354675,low,vb1,0.0,1.0,1.4455738067626953,1.4455738067626953,0.0
25.0,18.0,-2.5101213455200195,1.0,-1.777833104133606,girl,girlsch,-0.6490179896354675,low,vb2,0.0,1.0,-1.777833104133606,-1.777833104133606,0.0
25.0,19.0,-3.0595431327819824,1.0,-2.356393337249756,girl,girlsch,-0.6490179896354675,low,vb3,0.0,1.0,-2.356393337249756,-2.356393337249756,0.0
25.0,20.0,-3.0595431327819824,1.0,-1.9431359767913818,girl,girlsch,-0.6490179896354675,low,vb3,0.0,1.0,-1.9431359767913818,-1.9431359767913818,0.0
25.0,21.0,-0.6230506896972656,1.0,0.3711048662662506,girl,girlsch,-0.6490179896354675,low,vb2,0.0,1.0,0.3711048662662506,0.3711048662662506,0.0
25.0,22.0,-1.7238824367523193,1.0,-2.1084389686584473,girl,girlsch,-0.6490179896354675,low,vb3,0.0,1.0,-2.1084389686584473,-2.1084389686584473,0.0
25.0,23.0,0.5443409085273743,1.0,-0.042152419686317444,girl,girlsch,-0.6490179896354675,low,vb2,0.0,1.0,-0.042152419686317444,-0.042152419686317444,0.0
25.0,24.0,-1.7238824367523193,1.0,-2.6043477058410645,girl,girlsch,-0.6490179896354675,low,vb3,0.0,1.0,-2.6043477058410645,-2.6043477058410645,0.0
25.0,25.0,-0.26515936851501465,1.0,-1.4472272396087646,girl,girlsch,-0.6490179896354675,low,vb3,0.0,1.0,-1.4472272396087646,-1.4472272396087646,0.0
25.0,26.0,-1.3353148698806763,1.0,-0.4554097056388855,girl,girlsch,-0.6490179896354675,low,vb2,0.0,1.0,-0.4554097056388855,-0.4554097056388855,0.0
25.0,27.0,-1.1186243295669556,1.0,-0.7860155701637268,girl,girlsch,-0.6490179896354675,low,vb2,0.0,1.0,-0.7860155701637268,-0.7860155701637268,0.0
25.0,28.0,0.1941491812467575,1.0,1.1976194381713867,girl,girlsch,-0.6490179896354675,low,vb1,0.0,1.0,1.1976194381713867,1.1976194381713867,0.0
25.0,29.0,-0.06208816543221474,1.0,-0.37275826930999756,girl,girlsch,-0.6490179896354675,low,vb2,0.0,1.0,-0.37275826930999756,-0.37275826930999756,0.0
25.0,30.0,0.8965656757354736,1.0,0.5364077687263489,girl,girlsch,-0.6490179896354675,low,vb1,0.0,1.0,0.5364077687263489,0.5364077687263489,0.0
25.0,31.0,-0.19761060178279877,1.0,0.28845342993736267,girl,girlsch,-0.6490179896354675,low,vb2,0.0,1.0,0.28845342993736267,0.28845342993736267,0.0
25.0,32.0,-0.8526700735092163,1.0,-1.6951816082000732,girl,girlsch,-0.6490179896354675,low,vb2,0.0,1.0,-1.6951816082000732,-1.6951816082000732,0.0
25.0,33.0,-1.1186243295669556,1.0,-1.9431359767913818,girl,girlsch,-0.6490179896354675,low,vb3,0.0,1.0,-1.9431359767913818,-1.9431359767913818,0.0
25.0,34.0,-0.776108980178833,1.0,-0.6207126379013062,girl,girlsch,-0.6490179896354675,low,vb2,0.0,1.0,-0.6207126379013062,-0.6207126379013062,0.0
25.0,35.0,0.328072190284729,1.0,-0.042152419686317444,girl,girlsch,-0.6490179896354675,low,vb2,0.0,1.0,-0.042152419686317444,-0.042152419686317444,0.0
25.0,36.0,-0.19761060178279877,1.0,0.040499038994312286,girl,girlsch,-0.6490179896354675,low,vb2,0.0,1.0,0.040499038994312286,0.040499038994312286,0.0
25.0,37.0,-0.8526700735092163,1.0,-2.1084389686584473,girl,girlsch,-0.6490179896354675,low,vb3,0.0,1.0,-2.1084389686584473,-2.1084389686584473,0.0
25.0,38.0,-0.33884158730506897,1.0,-1.1166213750839233,girl,girlsch,-0.6490179896354675,low,vb2,0.0,1.0,-1.1166213750839233,-1.1166213750839233,0.0
25.0,39.0,-0.4198014438152313,1.0,-0.5380612015724182,girl,girlsch,-0.6490179896354675,low,vb2,0.0,1.0,-0.5380612015724182,-0.5380612015724182,0.0
25.0,40.0,-0.6995050311088562,1.0,0.040499038994312286,girl,girlsch,-0.6490179896354675,low,vb2,0.0,1.0,0.040499038994312286,0.040499038994312286,0.0
25.0,41.0,-0.6995050311088562,1.0,-0.6207126379013062,girl,girlsch,-0.6490179896354675,low,vb2,0.0,1.0,-0.6207126379013062,-0.6207126379013062,0.0
25.0,42.0,-1.7238824367523193,1.0,-0.2074553370475769,girl,girlsch,-0.6490179896354675,low,vb2,0.0,1.0,-0.2074553370475769,-0.2074553370475769,0.0
25.0,43.0,0.2613244652748108,1.0,0.12315050512552261,girl,girlsch,-0.6490179896354675,low,vb1,0.0,1.0,0.12315050512552261,0.12315050512552261,0.0
25.0,44.0,-0.33884158730506897,1.0,-0.042152419686317444,girl,girlsch,-0.6490179896354675,low,vb2,0.0,1.0,-0.042152419686317444,-0.042152419686317444,0.0
25.0,45.0,0.07353636622428894,1.0,1.1976194381713867,girl,girlsch,-0.6490179896354675,low,vb2,0.0,1.0,1.1976194381713867,1.1976194381713867,0.0
25.0,46.0,-0.5551124811172485,1.0,-0.7033640742301941,girl,girlsch,-0.6490179896354675,low,vb2,0.0,1.0,-0.7033640742301941,-0.7033640742301941,0.0
25.0,47.0,-0.776108980178833,1.0,-1.0339698791503906,girl,girlsch,-0.6490179896354675,low,vb2,0.0,1.0,-1.0339698791503906,-1.0339698791503906,0.0
25.0,48.0,-0.5551124811172485,1.0,0.040499038994312286,girl,girlsch,-0.6490179896354675,low,vb1,0.0,1.0,0.040499038994312286,0.040499038994312286,0.0
25.0,49.0,-0.06208816543221474,1.0,0.7017107009887695,girl,girlsch,-0.6490179896354675,low,vb2,0.0,1.0,0.7017107009887695,0.7017107009887695,0.0
25.0,50.0,0.6107285618782043,1.0,0.5364077687263489,girl,girlsch,-0.6490179896354675,low,vb2,0.0,1.0,0.5364077687263489,0.5364077687263489,0.0
25.0,51.0,-0.12908467650413513,1.0,-0.7860155701637268,girl,girlsch,-0.6490179896354675,low,vb2,0.0,1.0,-0.7860155701637268,-0.7860155701637268,0.0
25.0,52.0,-0.6230506896972656,1.0,-0.5380612015724182,girl,girlsch,-0.6490179896354675,low,vb2,0.0,1.0,-0.5380612015724182,-0.5380612015724182,0.0
25.0,53.0,-0.9393776655197144,1.0,-1.9431359767913818,girl,girlsch,-0.6490179896354675,low,vb3,0.0,1.0,-1.9431359767913818,-1.9431359767913818,0.0
25.0,54.0,0.678758978843689,1.0,-0.2074553370475769,girl,girlsch,-0.6490179896354675,low,vb1,0.0,1.0,-0.2074553370475769,-0.2074553370475769,0.0
25.0,55.0,-0.6995050311088562,1.0,-1.2819242477416992,girl,girlsch,-0.6490179896354675,low,vb2,0.0,1.0,-1.2819242477416992,-1.2819242477416992,0.0
25.0,56.0,0.328072190284729,1.0,1.7761796712875366,girl,girlsch,-0.6490179896354675,low,vb1,0.0,1.0,1.7761796712875366,1.7761796712875366,0.0
25.0,57.0,-1.1186243295669556,1.0,-1.4472272396087646,girl,girlsch,-0.6490179896354675,low,vb3,0.0,1.0,-1.4472272396087646,-1.4472272396087646,0.0
25.0,58.0,-0.26515936851501465,1.0,-1.5298787355422974,girl,girlsch,-0.6490179896354675,low,vb2,0.0,1.0,-1.5298787355422974,-1.5298787355422974,0.0
25.0,59.0,-0.6995050311088562,1.0,-1.199272871017456,girl,girlsch,-0.6490179896354675,low,vb2,0.0,1.0,-1.199272871017456,-1.199272871017456,0.0
25.0,60.0,-3.0595431327819824,1.0,-2.934953451156616,girl,girlsch,-0.6490179896354675,low,vb3,0.0,1.0,-2.934953451156616,-2.934953451156616,0.0
25.0,61.0,-0.4198014438152313,1.0,-0.29010680317878723,girl,girlsch,-0.6490179896354675,low,vb2,0.0,1.0,-0.29010680317878723,-0.29010680317878723,0.0
25.0,62.0,0.4026685655117035,1.0,-1.199272871017456,girl,girlsch,-0.6490179896354675,low,vb2,0.0,1.0,-1.199272871017456,-1.199272871017456,0.0
25.0,63.0,-0.4198014438152313,1.0,-0.7033640742301941,girl,girlsch,-0.6490179896354675,low,vb3,0.0,1.0,-0.7033640742301941,-0.7033640742301941,0.0
25.0,64.0,-0.9393776655197144,1.0,-0.5380612015724182,girl,girlsch,-0.6490179896354675,low,vb2,0.0,1.0,-0.5380612015724182,-0.5380612015724182,0.0
25.0,65.0,-1.7238824367523193,1.0,-0.7860155701637268,girl,girlsch,-0.6490179896354675,low,vb3,0.0,1.0,-0.7860155701637268,-0.7860155701637268,0.0
25.0,66.0,-0.5551124811172485,1.0,-1.777833104133606,girl,girlsch,-0.6490179896354675,low,vb3,0.0,1.0,-1.777833104133606,-1.777833104133606,0.0
25.0,67.0,-0.6230506896972656,1.0,-1.5298787355422974,girl,girlsch,-0.6490179896354675,low,vb3,0.0,1.0,-1.5298787355422974,-1.5298787355422974,0.0
25.0,68.0,-1.5266530513763428,1.0,0.20580196380615234,girl,girlsch,-0.6490179896354675,low,vb2,0.0,1.0,0.20580196380615234,0.20580196380615234,0.0
25.0,69.0,0.07353636622428894,1.0,-0.5380612015724182,girl,girlsch,-0.6490179896354675,low,vb2,0.0,1.0,-0.5380612015724182,-0.5380612015724182,0.0
25.0,70.0,-1.2194855213165283,1.0,-1.199272871017456,girl,girlsch,-0.6490179896354675,low,vb3,0.0,1.0,-1.199272871017456,-1.199272871017456,0.0
25.0,71.0,-1.2194855213165283,1.0,-1.364575743675232,girl,girlsch,-0.6490179896354675,low,vb3,0.0,1.0,-1.364575743675232,-1.364575743675232,0.0
25.0,72.0,-2.5101213455200195,1.0,-2.025787353515625,girl,girlsch,-0.6490179896354675,low,vb3,0.0,1.0,-2.025787353515625,-2.025787353515625,0.0
25.0,73.0,0.13406679034233093,1.0,1.3629224300384521,girl,girlsch,-0.6490179896354675,low,vb2,0.0,1.0,1.3629224300384521,1.3629224300384521,0.0
29.0,1.0,0.5443409085273743,1.0,0.9496650099754333,girl,girlsch,-0.3518337905406952,low,vb2,0.0,1.0,0.9496650099754333,0.9496650099754333,0.0
29.0,2.0,-0.6230506896972656,1.0,-1.0339698791503906,girl,girlsch,-0.3518337905406952,low,vb2,0.0,1.0,-1.0339698791503906,-1.0339698791503906,0.0
29.0,3.0,1.3747409582138062,1.0,0.7843621969223022,girl,girlsch,-0.3518337905406952,low,vb1,0.0,1.0,0.7843621969223022,0.7843621969223022,0.0
29.0,4.0,0.6107285618782043,1.0,-1.5298787355422974,girl,girlsch,-0.3518337905406952,low,vb2,0.0,1.0,-1.5298787355422974,-1.5298787355422974,0.0
29.0,5.0,-0.12908467650413513,1.0,-0.4554097056388855,girl,girlsch,-0.3518337905406952,low,vb2,0.0,1.0,-0.4554097056388855,-0.4554097056388855,0.0
29.0,6.0,-0.12908467650413513,1.0,0.5364077687263489,girl,girlsch,-0.3518337905406952,low,vb1,0.0,1.0,0.5364077687263489,0.5364077687263489,0.0
29.0,7.0,0.9675859808921814,1.0,0.20580196380615234,girl,girlsch,-0.3518337905406952,low,vb1,0.0,1.0,0.20580196380615234,0.20580196380615234,0.0
29.0,8.0,0.4781937301158905,1.0,0.7843621969223022,girl,girlsch,-0.3518337905406952,low,vb2,0.0,1.0,0.7843621969223022,0.7843621969223022,0.0
29.0,9.0,0.07353636622428894,1.0,-0.37275826930999756,girl,girlsch,-0.3518337905406952,low,vb2,0.0,1.0,-0.37275826930999756,-0.37275826930999756,0.0
29.0,10.0,-0.4198014438152313,1.0,-0.8686670064926147,girl,girlsch,-0.3518337905406952,low,vb2,0.0,1.0,-0.8686670064926147,-0.8686670064926147,0.0
29.0,11.0,0.8965656757354736,1.0,-0.4554097056388855,girl,girlsch,-0.3518337905406952,low,vb2,0.0,1.0,-0.4554097056388855,-0.4554097056388855,0.0
29.0,12.0,-0.9393776655197144,1.0,-1.4472272396087646,girl,girlsch,-0.3518337905406952,low,vb2,0.0,1.0,-1.4472272396087646,-1.4472272396087646,0.0
29.0,13.0,1.3747409582138062,1.0,1.1149680614471436,girl,girlsch,-0.3518337905406952,low,vb2,0.0,1.0,1.1149680614471436,1.1149680614471436,0.0
29.0,14.0,-0.776108980178833,1.0,-0.4554097056388855,girl,girlsch,-0.3518337905406952,low,vb2,0.0,1.0,-0.4554097056388855,-0.4554097056388855,0.0
29.0,15.0,-1.1186243295669556,1.0,-2.439044713973999,girl,girlsch,-0.3518337905406952,low,vb2,0.0,1.0,-2.439044713973999,-2.439044713973999,0.0
29.0,16.0,-0.33884158730506897,1.0,0.040499038994312286,girl,girlsch,-0.3518337905406952,low,vb2,0.0,1.0,0.040499038994312286,0.040499038994312286,0.0
29.0,17.0,0.2613244652748108,1.0,-0.7860155701637268,girl,girlsch,-0.3518337905406952,low,vb2,0.0,1.0,-0.7860155701637268,-0.7860155701637268,0.0
29.0,18.0,1.2405332326889038,1.0,0.28845342993736267,girl,girlsch,-0.3518337905406952,low,vb1,0.0,1.0,0.28845342993736267,0.28845342993736267,0.0
29.0,19.0,0.07353636622428894,1.0,-0.8686670064926147,girl,girlsch,-0.3518337905406952,low,vb1,0.0,1.0,-0.8686670064926147,-0.8686670064926147,0.0
29.0,20.0,1.2405332326889038,1.0,0.28845342993736267,girl,girlsch,-0.3518337905406952,low,vb2,0.0,1.0,0.28845342993736267,0.28845342993736267,0.0
29.0,21.0,-1.2194855213165283,1.0,-1.9431359767913818,girl,girlsch,-0.3518337905406952,low,vb3,0.0,1.0,-1.9431359767913818,-1.9431359767913818,0.0
29.0,22.0,0.328072190284729,1.0,-0.4554097056388855,girl,girlsch,-0.3518337905406952,low,vb2,0.0,1.0,-0.4554097056388855,-0.4554097056388855,0.0
29.0,23.0,-0.26515936851501465,1.0,0.12315050512552261,girl,girlsch,-0.3518337905406952,low,vb2,0.0,1.0,0.12315050512552261,0.12315050512552261,0.0
29.0,24.0,-0.26515936851501465,1.0,-1.0339698791503906,girl,girlsch,-0.3518337905406952,low,vb2,0.0,1.0,-1.0339698791503906,-1.0339698791503906,0.0
29.0,25.0,-0.6230506896972656,1.0,-1.0339698791503906,girl,girlsch,-0.3518337905406952,low,vb2,0.0,1.0,-1.0339698791503906,-1.0339698791503906,0.0
29.0,26.0,0.1941491812467575,1.0,-0.7860155701637268,girl,girlsch,-0.3518337905406952,low,vb2,0.0,1.0,-0.7860155701637268,-0.7860155701637268,0.0
29.0,27.0,0.8965656757354736,1.0,-0.2074553370475769,girl,girlsch,-0.3518337905406952,low,vb1,0.0,1.0,-0.2074553370475769,-0.2074553370475769,0.0
29.0,28.0,0.2613244652748108,1.0,0.28845342993736267,girl,girlsch,-0.3518337905406952,low,vb2,0.0,1.0,0.28845342993736267,0.28845342993736267,0.0
29.0,29.0,0.6107285618782043,1.0,0.45375630259513855,girl,girlsch,-0.3518337905406952,low,vb1,0.0,1.0,0.45375630259513855,0.45375630259513855,0.0
29.0,30.0,-0.776108980178833,1.0,-0.042152419686317444,girl,girlsch,-0.3518337905406952,low,vb2,0.0,1.0,-0.042152419686317444,-0.042152419686317444,0.0
29.0,31.0,-0.26515936851501465,1.0,-1.9431359767913818,girl,girlsch,-0.3518337905406952,low,vb3,0.0,1.0,-1.9431359767913818,-1.9431359767913818,0.0
29.0,32.0,0.2613244652748108,1.0,-0.8686670064926147,girl,girlsch,-0.3518337905406952,low,vb2,0.0,1.0,-0.8686670064926147,-0.8686670064926147,0.0
29.0,33.0,0.328072190284729,1.0,0.3711048662662506,girl,girlsch,-0.3518337905406952,low,vb1,0.0,1.0,0.3711048662662506,0.3711048662662506,0.0
29.0,34.0,-0.26515936851501465,1.0,0.28845342993736267,girl,girlsch,-0.3518337905406952,low,vb2,0.0,1.0,0.28845342993736267,0.28845342993736267,0.0
29.0,35.0,0.004321751184761524,1.0,-0.7860155701637268,girl,girlsch,-0.3518337905406952,low,vb3,0.0,1.0,-0.7860155701637268,-0.7860155701637268,0.0
29.0,36.0,1.175849437713623,1.0,-0.37275826930999756,girl,girlsch,-0.3518337905406952,low,vb2,0.0,1.0,-0.37275826930999756,-0.37275826930999756,0.0
29.0,37.0,0.678758978843689,1.0,1.0323165655136108,girl,girlsch,-0.3518337905406952,low,vb1,0.0,1.0,1.0323165655136108,1.0323165655136108,0.0
29.0,38.0,0.6107285618782043,1.0,-1.5298787355422974,girl,girlsch,-0.3518337905406952,low,vb3,0.0,1.0,-1.5298787355422974,-1.5298787355422974,0.0
29.0,39.0,-0.06208816543221474,1.0,-1.1166213750839233,girl,girlsch,-0.3518337905406952,low,vb3,0.0,1.0,-1.1166213750839233,-1.1166213750839233,0.0
29.0,40.0,0.821988046169281,1.0,0.12315050512552261,girl,girlsch,-0.3518337905406952,low,vb2,0.0,1.0,0.12315050512552261,0.12315050512552261,0.0
29.0,41.0,0.2613244652748108,1.0,-0.5380612015724182,girl,girlsch,-0.3518337905406952,low,vb2,0.0,1.0,-0.5380612015724182,-0.5380612015724182,0.0
29.0,42.0,0.004321751184761524,1.0,-0.7033640742301941,girl,girlsch,-0.3518337905406952,low,vb2,0.0,1.0,-0.7033640742301941,-0.7033640742301941,0.0
29.0,43.0,0.328072190284729,1.0,-0.8686670064926147,girl,girlsch,-0.3518337905406952,low,vb2,0.0,1.0,-0.8686670064926147,-0.8686670064926147,0.0
29.0,44.0,-0.9393776655197144,1.0,-1.199272871017456,girl,girlsch,-0.3518337905406952,low,vb2,0.0,1.0,-1.199272871017456,-1.199272871017456,0.0
29.0,45.0,-0.776108980178833,1.0,-0.9513183832168579,girl,girlsch,-0.3518337905406952,low,vb2,0.0,1.0,-0.9513183832168579,-0.9513183832168579,0.0
29.0,46.0,0.6107285618782043,1.0,0.6190592646598816,girl,girlsch,-0.3518337905406952,low,vb2,0.0,1.0,0.6190592646598816,0.6190592646598816,0.0
29.0,47.0,0.4026685655117035,1.0,1.2802709341049194,girl,girlsch,-0.3518337905406952,low,vb2,0.0,1.0,1.2802709341049194,1.2802709341049194,0.0
29.0,48.0,0.13406679034233093,1.0,-1.199272871017456,girl,girlsch,-0.3518337905406952,low,vb2,0.0,1.0,-1.199272871017456,-1.199272871017456,0.0
29.0,49.0,0.5443409085273743,1.0,-0.2074553370475769,girl,girlsch,-0.3518337905406952,low,vb2,0.0,1.0,-0.2074553370475769,-0.2074553370475769,0.0
29.0,50.0,-0.8526700735092163,1.0,-0.37275826930999756,girl,girlsch,-0.3518337905406952,low,vb2,0.0,1.0,-0.37275826930999756,-0.37275826930999756,0.0
29.0,51.0,-0.26515936851501465,1.0,-0.4554097056388855,girl,girlsch,-0.3518337905406952,low,vb2,0.0,1.0,-0.4554097056388855,-0.4554097056388855,0.0
29.0,52.0,0.9675859808921814,1.0,0.7843621969223022,girl,girlsch,-0.3518337905406952,low,vb1,0.0,1.0,0.7843621969223022,0.7843621969223022,0.0
29.0,53.0,1.3747409582138062,1.0,0.3711048662662506,girl,girlsch,-0.3518337905406952,low,vb1,0.0,1.0,0.3711048662662506,0.3711048662662506,0.0
29.0,54.0,-0.06208816543221474,1.0,-0.37275826930999756,girl,girlsch,-0.3518337905406952,low,vb2,0.0,1.0,-0.37275826930999756,-0.37275826930999756,0.0
29.0,55.0,0.9675859808921814,1.0,-0.12480387836694717,girl,girlsch,-0.3518337905406952,low,vb2,0.0,1.0,-0.12480387836694717,-0.12480387836694717,0.0
29.0,56.0,0.678758978843689,1.0,-2.2737417221069336,girl,girlsch,-0.3518337905406952,low,vb3,0.0,1.0,-2.2737417221069336,-2.2737417221069336,0.0
29.0,57.0,-0.33884158730506897,1.0,-1.199272871017456,girl,girlsch,-0.3518337905406952,low,vb3,0.0,1.0,-1.199272871017456,-1.199272871017456,0.0
29.0,58.0,-1.2194855213165283,1.0,-1.199272871017456,girl,girlsch,-0.3518337905406952,low,vb2,0.0,1.0,-1.199272871017456,-1.199272871017456,0.0
29.0,59.0,0.8965656757354736,1.0,-1.1166213750839233,girl,girlsch,-0.3518337905406952,low,vb2,0.0,1.0,-1.1166213750839233,-1.1166213750839233,0.0
29.0,60.0,-1.3353148698806763,1.0,-1.0339698791503906,girl,girlsch,-0.3518337905406952,low,vb3,0.0,1.0,-1.0339698791503906,-1.0339698791503906,0.0
29.0,61.0,0.4026685655117035,1.0,0.6190592646598816,girl,girlsch,-0.3518337905406952,low,vb1,0.0,1.0,0.6190592646598816,0.6190592646598816,0.0
29.0,62.0,-0.5551124811172485,1.0,0.6190592646598816,girl,girlsch,-0.3518337905406952,low,vb2,0.0,1.0,0.6190592646598816,0.6190592646598816,0.0
29.0,63.0,-0.6230506896972656,1.0,-0.4554097056388855,girl,girlsch,-0.3518337905406952,low,vb2,0.0,1.0,-0.4554097056388855,-0.4554097056388855,0.0
29.0,64.0,0.004321751184761524,1.0,-0.6207126379013062,girl,girlsch,-0.3518337905406952,low,vb2,0.0,1.0,-0.6207126379013062,-0.6207126379013062,0.0
29.0,65.0,1.661805510520935,1.0,2.8506486415863037,girl,girlsch,-0.3518337905406952,low,vb1,0.0,1.0,2.8506486415863037,2.8506486415863037,0.0
29.0,66.0,-0.5551124811172485,1.0,-0.042152419686317444,girl,girlsch,-0.3518337905406952,low,vb2,0.0,1.0,-0.042152419686317444,-0.042152419686317444,0.0
29.0,67.0,-0.6230506896972656,1.0,0.5364077687263489,girl,girlsch,-0.3518337905406952,low,vb2,0.0,1.0,0.5364077687263489,0.5364077687263489,0.0
29.0,68.0,0.13406679034233093,1.0,0.5364077687263489,girl,girlsch,-0.3518337905406952,low,vb2,0.0,1.0,0.5364077687263489,0.5364077687263489,0.0
29.0,69.0,-1.3353148698806763,1.0,-1.9431359767913818,girl,girlsch,-0.3518337905406952,low,vb3,0.0,1.0,-1.9431359767913818,-1.9431359767913818,0.0
29.0,70.0,0.07353636622428894,1.0,-1.1166213750839233,girl,girlsch,-0.3518337905406952,low,vb2,0.0,1.0,-1.1166213750839233,-1.1166213750839233,0.0
29.0,71.0,-0.9393776655197144,1.0,-1.9431359767913818,girl,girlsch,-0.3518337905406952,low,vb3,0.0,1.0,-1.9431359767913818,-1.9431359767913818,0.0
29.0,72.0,0.4026685655117035,1.0,0.45375630259513855,girl,girlsch,-0.3518337905406952,low,vb2,0.0,1.0,0.45375630259513855,0.45375630259513855,0.0
29.0,73.0,-0.9393776655197144,1.0,-0.12480387836694717,girl,girlsch,-0.3518337905406952,low,vb2,0.0,1.0,-0.12480387836694717,-0.12480387836694717,0.0
29.0,74.0,-1.7238824367523193,1.0,0.28845342993736267,girl,girlsch,-0.3518337905406952,low,vb2,0.0,1.0,0.28845342993736267,0.28845342993736267,0.0
29.0,75.0,0.13406679034233093,1.0,-0.4554097056388855,girl,girlsch,-0.3518337905406952,low,vb2,0.0,1.0,-0.4554097056388855,-0.4554097056388855,0.0
29.0,76.0,0.4026685655117035,1.0,-0.6207126379013062,girl,girlsch,-0.3518337905406952,low,vb2,0.0,1.0,-0.6207126379013062,-0.6207126379013062,0.0
29.0,77.0,0.678758978843689,1.0,0.7843621969223022,girl,girlsch,-0.3518337905406952,low,vb2,0.0,1.0,0.7843621969223022,0.7843621969223022,0.0
29.0,78.0,0.004321751184761524,1.0,-0.7860155701637268,girl,girlsch,-0.3518337905406952,low,vb2,0.0,1.0,-0.7860155701637268,-0.7860155701637268,0.0
29.0,79.0,-0.06208816543221474,1.0,-0.4554097056388855,girl,girlsch,-0.3518337905406952,low,vb2,0.0,1.0,-0.4554097056388855,-0.4554097056388855,0.0
30.0,1.0,0.13406679034233093,1.0,-0.29010680317878723,girl,girlsch,0.26877453923225403,high,vb2,0.0,1.0,-0.29010680317878723,-0.29010680317878723,0.0
30.0,2.0,0.328072190284729,1.0,-0.12480387836694717,girl,girlsch,0.26877453923225403,high,vb1,0.0,1.0,-0.12480387836694717,-0.12480387836694717,0.0
30.0,3.0,0.821988046169281,1.0,0.12315050512552261,girl,girlsch,0.26877453923225403,high,vb2,0.0,1.0,0.12315050512552261,0.12315050512552261,0.0
30.0,4.0,0.13406679034233093,1.0,0.040499038994312286,girl,girlsch,0.26877453923225403,high,vb3,0.0,1.0,0.040499038994312286,0.040499038994312286,0.0
30.0,5.0,-0.33884158730506897,1.0,-2.025787353515625,girl,girlsch,0.26877453923225403,high,vb3,0.0,1.0,-2.025787353515625,-2.025787353515625,0.0
30.0,6.0,1.1094379425048828,1.0,0.6190592646598816,girl,girlsch,0.26877453923225403,high,vb1,0.0,1.0,0.6190592646598816,0.6190592646598816,0.0
30.0,7.0,-1.3353148698806763,1.0,-0.5380612015724182,girl,girlsch,0.26877453923225403,high,vb2,0.0,1.0,-0.5380612015724182,-0.5380612015724182,0.0
30.0,8.0,2.1029746532440186,1.0,1.8588311672210693,girl,girlsch,0.26877453923225403,high,vb1,0.0,1.0,1.8588311672210693,1.8588311672210693,0.0
30.0,9.0,0.9675859808921814,1.0,-2.1910903453826904,girl,girlsch,0.26877453923225403,high,vb1,0.0,1.0,-2.1910903453826904,-2.1910903453826904,0.0
30.0,10.0,-1.7238824367523193,1.0,-0.7860155701637268,girl,girlsch,0.26877453923225403,high,vb3,0.0,1.0,-0.7860155701637268,-0.7860155701637268,0.0
30.0,11.0,-0.12908467650413513,1.0,-0.37275826930999756,girl,girlsch,0.26877453923225403,high,vb2,0.0,1.0,-0.37275826930999756,-0.37275826930999756,0.0
30.0,12.0,-1.3353148698806763,1.0,-0.29010680317878723,girl,girlsch,0.26877453923225403,high,vb3,0.0,1.0,-0.29010680317878723,-0.29010680317878723,0.0
30.0,13.0,0.4781937301158905,1.0,0.3711048662662506,girl,girlsch,0.26877453923225403,high,vb2,0.0,1.0,0.3711048662662506,0.3711048662662506,0.0
30.0,14.0,-1.8366867303848267,1.0,-0.9513183832168579,girl,girlsch,0.26877453923225403,high,vb3,0.0,1.0,-0.9513183832168579,-0.9513183832168579,0.0
30.0,15.0,1.8138266801834106,1.0,1.6108767986297607,girl,girlsch,0.26877453923225403,high,vb1,0.0,1.0,1.6108767986297607,1.6108767986297607,0.0
30.0,16.0,-1.7238824367523193,1.0,-0.4554097056388855,girl,girlsch,0.26877453923225403,high,vb2,0.0,1.0,-0.4554097056388855,-0.4554097056388855,0.0
30.0,17.0,-0.4198014438152313,1.0,0.7843621969223022,girl,girlsch,0.26877453923225403,high,vb2,0.0,1.0,0.7843621969223022,0.7843621969223022,0.0
30.0,18.0,0.8965656757354736,1.0,0.20580196380615234,girl,girlsch,0.26877453923225403,high,vb1,0.0,1.0,0.20580196380615234,0.20580196380615234,0.0
30.0,19.0,2.5323522090911865,1.0,1.4455738067626953,girl,girlsch,0.26877453923225403,high,vb1,0.0,1.0,1.4455738067626953,1.4455738067626953,0.0
30.0,20.0,0.678758978843689,1.0,0.6190592646598816,girl,girlsch,0.26877453923225403,high,vb1,0.0,1.0,0.6190592646598816,0.6190592646598816,0.0
30.0,21.0,-1.2194855213165283,1.0,-0.2074553370475769,girl,girlsch,0.26877453923225403,high,vb3,0.0,1.0,-0.2074553370475769,-0.2074553370475769,0.0
30.0,22.0,0.678758978843689,1.0,0.7843621969223022,girl,girlsch,0.26877453923225403,high,vb1,0.0,1.0,0.7843621969223022,0.7843621969223022,0.0
30.0,23.0,0.821988046169281,1.0,0.12315050512552261,girl,girlsch,0.26877453923225403,high,vb2,0.0,1.0,0.12315050512552261,0.12315050512552261,0.0
30.0,24.0,1.8138266801834106,1.0,0.7843621969223022,girl,girlsch,0.26877453923225403,high,vb1,0.0,1.0,0.7843621969223022,0.7843621969223022,0.0
30.0,25.0,-0.19761060178279877,1.0,-0.7860155701637268,girl,girlsch,0.26877453923225403,high,vb2,0.0,1.0,-0.7860155701637268,-0.7860155701637268,0.0
30.0,26.0,1.0396080017089844,1.0,2.106785535812378,girl,girlsch,0.26877453923225403,high,vb1,0.0,1.0,2.106785535812378,2.106785535812378,0.0
30.0,27.0,1.0396080017089844,1.0,1.2802709341049194,girl,girlsch,0.26877453923225403,high,vb1,0.0,1.0,1.2802709341049194,1.2802709341049194,0.0
30.0,28.0,0.9675859808921814,1.0,0.5364077687263489,girl,girlsch,0.26877453923225403,high,vb2,0.0,1.0,0.5364077687263489,0.5364077687263489,0.0
30.0,29.0,0.1941491812467575,1.0,1.1149680614471436,girl,girlsch,0.26877453923225403,high,vb2,0.0,1.0,1.1149680614471436,1.1149680614471436,0.0
30.0,30.0,-1.3353148698806763,1.0,-0.12480387836694717,girl,girlsch,0.26877453923225403,high,vb2,0.0,1.0,-0.12480387836694717,-0.12480387836694717,0.0
30.0,31.0,-1.2194855213165283,1.0,-1.0339698791503906,girl,girlsch,0.26877453923225403,high,vb2,0.0,1.0,-1.0339698791503906,-1.0339698791503906,0.0
30.0,32.0,-1.3353148698806763,1.0,-1.6951816082000732,girl,girlsch,0.26877453923225403,high,vb2,0.0,1.0,-1.6951816082000732,-1.6951816082000732,0.0
30.0,33.0,1.3101423978805542,1.0,0.7017107009887695,girl,girlsch,0.26877453923225403,high,vb1,0.0,1.0,0.7017107009887695,0.7017107009887695,0.0
30.0,34.0,1.175849437713623,1.0,0.9496650099754333,girl,girlsch,0.26877453923225403,high,vb2,0.0,1.0,0.9496650099754333,0.9496650099754333,0.0
30.0,35.0,-0.33884158730506897,1.0,-0.4554097056388855,girl,girlsch,0.26877453923225403,high,vb2,0.0,1.0,-0.4554097056388855,-0.4554097056388855,0.0
30.0,36.0,-1.1186243295669556,1.0,-0.37275826930999756,girl,girlsch,0.26877453923225403,high,vb3,0.0,1.0,-0.37275826930999756,-0.37275826930999756,0.0
30.0,37.0,0.8965656757354736,1.0,2.8506486415863037,girl,girlsch,0.26877453923225403,high,vb1,0.0,1.0,2.8506486415863037,2.8506486415863037,0.0
30.0,38.0,-0.5551124811172485,1.0,-0.5380612015724182,girl,girlsch,0.26877453923225403,high,vb2,0.0,1.0,-0.5380612015724182,-0.5380612015724182,0.0
30.0,39.0,2.701801300048828,1.0,2.8506486415863037,girl,girlsch,0.26877453923225403,high,vb1,0.0,1.0,2.8506486415863037,2.8506486415863037,0.0
30.0,40.0,3.6660914421081543,1.0,1.8588311672210693,girl,girlsch,0.26877453923225403,high,vb1,0.0,1.0,1.8588311672210693,1.8588311672210693,0.0
30.0,41.0,1.8138266801834106,1.0,1.1149680614471436,girl,girlsch,0.26877453923225403,high,vb1,0.0,1.0,1.1149680614471436,1.1149680614471436,0.0
30.0,42.0,0.13406679034233093,1.0,-0.2074553370475769,girl,girlsch,0.26877453923225403,high,vb2,0.0,1.0,-0.2074553370475769,-0.2074553370475769,0.0
31.0,1.0,0.5443409085273743,1.0,0.20580196380615234,girl,girlsch,-0.4908317029476166,low,vb2,0.0,1.0,0.20580196380615234,0.20580196380615234,0.0
31.0,2.0,-0.9393776655197144,1.0,-0.9513183832168579,girl,girlsch,-0.4908317029476166,low,vb3,0.0,1.0,-0.9513183832168579,-0.9513183832168579,0.0
31.0,3.0,0.13406679034233093,1.0,-0.6207126379013062,girl,girlsch,-0.4908317029476166,low,vb2,0.0,1.0,-0.6207126379013062,-0.6207126379013062,0.0
31.0,4.0,-1.1186243295669556,1.0,-0.12480387836694717,girl,girlsch,-0.4908317029476166,low,vb2,0.0,1.0,-0.12480387836694717,-0.12480387836694717,0.0
31.0,5.0,-1.029066801071167,1.0,-0.6207126379013062,girl,girlsch,-0.4908317029476166,low,vb2,0.0,1.0,-0.6207126379013062,-0.6207126379013062,0.0
31.0,6.0,0.2613244652748108,1.0,-0.12480387836694717,girl,girlsch,-0.4908317029476166,low,vb2,0.0,1.0,-0.12480387836694717,-0.12480387836694717,0.0
31.0,7.0,-0.33884158730506897,1.0,0.20580196380615234,girl,girlsch,-0.4908317029476166,low,vb2,0.0,1.0,0.20580196380615234,0.20580196380615234,0.0
31.0,8.0,0.7472277283668518,1.0,0.040499038994312286,girl,girlsch,-0.4908317029476166,low,vb2,0.0,1.0,0.040499038994312286,0.040499038994312286,0.0
31.0,9.0,0.7472277283668518,1.0,-0.37275826930999756,girl,girlsch,-0.4908317029476166,low,vb2,0.0,1.0,-0.37275826930999756,-0.37275826930999756,0.0
31.0,10.0,0.1941491812467575,1.0,-0.9513183832168579,girl,girlsch,-0.4908317029476166,low,vb3,0.0,1.0,-0.9513183832168579,-0.9513183832168579,0.0
31.0,11.0,-0.9393776655197144,1.0,-0.12480387836694717,girl,girlsch,-0.4908317029476166,low,vb2,0.0,1.0,-0.12480387836694717,-0.12480387836694717,0.0
31.0,12.0,-0.4198014438152313,1.0,0.20580196380615234,girl,girlsch,-0.4908317029476166,low,vb2,0.0,1.0,0.20580196380615234,0.20580196380615234,0.0
31.0,13.0,-0.6995050311088562,1.0,-1.4472272396087646,girl,girlsch,-0.4908317029476166,low,vb2,0.0,1.0,-1.4472272396087646,-1.4472272396087646,0.0
31.0,14.0,0.4781937301158905,1.0,0.45375630259513855,girl,girlsch,-0.4908317029476166,low,vb2,0.0,1.0,0.45375630259513855,0.45375630259513855,0.0
31.0,15.0,0.004321751184761524,1.0,0.20580196380615234,girl,girlsch,-0.4908317029476166,low,vb2,0.0,1.0,0.20580196380615234,0.20580196380615234,0.0
31.0,16.0,-1.029066801071167,1.0,-1.199272871017456,girl,girlsch,-0.4908317029476166,low,vb3,0.0,1.0,-1.199272871017456,-1.199272871017456,0.0
31.0,17.0,-0.4927808344364166,1.0,-0.5380612015724182,girl,girlsch,-0.4908317029476166,low,vb2,0.0,1.0,-0.5380612015724182,-0.5380612015724182,0.0
31.0,18.0,-1.029066801071167,1.0,-0.12480387836694717,girl,girlsch,-0.4908317029476166,low,vb2,0.0,1.0,-0.12480387836694717,-0.12480387836694717,0.0
31.0,19.0,-0.26515936851501465,1.0,-2.356393337249756,girl,girlsch,-0.4908317029476166,low,vb2,0.0,1.0,-2.356393337249756,-2.356393337249756,0.0
31.0,20.0,0.13406679034233093,1.0,-2.025787353515625,girl,girlsch,-0.4908317029476166,low,vb3,0.0,1.0,-2.025787353515625,-2.025787353515625,0.0
31.0,21.0,-0.776108980178833,1.0,-0.29010680317878723,girl,girlsch,-0.4908317029476166,low,vb2,0.0,1.0,-0.29010680317878723,-0.29010680317878723,0.0
31.0,22.0,1.1094379425048828,1.0,0.45375630259513855,girl,girlsch,-0.4908317029476166,low,vb2,0.0,1.0,0.45375630259513855,0.45375630259513855,0.0
31.0,23.0,0.1941491812467575,1.0,-0.37275826930999756,girl,girlsch,-0.4908317029476166,low,vb2,0.0,1.0,-0.37275826930999756,-0.37275826930999756,0.0
31.0,24.0,-0.4198014438152313,1.0,-1.8604844808578491,girl,girlsch,-0.4908317029476166,low,vb3,0.0,1.0,-1.8604844808578491,-1.8604844808578491,0.0
31.0,25.0,-1.5266530513763428,1.0,-0.7033640742301941,girl,girlsch,-0.4908317029476166,low,vb3,0.0,1.0,-0.7033640742301941,-0.7033640742301941,0.0
31.0,26.0,1.4395315647125244,1.0,-0.12480387836694717,girl,girlsch,-0.4908317029476166,low,vb2,0.0,1.0,-0.12480387836694717,-0.12480387836694717,0.0
31.0,27.0,0.4781937301158905,1.0,-0.29010680317878723,girl,girlsch,-0.4908317029476166,low,vb2,0.0,1.0,-0.29010680317878723,-0.29010680317878723,0.0
31.0,28.0,-0.26515936851501465,1.0,-0.042152419686317444,girl,girlsch,-0.4908317029476166,low,vb2,0.0,1.0,-0.042152419686317444,-0.042152419686317444,0.0
31.0,29.0,0.7472277283668518,1.0,0.12315050512552261,girl,girlsch,-0.4908317029476166,low,vb2,0.0,1.0,0.12315050512552261,0.12315050512552261,0.0
31.0,30.0,0.13406679034233093,1.0,0.6190592646598816,girl,girlsch,-0.4908317029476166,low,vb1,0.0,1.0,0.6190592646598816,0.6190592646598816,0.0
31.0,31.0,0.4026685655117035,1.0,0.20580196380615234,girl,girlsch,-0.4908317029476166,low,vb2,0.0,1.0,0.20580196380615234,0.20580196380615234,0.0
31.0,32.0,-0.12908467650413513,1.0,-0.8686670064926147,girl,girlsch,-0.4908317029476166,low,vb2,0.0,1.0,-0.8686670064926147,-0.8686670064926147,0.0
31.0,33.0,-1.8366867303848267,1.0,-1.364575743675232,girl,girlsch,-0.4908317029476166,low,vb3,0.0,1.0,-1.364575743675232,-1.364575743675232,0.0
31.0,34.0,-0.33884158730506897,1.0,-0.6207126379013062,girl,girlsch,-0.4908317029476166,low,vb2,0.0,1.0,-0.6207126379013062,-0.6207126379013062,0.0
31.0,35.0,-1.2194855213165283,1.0,-0.4554097056388855,girl,girlsch,-0.4908317029476166,low,vb2,0.0,1.0,-0.4554097056388855,-0.4554097056388855,0.0
31.0,36.0,-0.776108980178833,1.0,-1.1166213750839233,girl,girlsch,-0.4908317029476166,low,vb3,0.0,1.0,-1.1166213750839233,-1.1166213750839233,0.0
31.0,37.0,-1.029066801071167,1.0,-0.2074553370475769,girl,girlsch,-0.4908317029476166,low,vb2,0.0,1.0,-0.2074553370475769,-0.2074553370475769,0.0
31.0,38.0,-0.776108980178833,1.0,-0.9513183832168579,girl,girlsch,-0.4908317029476166,low,vb3,0.0,1.0,-0.9513183832168579,-0.9513183832168579,0.0
31.0,39.0,0.4781937301158905,1.0,0.5364077687263489,girl,girlsch,-0.4908317029476166,low,vb1,0.0,1.0,0.5364077687263489,0.5364077687263489,0.0
31.0,40.0,0.2613244652748108,1.0,-0.042152419686317444,girl,girlsch,-0.4908317029476166,low,vb2,0.0,1.0,-0.042152419686317444,-0.042152419686317444,0.0
31.0,41.0,-0.9393776655197144,1.0,-1.199272871017456,girl,girlsch,-0.4908317029476166,low,vb3,0.0,1.0,-1.199272871017456,-1.199272871017456,0.0
31.0,42.0,-0.26515936851501465,1.0,-1.0339698791503906,girl,girlsch,-0.4908317029476166,low,vb3,0.0,1.0,-1.0339698791503906,-1.0339698791503906,0.0
31.0,43.0,-0.8526700735092163,1.0,-1.1166213750839233,girl,girlsch,-0.4908317029476166,low,vb3,0.0,1.0,-1.1166213750839233,-1.1166213750839233,0.0
31.0,44.0,-0.6995050311088562,1.0,-0.6207126379013062,girl,girlsch,-0.4908317029476166,low,vb2,0.0,1.0,-0.6207126379013062,-0.6207126379013062,0.0
31.0,45.0,-0.06208816543221474,1.0,-0.042152419686317444,girl,girlsch,-0.4908317029476166,low,vb2,0.0,1.0,-0.042152419686317444,-0.042152419686317444,0.0
31.0,46.0,-0.6995050311088562,1.0,-0.2074553370475769,girl,girlsch,-0.4908317029476166,low,vb2,0.0,1.0,-0.2074553370475769,-0.2074553370475769,0.0
31.0,47.0,0.07353636622428894,1.0,-1.777833104133606,girl,girlsch,-0.4908317029476166,low,vb3,0.0,1.0,-1.777833104133606,-1.777833104133606,0.0
31.0,48.0,0.7472277283668518,1.0,-0.29010680317878723,girl,girlsch,-0.4908317029476166,low,vb2,0.0,1.0,-0.29010680317878723,-0.29010680317878723,0.0
31.0,49.0,0.004321751184761524,1.0,-0.12480387836694717,girl,girlsch,-0.4908317029476166,low,vb2,0.0,1.0,-0.12480387836694717,-0.12480387836694717,0.0
35.0,1.0,-0.4198014438152313,1.0,-0.5380612015724182,girl,girlsch,-0.12045381218194962,mid,vb2,0.0,1.0,-0.5380612015724182,-0.5380612015724182,0.0
35.0,2.0,0.328072190284729,1.0,-0.6207126379013062,girl,girlsch,-0.12045381218194962,mid,vb2,0.0,1.0,-0.6207126379013062,-0.6207126379013062,0.0
35.0,3.0,0.004321751184761524,1.0,-0.2074553370475769,girl,girlsch,-0.12045381218194962,mid,vb2,0.0,1.0,-0.2074553370475769,-0.2074553370475769,0.0
35.0,4.0,0.821988046169281,1.0,0.45375630259513855,girl,girlsch,-0.12045381218194962,mid,vb2,0.0,1.0,0.45375630259513855,0.45375630259513855,0.0
35.0,5.0,0.5443409085273743,1.0,-0.2074553370475769,girl,girlsch,-0.12045381218194962,mid,vb2,0.0,1.0,-0.2074553370475769,-0.2074553370475769,0.0
35.0,6.0,1.3101423978805542,1.0,0.12315050512552261,girl,girlsch,-0.12045381218194962,mid,vb2,0.0,1.0,0.12315050512552261,0.12315050512552261,0.0
35.0,7.0,-0.12908467650413513,1.0,0.5364077687263489,girl,girlsch,-0.12045381218194962,mid,vb2,0.0,1.0,0.5364077687263489,0.5364077687263489,0.0
35.0,8.0,0.7472277283668518,1.0,0.8670135736465454,girl,girlsch,-0.12045381218194962,mid,vb2,0.0,1.0,0.8670135736465454,0.8670135736465454,0.0
35.0,9.0,0.4026685655117035,1.0,-0.2074553370475769,girl,girlsch,-0.12045381218194962,mid,vb2,0.0,1.0,-0.2074553370475769,-0.2074553370475769,0.0
35.0,10.0,0.678758978843689,1.0,-0.29010680317878723,girl,girlsch,-0.12045381218194962,mid,vb2,0.0,1.0,-0.29010680317878723,-0.29010680317878723,0.0
35.0,11.0,0.6107285618782043,1.0,1.2802709341049194,girl,girlsch,-0.12045381218194962,mid,vb1,0.0,1.0,1.2802709341049194,1.2802709341049194,0.0
35.0,12.0,0.4026685655117035,1.0,-0.5380612015724182,girl,girlsch,-0.12045381218194962,mid,vb2,0.0,1.0,-0.5380612015724182,-0.5380612015724182,0.0
35.0,13.0,-0.33884158730506897,1.0,-0.29010680317878723,girl,girlsch,-0.12045381218194962,mid,vb2,0.0,1.0,-0.29010680317878723,-0.29010680317878723,0.0
35.0,14.0,0.07353636622428894,1.0,-1.0339698791503906,girl,girlsch,-0.12045381218194962,mid,vb3,0.0,1.0,-1.0339698791503906,-1.0339698791503906,0.0
35.0,15.0,-1.029066801071167,1.0,-0.29010680317878723,girl,girlsch,-0.12045381218194962,mid,vb2,0.0,1.0,-0.29010680317878723,-0.29010680317878723,0.0
35.0,16.0,-0.33884158730506897,1.0,-0.12480387836694717,girl,girlsch,-0.12045381218194962,mid,vb2,0.0,1.0,-0.12480387836694717,-0.12480387836694717,0.0
35.0,17.0,-0.5551124811172485,1.0,-0.4554097056388855,girl,girlsch,-0.12045381218194962,mid,vb2,0.0,1.0,-0.4554097056388855,-0.4554097056388855,0.0
35.0,18.0,0.8965656757354736,1.0,0.040499038994312286,girl,girlsch,-0.12045381218194962,mid,vb1,0.0,1.0,0.040499038994312286,0.040499038994312286,0.0
35.0,19.0,0.9675859808921814,1.0,1.6108767986297607,girl,girlsch,-0.12045381218194962,mid,vb2,0.0,1.0,1.6108767986297607,1.6108767986297607,0.0
35.0,20.0,-0.6995050311088562,1.0,-1.0339698791503906,girl,girlsch,-0.12045381218194962,mid,vb2,0.0,1.0,-1.0339698791503906,-1.0339698791503906,0.0
35.0,21.0,-0.5551124811172485,1.0,-0.29010680317878723,girl,girlsch,-0.12045381218194962,mid,vb2,0.0,1.0,-0.29010680317878723,-0.29010680317878723,0.0
35.0,22.0,-0.19761060178279877,1.0,-1.199272871017456,girl,girlsch,-0.12045381218194962,mid,vb2,0.0,1.0,-1.199272871017456,-1.199272871017456,0.0
35.0,23.0,0.8965656757354736,1.0,-1.364575743675232,girl,girlsch,-0.12045381218194962,mid,vb2,0.0,1.0,-1.364575743675232,-1.364575743675232,0.0
35.0,24.0,-0.33884158730506897,1.0,0.5364077687263489,girl,girlsch,-0.12045381218194962,mid,vb2,0.0,1.0,0.5364077687263489,0.5364077687263489,0.0
35.0,25.0,-0.6995050311088562,1.0,-0.37275826930999756,girl,girlsch,-0.12045381218194962,mid,vb2,0.0,1.0,-0.37275826930999756,-0.37275826930999756,0.0
35.0,26.0,-1.029066801071167,1.0,0.040499038994312286,girl,girlsch,-0.12045381218194962,mid,vb2,0.0,1.0,0.040499038994312286,0.040499038994312286,0.0
35.0,27.0,-1.7238824367523193,1.0,-0.7033640742301941,girl,girlsch,-0.12045381218194962,mid,vb2,0.0,1.0,-0.7033640742301941,-0.7033640742301941,0.0
35.0,28.0,0.8965656757354736,1.0,1.2802709341049194,girl,girlsch,-0.12045381218194962,mid,vb1,0.0,1.0,1.2802709341049194,1.2802709341049194,0.0
35.0,29.0,-1.1186243295669556,1.0,-0.4554097056388855,girl,girlsch,-0.12045381218194962,mid,vb3,0.0,1.0,-0.4554097056388855,-0.4554097056388855,0.0
35.0,30.0,0.13406679034233093,1.0,-0.042152419686317444,girl,girlsch,-0.12045381218194962,mid,vb1,0.0,1.0,-0.042152419686317444,-0.042152419686317444,0.0
35.0,31.0,-0.6995050311088562,1.0,-0.37275826930999756,girl,girlsch,-0.12045381218194962,mid,vb2,0.0,1.0,-0.37275826930999756,-0.37275826930999756,0.0
35.0,32.0,0.9675859808921814,1.0,-0.6207126379013062,girl,girlsch,-0.12045381218194962,mid,vb2,0.0,1.0,-0.6207126379013062,-0.6207126379013062,0.0
35.0,33.0,1.3101423978805542,1.0,1.6108767986297607,girl,girlsch,-0.12045381218194962,mid,vb1,0.0,1.0,1.6108767986297607,1.6108767986297607,0.0
35.0,34.0,0.328072190284729,1.0,-0.7860155701637268,girl,girlsch,-0.12045381218194962,mid,vb2,0.0,1.0,-0.7860155701637268,-0.7860155701637268,0.0
35.0,35.0,0.6107285618782043,1.0,0.9496650099754333,girl,girlsch,-0.12045381218194962,mid,vb2,0.0,1.0,0.9496650099754333,0.9496650099754333,0.0
35.0,36.0,0.2613244652748108,1.0,0.040499038994312286,girl,girlsch,-0.12045381218194962,mid,vb1,0.0,1.0,0.040499038994312286,0.040499038994312286,0.0
35.0,37.0,0.13406679034233093,1.0,-1.5298787355422974,girl,girlsch,-0.12045381218194962,mid,vb2,0.0,1.0,-1.5298787355422974,-1.5298787355422974,0.0
35.0,38.0,-0.26515936851501465,1.0,-0.37275826930999756,girl,girlsch,-0.12045381218194962,mid,vb2,0.0,1.0,-0.37275826930999756,-0.37275826930999756,0.0
39.0,1.0,0.5443409085273743,1.0,-1.0339698791503906,girl,girlsch,-0.19712388515472412,mid,vb2,0.0,1.0,-1.0339698791503906,-1.0339698791503906,0.0
39.0,2.0,-0.4198014438152313,1.0,-0.12480387836694717,girl,girlsch,-0.19712388515472412,mid,vb2,0.0,1.0,-0.12480387836694717,-0.12480387836694717,0.0
39.0,3.0,0.5443409085273743,1.0,0.5364077687263489,girl,girlsch,-0.19712388515472412,mid,vb2,0.0,1.0,0.5364077687263489,0.5364077687263489,0.0
39.0,4.0,-0.26515936851501465,1.0,-0.7033640742301941,girl,girlsch,-0.19712388515472412,mid,vb3,0.0,1.0,-0.7033640742301941,-0.7033640742301941,0.0
39.0,5.0,0.4026685655117035,1.0,1.2802709341049194,girl,girlsch,-0.19712388515472412,mid,vb2,0.0,1.0,1.2802709341049194,1.2802709341049194,0.0
39.0,6.0,0.5443409085273743,1.0,1.3629224300384521,girl,girlsch,-0.19712388515472412,mid,vb1,0.0,1.0,1.3629224300384521,1.3629224300384521,0.0
39.0,7.0,-0.4198014438152313,1.0,-2.934953451156616,girl,girlsch,-0.19712388515472412,mid,vb2,0.0,1.0,-2.934953451156616,-2.934953451156616,0.0
39.0,8.0,-0.19761060178279877,1.0,0.7017107009887695,girl,girlsch,-0.19712388515472412,mid,vb2,0.0,1.0,0.7017107009887695,0.7017107009887695,0.0
39.0,9.0,-0.6995050311088562,1.0,-0.9513183832168579,girl,girlsch,-0.19712388515472412,mid,vb2,0.0,1.0,-0.9513183832168579,-0.9513183832168579,0.0
39.0,10.0,-0.4927808344364166,1.0,-0.7860155701637268,girl,girlsch,-0.19712388515472412,mid,vb2,0.0,1.0,-0.7860155701637268,-0.7860155701637268,0.0
39.0,11.0,-0.12908467650413513,1.0,-2.025787353515625,girl,girlsch,-0.19712388515472412,mid,vb3,0.0,1.0,-2.025787353515625,-2.025787353515625,0.0
39.0,12.0,-0.9393776655197144,1.0,-1.0339698791503906,girl,girlsch,-0.19712388515472412,mid,vb2,0.0,1.0,-1.0339698791503906,-1.0339698791503906,0.0
39.0,13.0,-0.06208816543221474,1.0,-0.2074553370475769,girl,girlsch,-0.19712388515472412,mid,vb1,0.0,1.0,-0.2074553370475769,-0.2074553370475769,0.0
39.0,14.0,-1.3353148698806763,1.0,-0.9513183832168579,girl,girlsch,-0.19712388515472412,mid,vb2,0.0,1.0,-0.9513183832168579,-0.9513183832168579,0.0
39.0,15.0,0.004321751184761524,1.0,-0.2074553370475769,girl,girlsch,-0.19712388515472412,mid,vb1,0.0,1.0,-0.2074553370475769,-0.2074553370475769,0.0
39.0,16.0,-0.19761060178279877,1.0,-0.6207126379013062,girl,girlsch,-0.19712388515472412,mid,vb2,0.0,1.0,-0.6207126379013062,-0.6207126379013062,0.0
39.0,17.0,-0.19761060178279877,1.0,-0.29010680317878723,girl,girlsch,-0.19712388515472412,mid,vb2,0.0,1.0,-0.29010680317878723,-0.29010680317878723,0.0
39.0,18.0,0.2613244652748108,1.0,0.3711048662662506,girl,girlsch,-0.19712388515472412,mid,vb2,0.0,1.0,0.3711048662662506,0.3711048662662506,0.0
39.0,19.0,1.5792195796966553,1.0,1.9414825439453125,girl,girlsch,-0.19712388515472412,mid,vb1,0.0,1.0,1.9414825439453125,1.9414825439453125,0.0
39.0,20.0,0.6107285618782043,1.0,0.040499038994312286,girl,girlsch,-0.19712388515472412,mid,vb2,0.0,1.0,0.040499038994312286,0.040499038994312286,0.0
39.0,21.0,0.004321751184761524,1.0,1.528225302696228,girl,girlsch,-0.19712388515472412,mid,vb1,0.0,1.0,1.528225302696228,1.528225302696228,0.0
39.0,22.0,-1.029066801071167,1.0,-2.025787353515625,girl,girlsch,-0.19712388515472412,mid,vb3,0.0,1.0,-2.025787353515625,-2.025787353515625,0.0
39.0,23.0,1.7348991632461548,1.0,1.693528175354004,girl,girlsch,-0.19712388515472412,mid,vb1,0.0,1.0,1.693528175354004,1.693528175354004,0.0
39.0,24.0,-0.8526700735092163,1.0,-1.364575743675232,girl,girlsch,-0.19712388515472412,mid,vb3,0.0,1.0,-1.364575743675232,-1.364575743675232,0.0
39.0,25.0,1.3101423978805542,1.0,1.3629224300384521,girl,girlsch,-0.19712388515472412,mid,vb1,0.0,1.0,1.3629224300384521,1.3629224300384521,0.0
39.0,26.0,-0.4927808344364166,1.0,-0.4554097056388855,girl,girlsch,-0.19712388515472412,mid,vb2,0.0,1.0,-0.4554097056388855,-0.4554097056388855,0.0
39.0,27.0,1.1094379425048828,1.0,1.1149680614471436,girl,girlsch,-0.19712388515472412,mid,vb2,0.0,1.0,1.1149680614471436,1.1149680614471436,0.0
39.0,28.0,0.5443409085273743,1.0,-0.7860155701637268,girl,girlsch,-0.19712388515472412,mid,vb2,0.0,1.0,-0.7860155701637268,-0.7860155701637268,0.0
39.0,29.0,-0.33884158730506897,1.0,-1.777833104133606,girl,girlsch,-0.19712388515472412,mid,vb3,0.0,1.0,-1.777833104133606,-1.777833104133606,0.0
39.0,30.0,0.328072190284729,1.0,-0.042152419686317444,girl,girlsch,-0.19712388515472412,mid,vb1,0.0,1.0,-0.042152419686317444,-0.042152419686317444,0.0
39.0,31.0,-1.029066801071167,1.0,-0.4554097056388855,girl,girlsch,-0.19712388515472412,mid,vb3,0.0,1.0,-0.4554097056388855,-0.4554097056388855,0.0
39.0,32.0,-0.33884158730506897,1.0,-0.6207126379013062,girl,girlsch,-0.19712388515472412,mid,vb3,0.0,1.0,-0.6207126379013062,-0.6207126379013062,0.0
39.0,33.0,0.2613244652748108,1.0,1.4455738067626953,girl,girlsch,-0.19712388515472412,mid,vb2,0.0,1.0,1.4455738067626953,1.4455738067626953,0.0
39.0,34.0,-0.6995050311088562,1.0,-0.5380612015724182,girl,girlsch,-0.19712388515472412,mid,vb2,0.0,1.0,-0.5380612015724182,-0.5380612015724182,0.0
39.0,35.0,0.13406679034233093,1.0,-0.042152419686317444,girl,girlsch,-0.19712388515472412,mid,vb2,0.0,1.0,-0.042152419686317444,-0.042152419686317444,0.0
39.0,36.0,-0.4927808344364166,1.0,-1.8604844808578491,girl,girlsch,-0.19712388515472412,mid,vb2,0.0,1.0,-1.8604844808578491,-1.8604844808578491,0.0
39.0,37.0,1.175849437713623,1.0,0.6190592646598816,girl,girlsch,-0.19712388515472412,mid,vb1,0.0,1.0,0.6190592646598816,0.6190592646598816,0.0
39.0,38.0,0.5443409085273743,1.0,0.5364077687263489,girl,girlsch,-0.19712388515472412,mid,vb2,0.0,1.0,0.5364077687263489,0.5364077687263489,0.0
39.0,39.0,0.328072190284729,1.0,-1.0339698791503906,girl,girlsch,-0.19712388515472412,mid,vb3,0.0,1.0,-1.0339698791503906,-1.0339698791503906,0.0
39.0,40.0,-0.5551124811172485,1.0,-0.7033640742301941,girl,girlsch,-0.19712388515472412,mid,vb2,0.0,1.0,-0.7033640742301941,-0.7033640742301941,0.0
39.0,41.0,0.9675859808921814,1.0,1.8588311672210693,girl,girlsch,-0.19712388515472412,mid,vb1,0.0,1.0,1.8588311672210693,1.8588311672210693,0.0
39.0,42.0,-1.029066801071167,1.0,-1.9431359767913818,girl,girlsch,-0.19712388515472412,mid,vb3,0.0,1.0,-1.9431359767913818,-1.9431359767913818,0.0
39.0,43.0,1.2405332326889038,1.0,-0.12480387836694717,girl,girlsch,-0.19712388515472412,mid,vb1,0.0,1.0,-0.12480387836694717,-0.12480387836694717,0.0
39.0,44.0,0.678758978843689,1.0,0.28845342993736267,girl,girlsch,-0.19712388515472412,mid,vb2,0.0,1.0,0.28845342993736267,0.28845342993736267,0.0
39.0,45.0,-0.4198014438152313,1.0,-0.37275826930999756,girl,girlsch,-0.19712388515472412,mid,vb2,0.0,1.0,-0.37275826930999756,-0.37275826930999756,0.0
39.0,46.0,-1.1186243295669556,1.0,-0.12480387836694717,girl,girlsch,-0.19712388515472412,mid,vb2,0.0,1.0,-0.12480387836694717,-0.12480387836694717,0.0
39.0,47.0,0.1941491812467575,1.0,-0.4554097056388855,girl,girlsch,-0.19712388515472412,mid,vb2,0.0,1.0,-0.4554097056388855,-0.4554097056388855,0.0
39.0,48.0,0.5443409085273743,1.0,0.45375630259513855,girl,girlsch,-0.19712388515472412,mid,vb1,0.0,1.0,0.45375630259513855,0.45375630259513855,0.0
41.0,1.0,-0.4198014438152313,1.0,0.7017107009887695,girl,girlsch,-0.2887292504310608,mid,vb2,0.0,1.0,0.7017107009887695,0.7017107009887695,0.0
41.0,2.0,0.9675859808921814,1.0,0.20580196380615234,girl,girlsch,-0.2887292504310608,mid,vb1,0.0,1.0,0.20580196380615234,0.20580196380615234,0.0
41.0,3.0,0.328072190284729,1.0,-0.7860155701637268,girl,girlsch,-0.2887292504310608,mid,vb3,0.0,1.0,-0.7860155701637268,-0.7860155701637268,0.0
41.0,4.0,0.821988046169281,1.0,0.3711048662662506,girl,girlsch,-0.2887292504310608,mid,vb2,0.0,1.0,0.3711048662662506,0.3711048662662506,0.0
41.0,5.0,-0.776108980178833,1.0,-2.521696090698242,girl,girlsch,-0.2887292504310608,mid,vb3,0.0,1.0,-2.521696090698242,-2.521696090698242,0.0
41.0,6.0,-1.3353148698806763,1.0,-2.934953451156616,girl,girlsch,-0.2887292504310608,mid,vb3,0.0,1.0,-2.934953451156616,-2.934953451156616,0.0
41.0,7.0,-0.5551124811172485,1.0,-1.0339698791503906,girl,girlsch,-0.2887292504310608,mid,vb3,0.0,1.0,-1.0339698791503906,-1.0339698791503906,0.0
41.0,8.0,-1.3353148698806763,1.0,-1.199272871017456,girl,girlsch,-0.2887292504310608,mid,vb2,0.0,1.0,-1.199272871017456,-1.199272871017456,0.0
41.0,9.0,-0.6230506896972656,1.0,0.3711048662662506,girl,girlsch,-0.2887292504310608,mid,vb2,0.0,1.0,0.3711048662662506,0.3711048662662506,0.0
41.0,10.0,-1.5266530513763428,1.0,-0.6207126379013062,girl,girlsch,-0.2887292504310608,mid,vb3,0.0,1.0,-0.6207126379013062,-0.6207126379013062,0.0
41.0,11.0,-0.5551124811172485,1.0,0.5364077687263489,girl,girlsch,-0.2887292504310608,mid,vb2,0.0,1.0,0.5364077687263489,0.5364077687263489,0.0
41.0,12.0,0.4781937301158905,1.0,-1.9431359767913818,girl,girlsch,-0.2887292504310608,mid,vb3,0.0,1.0,-1.9431359767913818,-1.9431359767913818,0.0
41.0,13.0,1.5792195796966553,1.0,-0.37275826930999756,girl,girlsch,-0.2887292504310608,mid,vb2,0.0,1.0,-0.37275826930999756,-0.37275826930999756,0.0
41.0,14.0,0.328072190284729,1.0,-0.8686670064926147,girl,girlsch,-0.2887292504310608,mid,vb2,0.0,1.0,-0.8686670064926147,-0.8686670064926147,0.0
41.0,15.0,0.1941491812467575,1.0,-1.0339698791503906,girl,girlsch,-0.2887292504310608,mid,vb2,0.0,1.0,-1.0339698791503906,-1.0339698791503906,0.0
41.0,16.0,-1.3353148698806763,1.0,-0.9513183832168579,girl,girlsch,-0.2887292504310608,mid,vb2,0.0,1.0,-0.9513183832168579,-0.9513183832168579,0.0
41.0,17.0,-0.4198014438152313,1.0,-1.6125301122665405,girl,girlsch,-0.2887292504310608,mid,vb3,0.0,1.0,-1.6125301122665405,-1.6125301122665405,0.0
41.0,18.0,1.2405332326889038,1.0,0.28845342993736267,girl,girlsch,-0.2887292504310608,mid,vb1,0.0,1.0,0.28845342993736267,0.28845342993736267,0.0
41.0,19.0,-1.7238824367523193,1.0,-0.8686670064926147,girl,girlsch,-0.2887292504310608,mid,vb2,0.0,1.0,-0.8686670064926147,-0.8686670064926147,0.0
41.0,20.0,-0.4198014438152313,1.0,-0.37275826930999756,girl,girlsch,-0.2887292504310608,mid,vb2,0.0,1.0,-0.37275826930999756,-0.37275826930999756,0.0
41.0,21.0,0.678758978843689,1.0,-0.29010680317878723,girl,girlsch,-0.2887292504310608,mid,vb2,0.0,1.0,-0.29010680317878723,-0.29010680317878723,0.0
41.0,22.0,1.9771069288253784,1.0,0.7017107009887695,girl,girlsch,-0.2887292504310608,mid,vb1,0.0,1.0,0.7017107009887695,0.7017107009887695,0.0
41.0,23.0,1.3101423978805542,1.0,0.45375630259513855,girl,girlsch,-0.2887292504310608,mid,vb2,0.0,1.0,0.45375630259513855,0.45375630259513855,0.0
41.0,24.0,0.4781937301158905,1.0,-0.37275826930999756,girl,girlsch,-0.2887292504310608,mid,vb2,0.0,1.0,-0.37275826930999756,-0.37275826930999756,0.0
41.0,25.0,0.7472277283668518,1.0,1.2802709341049194,girl,girlsch,-0.2887292504310608,mid,vb1,0.0,1.0,1.2802709341049194,1.2802709341049194,0.0
41.0,26.0,-0.12908467650413513,1.0,0.7843621969223022,girl,girlsch,-0.2887292504310608,mid,vb1,0.0,1.0,0.7843621969223022,0.7843621969223022,0.0
41.0,27.0,0.07353636622428894,1.0,0.20580196380615234,girl,girlsch,-0.2887292504310608,mid,vb2,0.0,1.0,0.20580196380615234,0.20580196380615234,0.0
41.0,28.0,-0.4198014438152313,1.0,-1.364575743675232,girl,girlsch,-0.2887292504310608,mid,vb2,0.0,1.0,-1.364575743675232,-1.364575743675232,0.0
41.0,29.0,-0.33884158730506897,1.0,-2.356393337249756,girl,girlsch,-0.2887292504310608,mid,vb2,0.0,1.0,-2.356393337249756,-2.356393337249756,0.0
41.0,30.0,1.0396080017089844,1.0,-0.12480387836694717,girl,girlsch,-0.2887292504310608,mid,vb2,0.0,1.0,-0.12480387836694717,-0.12480387836694717,0.0
41.0,31.0,-0.9393776655197144,1.0,-1.6951816082000732,girl,girlsch,-0.2887292504310608,mid,vb2,0.0,1.0,-1.6951816082000732,-1.6951816082000732,0.0
41.0,32.0,1.0396080017089844,1.0,0.7843621969223022,girl,girlsch,-0.2887292504310608,mid,vb2,0.0,1.0,0.7843621969223022,0.7843621969223022,0.0
41.0,33.0,1.0396080017089844,1.0,0.20580196380615234,girl,girlsch,-0.2887292504310608,mid,vb2,0.0,1.0,0.20580196380615234,0.20580196380615234,0.0
41.0,34.0,1.3101423978805542,1.0,0.7017107009887695,girl,girlsch,-0.2887292504310608,mid,vb1,0.0,1.0,0.7017107009887695,0.7017107009887695,0.0
41.0,35.0,0.7472277283668518,1.0,0.20580196380615234,girl,girlsch,-0.2887292504310608,mid,vb2,0.0,1.0,0.20580196380615234,0.20580196380615234,0.0
41.0,36.0,-0.6995050311088562,1.0,0.7843621969223022,girl,girlsch,-0.2887292504310608,mid,vb2,0.0,1.0,0.7843621969223022,0.7843621969223022,0.0
41.0,37.0,-0.4198014438152313,1.0,-0.29010680317878723,girl,girlsch,-0.2887292504310608,mid,vb2,0.0,1.0,-0.29010680317878723,-0.29010680317878723,0.0
41.0,38.0,-0.6230506896972656,1.0,0.20580196380615234,girl,girlsch,-0.2887292504310608,mid,vb2,0.0,1.0,0.20580196380615234,0.20580196380615234,0.0
41.0,39.0,0.07353636622428894,1.0,0.8670135736465454,girl,girlsch,-0.2887292504310608,mid,vb2,0.0,1.0,0.8670135736465454,0.8670135736465454,0.0
41.0,40.0,1.4395315647125244,1.0,0.040499038994312286,girl,girlsch,-0.2887292504310608,mid,vb1,0.0,1.0,0.040499038994312286,0.040499038994312286,0.0
41.0,41.0,-1.2194855213165283,1.0,-1.2819242477416992,girl,girlsch,-0.2887292504310608,mid,vb2,0.0,1.0,-1.2819242477416992,-1.2819242477416992,0.0
41.0,42.0,-0.06208816543221474,1.0,0.7017107009887695,girl,girlsch,-0.2887292504310608,mid,vb2,0.0,1.0,0.7017107009887695,0.7017107009887695,0.0
41.0,43.0,1.4395315647125244,1.0,0.5364077687263489,girl,girlsch,-0.2887292504310608,mid,vb2,0.0,1.0,0.5364077687263489,0.5364077687263489,0.0
41.0,44.0,0.004321751184761524,1.0,0.040499038994312286,girl,girlsch,-0.2887292504310608,mid,vb2,0.0,1.0,0.040499038994312286,0.040499038994312286,0.0
41.0,45.0,0.13406679034233093,1.0,0.20580196380615234,girl,girlsch,-0.2887292504310608,mid,vb2,0.0,1.0,0.20580196380615234,0.20580196380615234,0.0
41.0,46.0,1.1094379425048828,1.0,-0.12480387836694717,girl,girlsch,-0.2887292504310608,mid,vb2,0.0,1.0,-0.12480387836694717,-0.12480387836694717,0.0
41.0,47.0,-1.438662052154541,1.0,-1.199272871017456,girl,girlsch,-0.2887292504310608,mid,vb3,0.0,1.0,-1.199272871017456,-1.199272871017456,0.0
41.0,48.0,-0.8526700735092163,1.0,-0.042152419686317444,girl,girlsch,-0.2887292504310608,mid,vb2,0.0,1.0,-0.042152419686317444,-0.042152419686317444,0.0
41.0,49.0,0.4026685655117035,1.0,-0.5380612015724182,girl,girlsch,-0.2887292504310608,mid,vb2,0.0,1.0,-0.5380612015724182,-0.5380612015724182,0.0
41.0,50.0,-1.1186243295669556,1.0,-1.4472272396087646,girl,girlsch,-0.2887292504310608,mid,vb3,0.0,1.0,-1.4472272396087646,-1.4472272396087646,0.0
41.0,51.0,0.5443409085273743,1.0,-0.5380612015724182,girl,girlsch,-0.2887292504310608,mid,vb2,0.0,1.0,-0.5380612015724182,-0.5380612015724182,0.0
41.0,52.0,0.328072190284729,1.0,0.040499038994312286,girl,girlsch,-0.2887292504310608,mid,vb2,0.0,1.0,0.040499038994312286,0.040499038994312286,0.0
41.0,53.0,-0.26515936851501465,1.0,0.12315050512552261,girl,girlsch,-0.2887292504310608,mid,vb2,0.0,1.0,0.12315050512552261,0.12315050512552261,0.0
41.0,54.0,0.7472277283668518,1.0,0.3711048662662506,girl,girlsch,-0.2887292504310608,mid,vb1,0.0,1.0,0.3711048662662506,0.3711048662662506,0.0
41.0,55.0,0.821988046169281,1.0,0.8670135736465454,girl,girlsch,-0.2887292504310608,mid,vb1,0.0,1.0,0.8670135736465454,0.8670135736465454,0.0
41.0,56.0,-0.5551124811172485,1.0,-1.4472272396087646,girl,girlsch,-0.2887292504310608,mid,vb3,0.0,1.0,-1.4472272396087646,-1.4472272396087646,0.0
41.0,57.0,0.328072190284729,1.0,0.8670135736465454,girl,girlsch,-0.2887292504310608,mid,vb1,0.0,1.0,0.8670135736465454,0.8670135736465454,0.0
41.0,58.0,0.4026685655117035,1.0,0.7843621969223022,girl,girlsch,-0.2887292504310608,mid,vb2,0.0,1.0,0.7843621969223022,0.7843621969223022,0.0
41.0,59.0,0.7472277283668518,1.0,-0.8686670064926147,girl,girlsch,-0.2887292504310608,mid,vb2,0.0,1.0,-0.8686670064926147,-0.8686670064926147,0.0
41.0,60.0,-0.4198014438152313,1.0,-0.4554097056388855,girl,girlsch,-0.2887292504310608,mid,vb1,0.0,1.0,-0.4554097056388855,-0.4554097056388855,0.0
48.0,1.0,-0.6995050311088562,1.0,-0.37275826930999756,girl,girlsch,-0.41408398747444153,low,vb2,0.0,1.0,-0.37275826930999756,-0.37275826930999756,0.0
48.0,2.0,-0.12908467650413513,1.0,-0.4554097056388855,girl,girlsch,-0.41408398747444153,low,vb2,0.0,1.0,-0.4554097056388855,-0.4554097056388855,0.0
49.0,1.0,0.678758978843689,1.0,0.5364077687263489,girl,girlsch,-0.001192416762933135,mid,vb2,0.0,1.0,0.5364077687263489,0.5364077687263489,0.0
49.0,2.0,-0.4198014438152313,1.0,-1.2819242477416992,girl,girlsch,-0.001192416762933135,mid,vb3,0.0,1.0,-1.2819242477416992,-1.2819242477416992,0.0
49.0,3.0,0.4026685655117035,1.0,0.12315050512552261,girl,girlsch,-0.001192416762933135,mid,vb1,0.0,1.0,0.12315050512552261,0.12315050512552261,0.0
49.0,4.0,1.175849437713623,1.0,0.7843621969223022,girl,girlsch,-0.001192416762933135,mid,vb2,0.0,1.0,0.7843621969223022,0.7843621969223022,0.0
49.0,5.0,0.678758978843689,1.0,0.7017107009887695,girl,girlsch,-0.001192416762933135,mid,vb1,0.0,1.0,0.7017107009887695,0.7017107009887695,0.0
49.0,6.0,-0.4198014438152313,1.0,0.9496650099754333,girl,girlsch,-0.001192416762933135,mid,vb1,0.0,1.0,0.9496650099754333,0.9496650099754333,0.0
49.0,7.0,1.4395315647125244,1.0,0.7843621969223022,girl,girlsch,-0.001192416762933135,mid,vb1,0.0,1.0,0.7843621969223022,0.7843621969223022,0.0
49.0,8.0,0.4026685655117035,1.0,-0.29010680317878723,girl,girlsch,-0.001192416762933135,mid,vb1,0.0,1.0,-0.29010680317878723,-0.29010680317878723,0.0
49.0,9.0,-1.1186243295669556,1.0,0.3711048662662506,girl,girlsch,-0.001192416762933135,mid,vb2,0.0,1.0,0.3711048662662506,0.3711048662662506,0.0
49.0,10.0,-0.6995050311088562,1.0,0.6190592646598816,girl,girlsch,-0.001192416762933135,mid,vb2,0.0,1.0,0.6190592646598816,0.6190592646598816,0.0
49.0,11.0,1.175849437713623,1.0,0.6190592646598816,girl,girlsch,-0.001192416762933135,mid,vb1,0.0,1.0,0.6190592646598816,0.6190592646598816,0.0
49.0,12.0,0.1941491812467575,1.0,0.12315050512552261,girl,girlsch,-0.001192416762933135,mid,vb2,0.0,1.0,0.12315050512552261,0.12315050512552261,0.0
49.0,13.0,-0.06208816543221474,1.0,0.6190592646598816,girl,girlsch,-0.001192416762933135,mid,vb2,0.0,1.0,0.6190592646598816,0.6190592646598816,0.0
49.0,14.0,-0.9393776655197144,1.0,-0.12480387836694717,girl,girlsch,-0.001192416762933135,mid,vb2,0.0,1.0,-0.12480387836694717,-0.12480387836694717,0.0
49.0,15.0,0.9675859808921814,1.0,0.7843621969223022,girl,girlsch,-0.001192416762933135,mid,vb2,0.0,1.0,0.7843621969223022,0.7843621969223022,0.0
49.0,16.0,-0.9393776655197144,1.0,-1.199272871017456,girl,girlsch,-0.001192416762933135,mid,vb2,0.0,1.0,-1.199272871017456,-1.199272871017456,0.0
49.0,17.0,-0.5551124811172485,1.0,0.20580196380615234,girl,girlsch,-0.001192416762933135,mid,vb3,0.0,1.0,0.20580196380615234,0.20580196380615234,0.0
49.0,18.0,0.07353636622428894,1.0,0.3711048662662506,girl,girlsch,-0.001192416762933135,mid,vb1,0.0,1.0,0.3711048662662506,0.3711048662662506,0.0
49.0,19.0,1.175849437713623,1.0,0.12315050512552261,girl,girlsch,-0.001192416762933135,mid,vb2,0.0,1.0,0.12315050512552261,0.12315050512552261,0.0
49.0,20.0,-0.06208816543221474,1.0,0.8670135736465454,girl,girlsch,-0.001192416762933135,mid,vb2,0.0,1.0,0.8670135736465454,0.8670135736465454,0.0
49.0,21.0,-0.26515936851501465,1.0,0.040499038994312286,girl,girlsch,-0.001192416762933135,mid,vb2,0.0,1.0,0.040499038994312286,0.040499038994312286,0.0
49.0,22.0,0.821988046169281,1.0,0.12315050512552261,girl,girlsch,-0.001192416762933135,mid,vb2,0.0,1.0,0.12315050512552261,0.12315050512552261,0.0
49.0,23.0,-0.8526700735092163,1.0,-1.364575743675232,girl,girlsch,-0.001192416762933135,mid,vb3,0.0,1.0,-1.364575743675232,-1.364575743675232,0.0
49.0,24.0,-0.12908467650413513,1.0,-0.042152419686317444,girl,girlsch,-0.001192416762933135,mid,vb1,0.0,1.0,-0.042152419686317444,-0.042152419686317444,0.0
49.0,25.0,0.004321751184761524,1.0,-0.8686670064926147,girl,girlsch,-0.001192416762933135,mid,vb2,0.0,1.0,-0.8686670064926147,-0.8686670064926147,0.0
49.0,26.0,-1.3353148698806763,1.0,0.3711048662662506,girl,girlsch,-0.001192416762933135,mid,vb2,0.0,1.0,0.3711048662662506,0.3711048662662506,0.0
49.0,27.0,0.5443409085273743,1.0,0.12315050512552261,girl,girlsch,-0.001192416762933135,mid,vb2,0.0,1.0,0.12315050512552261,0.12315050512552261,0.0
49.0,28.0,-0.26515936851501465,1.0,0.12315050512552261,girl,girlsch,-0.001192416762933135,mid,vb2,0.0,1.0,0.12315050512552261,0.12315050512552261,0.0
49.0,29.0,-0.19761060178279877,1.0,-0.042152419686317444,girl,girlsch,-0.001192416762933135,mid,vb2,0.0,1.0,-0.042152419686317444,-0.042152419686317444,0.0
49.0,30.0,0.004321751184761524,1.0,-0.4554097056388855,girl,girlsch,-0.001192416762933135,mid,vb2,0.0,1.0,-0.4554097056388855,-0.4554097056388855,0.0
49.0,31.0,-1.2194855213165283,1.0,-0.2074553370475769,girl,girlsch,-0.001192416762933135,mid,vb2,0.0,1.0,-0.2074553370475769,-0.2074553370475769,0.0
49.0,32.0,0.6107285618782043,1.0,-0.5380612015724182,girl,girlsch,-0.001192416762933135,mid,vb2,0.0,1.0,-0.5380612015724182,-0.5380612015724182,0.0
49.0,33.0,1.4395315647125244,1.0,1.1976194381713867,girl,girlsch,-0.001192416762933135,mid,vb1,0.0,1.0,1.1976194381713867,1.1976194381713867,0.0
49.0,34.0,-0.26515936851501465,1.0,-0.7860155701637268,girl,girlsch,-0.001192416762933135,mid,vb2,0.0,1.0,-0.7860155701637268,-0.7860155701637268,0.0
49.0,35.0,-1.5266530513763428,1.0,0.28845342993736267,girl,girlsch,-0.001192416762933135,mid,vb2,0.0,1.0,0.28845342993736267,0.28845342993736267,0.0
49.0,36.0,0.821988046169281,1.0,0.9496650099754333,girl,girlsch,-0.001192416762933135,mid,vb1,0.0,1.0,0.9496650099754333,0.9496650099754333,0.0
49.0,37.0,0.2613244652748108,1.0,0.3711048662662506,girl,girlsch,-0.001192416762933135,mid,vb2,0.0,1.0,0.3711048662662506,0.3711048662662506,0.0
49.0,38.0,0.7472277283668518,1.0,0.7017107009887695,girl,girlsch,-0.001192416762933135,mid,vb2,0.0,1.0,0.7017107009887695,0.7017107009887695,0.0
49.0,39.0,-0.6230506896972656,1.0,-0.6207126379013062,girl,girlsch,-0.001192416762933135,mid,vb2,0.0,1.0,-0.6207126379013062,-0.6207126379013062,0.0
49.0,40.0,0.2613244652748108,1.0,0.20580196380615234,girl,girlsch,-0.001192416762933135,mid,vb2,0.0,1.0,0.20580196380615234,0.20580196380615234,0.0
49.0,41.0,-1.8366867303848267,1.0,-1.8604844808578491,girl,girlsch,-0.001192416762933135,mid,vb2,0.0,1.0,-1.8604844808578491,-1.8604844808578491,0.0
49.0,42.0,0.07353636622428894,1.0,0.040499038994312286,girl,girlsch,-0.001192416762933135,mid,vb2,0.0,1.0,0.040499038994312286,0.040499038994312286,0.0
49.0,43.0,-0.19761060178279877,1.0,1.4455738067626953,girl,girlsch,-0.001192416762933135,mid,vb1,0.0,1.0,1.4455738067626953,1.4455738067626953,0.0
49.0,44.0,-0.06208816543221474,1.0,-0.9513183832168579,girl,girlsch,-0.001192416762933135,mid,vb2,0.0,1.0,-0.9513183832168579,-0.9513183832168579,0.0
49.0,45.0,-0.5551124811172485,1.0,0.3711048662662506,girl,girlsch,-0.001192416762933135,mid,vb2,0.0,1.0,0.3711048662662506,0.3711048662662506,0.0
49.0,46.0,-0.33884158730506897,1.0,-0.9513183832168579,girl,girlsch,-0.001192416762933135,mid,vb2,0.0,1.0,-0.9513183832168579,-0.9513183832168579,0.0
49.0,47.0,0.6107285618782043,1.0,-1.777833104133606,girl,girlsch,-0.001192416762933135,mid,vb2,0.0,1.0,-1.777833104133606,-1.777833104133606,0.0
49.0,48.0,-0.4198014438152313,1.0,0.5364077687263489,girl,girlsch,-0.001192416762933135,mid,vb2,0.0,1.0,0.5364077687263489,0.5364077687263489,0.0
49.0,49.0,0.5443409085273743,1.0,0.28845342993736267,girl,girlsch,-0.001192416762933135,mid,vb1,0.0,1.0,0.28845342993736267,0.28845342993736267,0.0
49.0,50.0,-1.1186243295669556,1.0,-1.8604844808578491,girl,girlsch,-0.001192416762933135,mid,vb3,0.0,1.0,-1.8604844808578491,-1.8604844808578491,0.0
49.0,51.0,0.4781937301158905,1.0,-1.199272871017456,girl,girlsch,-0.001192416762933135,mid,vb2,0.0,1.0,-1.199272871017456,-1.199272871017456,0.0
49.0,52.0,0.4781937301158905,1.0,1.2802709341049194,girl,girlsch,-0.001192416762933135,mid,vb1,0.0,1.0,1.2802709341049194,1.2802709341049194,0.0
49.0,53.0,0.8965656757354736,1.0,0.7017107009887695,girl,girlsch,-0.001192416762933135,mid,vb2,0.0,1.0,0.7017107009887695,0.7017107009887695,0.0
49.0,54.0,0.13406679034233093,1.0,1.693528175354004,girl,girlsch,-0.001192416762933135,mid,vb1,0.0,1.0,1.693528175354004,1.693528175354004,0.0
49.0,55.0,0.6107285618782043,1.0,-0.7033640742301941,girl,girlsch,-0.001192416762933135,mid,vb2,0.0,1.0,-0.7033640742301941,-0.7033640742301941,0.0
49.0,56.0,1.175849437713623,1.0,0.9496650099754333,girl,girlsch,-0.001192416762933135,mid,vb2,0.0,1.0,0.9496650099754333,0.9496650099754333,0.0
49.0,57.0,0.5443409085273743,1.0,0.45375630259513855,girl,girlsch,-0.001192416762933135,mid,vb2,0.0,1.0,0.45375630259513855,0.45375630259513855,0.0
49.0,58.0,0.1941491812467575,1.0,1.3629224300384521,girl,girlsch,-0.001192416762933135,mid,vb2,0.0,1.0,1.3629224300384521,1.3629224300384521,0.0
49.0,59.0,-2.1086435317993164,1.0,-0.5380612015724182,girl,girlsch,-0.001192416762933135,mid,vb2,0.0,1.0,-0.5380612015724182,-0.5380612015724182,0.0
49.0,60.0,1.661805510520935,1.0,1.693528175354004,girl,girlsch,-0.001192416762933135,mid,vb1,0.0,1.0,1.693528175354004,1.693528175354004,0.0
49.0,61.0,-0.9393776655197144,1.0,-0.042152419686317444,girl,girlsch,-0.001192416762933135,mid,vb2,0.0,1.0,-0.042152419686317444,-0.042152419686317444,0.0
49.0,62.0,0.07353636622428894,1.0,0.5364077687263489,girl,girlsch,-0.001192416762933135,mid,vb2,0.0,1.0,0.5364077687263489,0.5364077687263489,0.0
49.0,63.0,-1.029066801071167,1.0,-0.6207126379013062,girl,girlsch,-0.001192416762933135,mid,vb2,0.0,1.0,-0.6207126379013062,-0.6207126379013062,0.0
49.0,64.0,0.4026685655117035,1.0,0.5364077687263489,girl,girlsch,-0.001192416762933135,mid,vb1,0.0,1.0,0.5364077687263489,0.5364077687263489,0.0
49.0,65.0,-1.438662052154541,1.0,0.12315050512552261,girl,girlsch,-0.001192416762933135,mid,vb1,0.0,1.0,0.12315050512552261,0.12315050512552261,0.0
49.0,66.0,-0.6230506896972656,1.0,-1.6951816082000732,girl,girlsch,-0.001192416762933135,mid,vb2,0.0,1.0,-1.6951816082000732,-1.6951816082000732,0.0
49.0,67.0,0.07353636622428894,1.0,-0.37275826930999756,girl,girlsch,-0.001192416762933135,mid,vb2,0.0,1.0,-0.37275826930999756,-0.37275826930999756,0.0
49.0,68.0,-0.4927808344364166,1.0,-1.6125301122665405,girl,girlsch,-0.001192416762933135,mid,vb3,0.0,1.0,-1.6125301122665405,-1.6125301122665405,0.0
49.0,69.0,-0.06208816543221474,1.0,0.3711048662662506,girl,girlsch,-0.001192416762933135,mid,vb1,0.0,1.0,0.3711048662662506,0.3711048662662506,0.0
49.0,70.0,0.4026685655117035,1.0,-0.8686670064926147,girl,girlsch,-0.001192416762933135,mid,vb2,0.0,1.0,-0.8686670064926147,-0.8686670064926147,0.0
49.0,71.0,1.0396080017089844,1.0,1.3629224300384521,girl,girlsch,-0.001192416762933135,mid,vb2,0.0,1.0,1.3629224300384521,1.3629224300384521,0.0
49.0,72.0,0.6107285618782043,1.0,1.1149680614471436,girl,girlsch,-0.001192416762933135,mid,vb1,0.0,1.0,1.1149680614471436,1.1149680614471436,0.0
49.0,73.0,-0.06208816543221474,1.0,-0.042152419686317444,girl,girlsch,-0.001192416762933135,mid,vb2,0.0,1.0,-0.042152419686317444,-0.042152419686317444,0.0
49.0,74.0,0.1941491812467575,1.0,0.3711048662662506,girl,girlsch,-0.001192416762933135,mid,vb2,0.0,1.0,0.3711048662662506,0.3711048662662506,0.0
49.0,75.0,0.5443409085273743,1.0,0.040499038994312286,girl,girlsch,-0.001192416762933135,mid,vb2,0.0,1.0,0.040499038994312286,0.040499038994312286,0.0
49.0,76.0,0.1941491812467575,1.0,0.3711048662662506,girl,girlsch,-0.001192416762933135,mid,vb2,0.0,1.0,0.3711048662662506,0.3711048662662506,0.0
49.0,77.0,-0.4198014438152313,1.0,0.45375630259513855,girl,girlsch,-0.001192416762933135,mid,vb2,0.0,1.0,0.45375630259513855,0.45375630259513855,0.0
49.0,78.0,0.5443409085273743,1.0,0.7843621969223022,girl,girlsch,-0.001192416762933135,mid,vb2,0.0,1.0,0.7843621969223022,0.7843621969223022,0.0
49.0,79.0,0.821988046169281,1.0,0.7843621969223022,girl,girlsch,-0.001192416762933135,mid,vb2,0.0,1.0,0.7843621969223022,0.7843621969223022,0.0
49.0,80.0,-0.4198014438152313,1.0,-1.1166213750839233,girl,girlsch,-0.001192416762933135,mid,vb2,0.0,1.0,-1.1166213750839233,-1.1166213750839233,0.0
49.0,81.0,-0.19761060178279877,1.0,-0.7033640742301941,girl,girlsch,-0.001192416762933135,mid,vb2,0.0,1.0,-0.7033640742301941,-0.7033640742301941,0.0
49.0,82.0,0.004321751184761524,1.0,0.6190592646598816,girl,girlsch,-0.001192416762933135,mid,vb2,0.0,1.0,0.6190592646598816,0.6190592646598816,0.0
49.0,83.0,0.2613244652748108,1.0,-0.7860155701637268,girl,girlsch,-0.001192416762933135,mid,vb2,0.0,1.0,-0.7860155701637268,-0.7860155701637268,0.0
49.0,84.0,0.4026685655117035,1.0,-0.37275826930999756,girl,girlsch,-0.001192416762933135,mid,vb2,0.0,1.0,-0.37275826930999756,-0.37275826930999756,0.0
49.0,85.0,-0.6995050311088562,1.0,-0.9513183832168579,girl,girlsch,-0.001192416762933135,mid,vb3,0.0,1.0,-0.9513183832168579,-0.9513183832168579,0.0
49.0,86.0,-1.3353148698806763,1.0,-2.439044713973999,girl,girlsch,-0.001192416762933135,mid,vb3,0.0,1.0,-2.439044713973999,-2.439044713973999,0.0
49.0,87.0,1.8138266801834106,1.0,1.8588311672210693,girl,girlsch,-0.001192416762933135,mid,vb1,0.0,1.0,1.8588311672210693,1.8588311672210693,0.0
49.0,88.0,-0.9393776655197144,1.0,-0.9513183832168579,girl,girlsch,-0.001192416762933135,mid,vb3,0.0,1.0,-0.9513183832168579,-0.9513183832168579,0.0
49.0,89.0,-0.06208816543221474,1.0,-0.7033640742301941,girl,girlsch,-0.001192416762933135,mid,vb2,0.0,1.0,-0.7033640742301941,-0.7033640742301941,0.0
49.0,90.0,1.4395315647125244,1.0,1.528225302696228,girl,girlsch,-0.001192416762933135,mid,vb1,0.0,1.0,1.528225302696228,1.528225302696228,0.0
49.0,91.0,0.7472277283668518,1.0,-0.6207126379013062,girl,girlsch,-0.001192416762933135,mid,vb2,0.0,1.0,-0.6207126379013062,-0.6207126379013062,0.0
49.0,92.0,0.4026685655117035,1.0,-0.37275826930999756,girl,girlsch,-0.001192416762933135,mid,vb2,0.0,1.0,-0.37275826930999756,-0.37275826930999756,0.0
49.0,93.0,1.1094379425048828,1.0,0.9496650099754333,girl,girlsch,-0.001192416762933135,mid,vb1,0.0,1.0,0.9496650099754333,0.9496650099754333,0.0
49.0,94.0,-1.029066801071167,1.0,-0.9513183832168579,girl,girlsch,-0.001192416762933135,mid,vb2,0.0,1.0,-0.9513183832168579,-0.9513183832168579,0.0
49.0,95.0,0.4026685655117035,1.0,-1.1166213750839233,girl,girlsch,-0.001192416762933135,mid,vb2,0.0,1.0,-1.1166213750839233,-1.1166213750839233,0.0
49.0,96.0,0.821988046169281,1.0,0.9496650099754333,girl,girlsch,-0.001192416762933135,mid,vb1,0.0,1.0,0.9496650099754333,0.9496650099754333,0.0
49.0,97.0,0.07353636622428894,1.0,0.7017107009887695,girl,girlsch,-0.001192416762933135,mid,vb2,0.0,1.0,0.7017107009887695,0.7017107009887695,0.0
49.0,98.0,0.1941491812467575,1.0,0.5364077687263489,girl,girlsch,-0.001192416762933135,mid,vb2,0.0,1.0,0.5364077687263489,0.5364077687263489,0.0
49.0,99.0,-0.33884158730506897,1.0,-1.364575743675232,girl,girlsch,-0.001192416762933135,mid,vb3,0.0,1.0,-1.364575743675232,-1.364575743675232,0.0
49.0,100.0,-0.6995050311088562,1.0,-0.4554097056388855,girl,girlsch,-0.001192416762933135,mid,vb2,0.0,1.0,-0.4554097056388855,-0.4554097056388855,0.0
49.0,101.0,-0.19761060178279877,1.0,-0.4554097056388855,girl,girlsch,-0.001192416762933135,mid,vb2,0.0,1.0,-0.4554097056388855,-0.4554097056388855,0.0
49.0,102.0,0.1941491812467575,1.0,0.28845342993736267,girl,girlsch,-0.001192416762933135,mid,vb1,0.0,1.0,0.28845342993736267,0.28845342993736267,0.0
49.0,103.0,0.004321751184761524,1.0,-0.7033640742301941,girl,girlsch,-0.001192416762933135,mid,vb2,0.0,1.0,-0.7033640742301941,-0.7033640742301941,0.0
49.0,104.0,0.821988046169281,1.0,0.20580196380615234,girl,girlsch,-0.001192416762933135,mid,vb2,0.0,1.0,0.20580196380615234,0.20580196380615234,0.0
49.0,105.0,-0.776108980178833,1.0,-0.8686670064926147,girl,girlsch,-0.001192416762933135,mid,vb2,0.0,1.0,-0.8686670064926147,-0.8686670064926147,0.0
49.0,106.0,0.7472277283668518,1.0,1.1149680614471436,girl,girlsch,-0.001192416762933135,mid,vb1,0.0,1.0,1.1149680614471436,1.1149680614471436,0.0
49.0,107.0,0.5443409085273743,1.0,-0.042152419686317444,girl,girlsch,-0.001192416762933135,mid,vb2,0.0,1.0,-0.042152419686317444,-0.042152419686317444,0.0
49.0,108.0,1.3101423978805542,1.0,1.1976194381713867,girl,girlsch,-0.001192416762933135,mid,vb1,0.0,1.0,1.1976194381713867,1.1976194381713867,0.0
49.0,109.0,-0.4927808344364166,1.0,-0.12480387836694717,girl,girlsch,-0.001192416762933135,mid,vb3,0.0,1.0,-0.12480387836694717,-0.12480387836694717,0.0
49.0,110.0,0.6107285618782043,1.0,-0.5380612015724182,girl,girlsch,-0.001192416762933135,mid,vb2,0.0,1.0,-0.5380612015724182,-0.5380612015724182,0.0
49.0,111.0,-0.6230506896972656,1.0,-0.12480387836694717,girl,girlsch,-0.001192416762933135,mid,vb2,0.0,1.0,-0.12480387836694717,-0.12480387836694717,0.0
49.0,112.0,-0.26515936851501465,1.0,-1.2819242477416992,girl,girlsch,-0.001192416762933135,mid,vb2,0.0,1.0,-1.2819242477416992,-1.2819242477416992,0.0
49.0,113.0,-1.1186243295669556,1.0,-0.8686670064926147,girl,girlsch,-0.001192416762933135,mid,vb3,0.0,1.0,-0.8686670064926147,-0.8686670064926147,0.0
53.0,1.0,-0.12908467650413513,1.0,0.040499038994312286,girl,girlsch,0.38055071234703064,high,vb2,0.0,1.0,0.040499038994312286,0.040499038994312286,0.0
53.0,2.0,0.13406679034233093,1.0,0.6190592646598816,girl,girlsch,0.38055071234703064,high,vb2,0.0,1.0,0.6190592646598816,0.6190592646598816,0.0
53.0,3.0,-1.1186243295669556,1.0,-1.4472272396087646,girl,girlsch,0.38055071234703064,high,vb3,0.0,1.0,-1.4472272396087646,-1.4472272396087646,0.0
53.0,4.0,0.4026685655117035,1.0,0.6190592646598816,girl,girlsch,0.38055071234703064,high,vb2,0.0,1.0,0.6190592646598816,0.6190592646598816,0.0
53.0,5.0,2.408691883087158,1.0,1.2802709341049194,girl,girlsch,0.38055071234703064,high,vb1,0.0,1.0,1.2802709341049194,1.2802709341049194,0.0
53.0,6.0,1.1094379425048828,1.0,-0.042152419686317444,girl,girlsch,0.38055071234703064,high,vb2,0.0,1.0,-0.042152419686317444,-0.042152419686317444,0.0
53.0,7.0,0.1941491812467575,1.0,0.12315050512552261,girl,girlsch,0.38055071234703064,high,vb2,0.0,1.0,0.12315050512552261,0.12315050512552261,0.0
53.0,8.0,1.661805510520935,1.0,1.1149680614471436,girl,girlsch,0.38055071234703064,high,vb1,0.0,1.0,1.1149680614471436,1.1149680614471436,0.0
53.0,9.0,1.8138266801834106,1.0,0.7017107009887695,girl,girlsch,0.38055071234703064,high,vb1,0.0,1.0,0.7017107009887695,0.7017107009887695,0.0
53.0,10.0,0.07353636622428894,1.0,-0.8686670064926147,girl,girlsch,0.38055071234703064,high,vb2,0.0,1.0,-0.8686670064926147,-0.8686670064926147,0.0
53.0,11.0,0.13406679034233093,1.0,-0.042152419686317444,girl,girlsch,0.38055071234703064,high,vb2,0.0,1.0,-0.042152419686317444,-0.042152419686317444,0.0
53.0,12.0,0.2613244652748108,1.0,-0.042152419686317444,girl,girlsch,0.38055071234703064,high,vb2,0.0,1.0,-0.042152419686317444,-0.042152419686317444,0.0
53.0,13.0,2.9246671199798584,1.0,0.6190592646598816,girl,girlsch,0.38055071234703064,high,vb1,0.0,1.0,0.6190592646598816,0.6190592646598816,0.0
53.0,14.0,1.8138266801834106,1.0,0.6190592646598816,girl,girlsch,0.38055071234703064,high,vb2,0.0,1.0,0.6190592646598816,0.6190592646598816,0.0
53.0,15.0,3.1340484619140625,1.0,1.4455738067626953,girl,girlsch,0.38055071234703064,high,vb1,0.0,1.0,1.4455738067626953,1.4455738067626953,0.0
53.0,16.0,1.506184697151184,1.0,1.9414825439453125,girl,girlsch,0.38055071234703064,high,vb1,0.0,1.0,1.9414825439453125,1.9414825439453125,0.0
53.0,17.0,1.5792195796966553,1.0,0.45375630259513855,girl,girlsch,0.38055071234703064,high,vb2,0.0,1.0,0.45375630259513855,0.45375630259513855,0.0
53.0,18.0,-0.33884158730506897,1.0,-0.7033640742301941,girl,girlsch,0.38055071234703064,high,vb2,0.0,1.0,-0.7033640742301941,-0.7033640742301941,0.0
53.0,19.0,1.175849437713623,1.0,0.3711048662662506,girl,girlsch,0.38055071234703064,high,vb2,0.0,1.0,0.3711048662662506,0.3711048662662506,0.0
53.0,20.0,-0.33884158730506897,1.0,-0.6207126379013062,girl,girlsch,0.38055071234703064,high,vb2,0.0,1.0,-0.6207126379013062,-0.6207126379013062,0.0
53.0,21.0,-1.1186243295669556,1.0,-1.5298787355422974,girl,girlsch,0.38055071234703064,high,vb3,0.0,1.0,-1.5298787355422974,-1.5298787355422974,0.0
53.0,22.0,0.4781937301158905,1.0,0.12315050512552261,girl,girlsch,0.38055071234703064,high,vb2,0.0,1.0,0.12315050512552261,0.12315050512552261,0.0
53.0,23.0,0.9675859808921814,1.0,-0.29010680317878723,girl,girlsch,0.38055071234703064,high,vb2,0.0,1.0,-0.29010680317878723,-0.29010680317878723,0.0
53.0,24.0,1.7348991632461548,1.0,1.7761796712875366,girl,girlsch,0.38055071234703064,high,vb1,0.0,1.0,1.7761796712875366,1.7761796712875366,0.0
53.0,25.0,3.3747384548187256,1.0,2.0241341590881348,girl,girlsch,0.38055071234703064,high,vb1,0.0,1.0,2.0241341590881348,2.0241341590881348,0.0
53.0,26.0,0.7472277283668518,1.0,0.3711048662662506,girl,girlsch,0.38055071234703064,high,vb2,0.0,1.0,0.3711048662662506,0.3711048662662506,0.0
53.0,27.0,2.701801300048828,1.0,1.1976194381713867,girl,girlsch,0.38055071234703064,high,vb2,0.0,1.0,1.1976194381713867,1.1976194381713867,0.0
53.0,28.0,2.408691883087158,1.0,1.0323165655136108,girl,girlsch,0.38055071234703064,high,vb1,0.0,1.0,1.0323165655136108,1.0323165655136108,0.0
53.0,29.0,-0.19761060178279877,1.0,-0.12480387836694717,girl,girlsch,0.38055071234703064,high,vb2,0.0,1.0,-0.12480387836694717,-0.12480387836694717,0.0
53.0,30.0,2.1029746532440186,1.0,0.5364077687263489,girl,girlsch,0.38055071234703064,high,vb1,0.0,1.0,0.5364077687263489,0.5364077687263489,0.0
53.0,31.0,1.9003351926803589,1.0,1.8588311672210693,girl,girlsch,0.38055071234703064,high,vb1,0.0,1.0,1.8588311672210693,1.8588311672210693,0.0
53.0,32.0,-0.5551124811172485,1.0,0.45375630259513855,girl,girlsch,0.38055071234703064,high,vb2,0.0,1.0,0.45375630259513855,0.45375630259513855,0.0
53.0,33.0,0.9675859808921814,1.0,-0.2074553370475769,girl,girlsch,0.38055071234703064,high,vb2,0.0,1.0,-0.2074553370475769,-0.2074553370475769,0.0
53.0,34.0,1.1094379425048828,1.0,1.3629224300384521,girl,girlsch,0.38055071234703064,high,vb2,0.0,1.0,1.3629224300384521,1.3629224300384521,0.0
53.0,35.0,1.661805510520935,1.0,1.4455738067626953,girl,girlsch,0.38055071234703064,high,vb1,0.0,1.0,1.4455738067626953,1.4455738067626953,0.0
53.0,36.0,-1.1186243295669556,1.0,-0.7860155701637268,girl,girlsch,0.38055071234703064,high,vb3,0.0,1.0,-0.7860155701637268,-0.7860155701637268,0.0
53.0,37.0,0.328072190284729,1.0,0.6190592646598816,girl,girlsch,0.38055071234703064,high,vb2,0.0,1.0,0.6190592646598816,0.6190592646598816,0.0
53.0,38.0,1.9771069288253784,1.0,1.0323165655136108,girl,girlsch,0.38055071234703064,high,vb1,0.0,1.0,1.0323165655136108,1.0323165655136108,0.0
53.0,39.0,0.6107285618782043,1.0,0.3711048662662506,girl,girlsch,0.38055071234703064,high,vb2,0.0,1.0,0.3711048662662506,0.3711048662662506,0.0
53.0,40.0,1.2405332326889038,1.0,0.7843621969223022,girl,girlsch,0.38055071234703064,high,vb2,0.0,1.0,0.7843621969223022,0.7843621969223022,0.0
53.0,41.0,1.661805510520935,1.0,0.12315050512552261,girl,girlsch,0.38055071234703064,high,vb2,0.0,1.0,0.12315050512552261,0.12315050512552261,0.0
53.0,42.0,-1.029066801071167,1.0,-0.4554097056388855,girl,girlsch,0.38055071234703064,high,vb2,0.0,1.0,-0.4554097056388855,-0.4554097056388855,0.0
53.0,43.0,0.678758978843689,1.0,-0.12480387836694717,girl,girlsch,0.38055071234703064,high,vb2,0.0,1.0,-0.12480387836694717,-0.12480387836694717,0.0
53.0,44.0,-0.06208816543221474,1.0,0.3711048662662506,girl,girlsch,0.38055071234703064,high,vb2,0.0,1.0,0.3711048662662506,0.3711048662662506,0.0
53.0,45.0,-1.9620754718780518,1.0,-2.439044713973999,girl,girlsch,0.38055071234703064,high,vb3,0.0,1.0,-2.439044713973999,-2.439044713973999,0.0
53.0,46.0,-1.438662052154541,1.0,-1.364575743675232,girl,girlsch,0.38055071234703064,high,vb3,0.0,1.0,-1.364575743675232,-1.364575743675232,0.0
53.0,47.0,-0.4927808344364166,1.0,-0.7860155701637268,girl,girlsch,0.38055071234703064,high,vb2,0.0,1.0,-0.7860155701637268,-0.7860155701637268,0.0
53.0,48.0,0.1941491812467575,1.0,0.45375630259513855,girl,girlsch,0.38055071234703064,high,vb2,0.0,1.0,0.45375630259513855,0.45375630259513855,0.0
53.0,49.0,1.175849437713623,1.0,-0.37275826930999756,girl,girlsch,0.38055071234703064,high,vb1,0.0,1.0,-0.37275826930999756,-0.37275826930999756,0.0
53.0,50.0,1.8138266801834106,1.0,0.9496650099754333,girl,girlsch,0.38055071234703064,high,vb1,0.0,1.0,0.9496650099754333,0.9496650099754333,0.0
53.0,51.0,2.2031209468841553,1.0,0.9496650099754333,girl,girlsch,0.38055071234703064,high,vb2,0.0,1.0,0.9496650099754333,0.9496650099754333,0.0
53.0,52.0,1.661805510520935,1.0,0.8670135736465454,girl,girlsch,0.38055071234703064,high,vb1,0.0,1.0,0.8670135736465454,0.8670135736465454,0.0
53.0,53.0,2.408691883087158,1.0,0.040499038994312286,girl,girlsch,0.38055071234703064,high,vb2,0.0,1.0,0.040499038994312286,0.040499038994312286,0.0
53.0,54.0,2.9246671199798584,1.0,2.106785535812378,girl,girlsch,0.38055071234703064,high,vb1,0.0,1.0,2.106785535812378,2.106785535812378,0.0
53.0,55.0,-1.2194855213165283,1.0,-1.777833104133606,girl,girlsch,0.38055071234703064,high,vb2,0.0,1.0,-1.777833104133606,-1.777833104133606,0.0
53.0,56.0,2.796097993850708,1.0,1.693528175354004,girl,girlsch,0.38055071234703064,high,vb1,0.0,1.0,1.693528175354004,1.693528175354004,0.0
53.0,57.0,0.821988046169281,1.0,0.5364077687263489,girl,girlsch,0.38055071234703064,high,vb2,0.0,1.0,0.5364077687263489,0.5364077687263489,0.0
53.0,58.0,0.6107285618782043,1.0,0.45375630259513855,girl,girlsch,0.38055071234703064,high,vb1,0.0,1.0,0.45375630259513855,0.45375630259513855,0.0
53.0,59.0,2.5323522090911865,1.0,-0.37275826930999756,girl,girlsch,0.38055071234703064,high,vb2,0.0,1.0,-0.37275826930999756,-0.37275826930999756,0.0
53.0,60.0,0.2613244652748108,1.0,0.040499038994312286,girl,girlsch,0.38055071234703064,high,vb2,0.0,1.0,0.040499038994312286,0.040499038994312286,0.0
53.0,61.0,0.5443409085273743,1.0,1.1976194381713867,girl,girlsch,0.38055071234703064,high,vb2,0.0,1.0,1.1976194381713867,1.1976194381713867,0.0
53.0,62.0,2.626739263534546,1.0,0.9496650099754333,girl,girlsch,0.38055071234703064,high,vb1,0.0,1.0,0.9496650099754333,0.9496650099754333,0.0
53.0,63.0,2.2031209468841553,1.0,0.9496650099754333,girl,girlsch,0.38055071234703064,high,vb2,0.0,1.0,0.9496650099754333,0.9496650099754333,0.0
53.0,64.0,-0.6995050311088562,1.0,-1.0339698791503906,girl,girlsch,0.38055071234703064,high,vb3,0.0,1.0,-1.0339698791503906,-1.0339698791503906,0.0
53.0,65.0,1.175849437713623,1.0,0.8670135736465454,girl,girlsch,0.38055071234703064,high,vb2,0.0,1.0,0.8670135736465454,0.8670135736465454,0.0
53.0,66.0,2.796097993850708,1.0,1.528225302696228,girl,girlsch,0.38055071234703064,high,vb1,0.0,1.0,1.528225302696228,1.528225302696228,0.0
53.0,67.0,0.7472277283668518,1.0,0.6190592646598816,girl,girlsch,0.38055071234703064,high,vb2,0.0,1.0,0.6190592646598816,0.6190592646598816,0.0
53.0,68.0,2.796097993850708,1.0,0.7843621969223022,girl,girlsch,0.38055071234703064,high,vb1,0.0,1.0,0.7843621969223022,0.7843621969223022,0.0
53.0,69.0,2.5323522090911865,1.0,0.8670135736465454,girl,girlsch,0.38055071234703064,high,vb1,0.0,1.0,0.8670135736465454,0.8670135736465454,0.0
53.0,70.0,0.2613244652748108,1.0,0.7843621969223022,girl,girlsch,0.38055071234703064,high,vb2,0.0,1.0,0.7843621969223022,0.7843621969223022,0.0
58.0,1.0,0.328072190284729,1.0,-0.12480387836694717,girl,girlsch,0.21026964485645294,high,vb1,0.0,1.0,-0.12480387836694717,-0.12480387836694717,0.0
58.0,2.0,-1.2194855213165283,1.0,1.1976194381713867,girl,girlsch,0.21026964485645294,high,vb2,0.0,1.0,1.1976194381713867,1.1976194381713867,0.0
58.0,3.0,0.5443409085273743,1.0,1.693528175354004,girl,girlsch,0.21026964485645294,high,vb1,0.0,1.0,1.693528175354004,1.693528175354004,0.0
58.0,4.0,0.6107285618782043,1.0,0.45375630259513855,girl,girlsch,0.21026964485645294,high,vb1,0.0,1.0,0.45375630259513855,0.45375630259513855,0.0
58.0,5.0,0.4026685655117035,1.0,0.5364077687263489,girl,girlsch,0.21026964485645294,high,vb2,0.0,1.0,0.5364077687263489,0.5364077687263489,0.0
58.0,6.0,1.506184697151184,1.0,2.2720885276794434,girl,girlsch,0.21026964485645294,high,vb1,0.0,1.0,2.2720885276794434,2.2720885276794434,0.0
58.0,7.0,0.6107285618782043,1.0,-0.12480387836694717,girl,girlsch,0.21026964485645294,high,vb2,0.0,1.0,-0.12480387836694717,-0.12480387836694717,0.0
58.0,8.0,1.1094379425048828,1.0,1.3629224300384521,girl,girlsch,0.21026964485645294,high,vb1,0.0,1.0,1.3629224300384521,1.3629224300384521,0.0
58.0,9.0,-1.438662052154541,1.0,-0.7860155701637268,girl,girlsch,0.21026964485645294,high,vb2,0.0,1.0,-0.7860155701637268,-0.7860155701637268,0.0
58.0,10.0,0.4026685655117035,1.0,0.5364077687263489,girl,girlsch,0.21026964485645294,high,vb2,0.0,1.0,0.5364077687263489,0.5364077687263489,0.0
58.0,11.0,-0.12908467650413513,1.0,-0.6207126379013062,girl,girlsch,0.21026964485645294,high,vb2,0.0,1.0,-0.6207126379013062,-0.6207126379013062,0.0
58.0,12.0,-0.26515936851501465,1.0,-0.8686670064926147,girl,girlsch,0.21026964485645294,high,vb2,0.0,1.0,-0.8686670064926147,-0.8686670064926147,0.0
58.0,13.0,1.4395315647125244,1.0,-0.042152419686317444,girl,girlsch,0.21026964485645294,high,vb1,0.0,1.0,-0.042152419686317444,-0.042152419686317444,0.0
58.0,14.0,0.821988046169281,1.0,1.0323165655136108,girl,girlsch,0.21026964485645294,high,vb1,0.0,1.0,1.0323165655136108,1.0323165655136108,0.0
58.0,15.0,0.7472277283668518,1.0,1.1149680614471436,girl,girlsch,0.21026964485645294,high,vb2,0.0,1.0,1.1149680614471436,1.1149680614471436,0.0
58.0,16.0,0.8965656757354736,1.0,0.7017107009887695,girl,girlsch,0.21026964485645294,high,vb1,0.0,1.0,0.7017107009887695,0.7017107009887695,0.0
58.0,17.0,-1.438662052154541,1.0,-0.8686670064926147,girl,girlsch,0.21026964485645294,high,vb3,0.0,1.0,-0.8686670064926147,-0.8686670064926147,0.0
58.0,18.0,0.328072190284729,1.0,-0.2074553370475769,girl,girlsch,0.21026964485645294,high,vb1,0.0,1.0,-0.2074553370475769,-0.2074553370475769,0.0
58.0,19.0,-0.12908467650413513,1.0,-0.12480387836694717,girl,girlsch,0.21026964485645294,high,vb2,0.0,1.0,-0.12480387836694717,-0.12480387836694717,0.0
58.0,20.0,1.175849437713623,1.0,0.7017107009887695,girl,girlsch,0.21026964485645294,high,vb1,0.0,1.0,0.7017107009887695,0.7017107009887695,0.0
58.0,21.0,0.4026685655117035,1.0,1.693528175354004,girl,girlsch,0.21026964485645294,high,vb1,0.0,1.0,1.693528175354004,1.693528175354004,0.0
58.0,22.0,-0.12908467650413513,1.0,-0.2074553370475769,girl,girlsch,0.21026964485645294,high,vb2,0.0,1.0,-0.2074553370475769,-0.2074553370475769,0.0
58.0,23.0,0.1941491812467575,1.0,0.5364077687263489,girl,girlsch,0.21026964485645294,high,vb2,0.0,1.0,0.5364077687263489,0.5364077687263489,0.0
58.0,24.0,-0.4927808344364166,1.0,-0.8686670064926147,girl,girlsch,0.21026964485645294,high,vb3,0.0,1.0,-0.8686670064926147,-0.8686670064926147,0.0
58.0,25.0,-0.6230506896972656,1.0,-1.0339698791503906,girl,girlsch,0.21026964485645294,high,vb2,0.0,1.0,-1.0339698791503906,-1.0339698791503906,0.0
58.0,26.0,0.6107285618782043,1.0,0.3711048662662506,girl,girlsch,0.21026964485645294,high,vb2,0.0,1.0,0.3711048662662506,0.3711048662662506,0.0
58.0,27.0,0.328072190284729,1.0,0.3711048662662506,girl,girlsch,0.21026964485645294,high,vb2,0.0,1.0,0.3711048662662506,0.3711048662662506,0.0
58.0,28.0,0.9675859808921814,1.0,0.8670135736465454,girl,girlsch,0.21026964485645294,high,vb1,0.0,1.0,0.8670135736465454,0.8670135736465454,0.0
58.0,29.0,0.4781937301158905,1.0,-0.12480387836694717,girl,girlsch,0.21026964485645294,high,vb2,0.0,1.0,-0.12480387836694717,-0.12480387836694717,0.0
58.0,30.0,0.13406679034233093,1.0,-0.12480387836694717,girl,girlsch,0.21026964485645294,high,vb2,0.0,1.0,-0.12480387836694717,-0.12480387836694717,0.0
58.0,31.0,1.2405332326889038,1.0,-1.4472272396087646,girl,girlsch,0.21026964485645294,high,vb2,0.0,1.0,-1.4472272396087646,-1.4472272396087646,0.0
58.0,32.0,-0.4927808344364166,1.0,-0.12480387836694717,girl,girlsch,0.21026964485645294,high,vb2,0.0,1.0,-0.12480387836694717,-0.12480387836694717,0.0
58.0,33.0,0.678758978843689,1.0,-0.6207126379013062,girl,girlsch,0.21026964485645294,high,vb2,0.0,1.0,-0.6207126379013062,-0.6207126379013062,0.0
58.0,34.0,-0.26515936851501465,1.0,0.6190592646598816,girl,girlsch,0.21026964485645294,high,vb1,0.0,1.0,0.6190592646598816,0.6190592646598816,0.0
58.0,35.0,0.5443409085273743,1.0,-0.6207126379013062,girl,girlsch,0.21026964485645294,high,vb2,0.0,1.0,-0.6207126379013062,-0.6207126379013062,0.0
58.0,36.0,0.678758978843689,1.0,1.1149680614471436,girl,girlsch,0.21026964485645294,high,vb1,0.0,1.0,1.1149680614471436,1.1149680614471436,0.0
58.0,37.0,-0.12908467650413513,1.0,-0.4554097056388855,girl,girlsch,0.21026964485645294,high,vb2,0.0,1.0,-0.4554097056388855,-0.4554097056388855,0.0
60.0,1.0,-0.06208816543221474,1.0,-0.37275826930999756,girl,girlsch,-0.08864385634660721,mid,vb2,0.0,1.0,-0.37275826930999756,-0.37275826930999756,0.0
60.0,2.0,-0.4927808344364166,1.0,-1.1166213750839233,girl,girlsch,-0.08864385634660721,mid,vb3,0.0,1.0,-1.1166213750839233,-1.1166213750839233,0.0
60.0,3.0,-0.6995050311088562,1.0,-0.9513183832168579,girl,girlsch,-0.08864385634660721,mid,vb2,0.0,1.0,-0.9513183832168579,-0.9513183832168579,0.0
60.0,4.0,0.2613244652748108,1.0,-1.5298787355422974,girl,girlsch,-0.08864385634660721,mid,vb2,0.0,1.0,-1.5298787355422974,-1.5298787355422974,0.0
60.0,5.0,1.2405332326889038,1.0,1.3629224300384521,girl,girlsch,-0.08864385634660721,mid,vb1,0.0,1.0,1.3629224300384521,1.3629224300384521,0.0
60.0,6.0,0.1941491812467575,1.0,-0.29010680317878723,girl,girlsch,-0.08864385634660721,mid,vb2,0.0,1.0,-0.29010680317878723,-0.29010680317878723,0.0
60.0,7.0,-0.12908467650413513,1.0,-0.9513183832168579,girl,girlsch,-0.08864385634660721,mid,vb2,0.0,1.0,-0.9513183832168579,-0.9513183832168579,0.0
60.0,8.0,1.0396080017089844,1.0,0.28845342993736267,girl,girlsch,-0.08864385634660721,mid,vb2,0.0,1.0,0.28845342993736267,0.28845342993736267,0.0
60.0,9.0,0.1941491812467575,1.0,0.8670135736465454,girl,girlsch,-0.08864385634660721,mid,vb1,0.0,1.0,0.8670135736465454,0.8670135736465454,0.0
60.0,10.0,2.2031209468841553,1.0,0.9496650099754333,girl,girlsch,-0.08864385634660721,mid,vb1,0.0,1.0,0.9496650099754333,0.9496650099754333,0.0
60.0,11.0,-0.12908467650413513,1.0,-0.2074553370475769,girl,girlsch,-0.08864385634660721,mid,vb2,0.0,1.0,-0.2074553370475769,-0.2074553370475769,0.0
60.0,12.0,0.8965656757354736,1.0,0.6190592646598816,girl,girlsch,-0.08864385634660721,mid,vb1,0.0,1.0,0.6190592646598816,0.6190592646598816,0.0
60.0,13.0,-0.9393776655197144,1.0,-2.025787353515625,girl,girlsch,-0.08864385634660721,mid,vb3,0.0,1.0,-2.025787353515625,-2.025787353515625,0.0
60.0,14.0,2.5323522090911865,1.0,2.2720885276794434,girl,girlsch,-0.08864385634660721,mid,vb1,0.0,1.0,2.2720885276794434,2.2720885276794434,0.0
60.0,15.0,1.2405332326889038,1.0,0.28845342993736267,girl,girlsch,-0.08864385634660721,mid,vb2,0.0,1.0,0.28845342993736267,0.28845342993736267,0.0
60.0,16.0,-1.029066801071167,1.0,-0.6207126379013062,girl,girlsch,-0.08864385634660721,mid,vb3,0.0,1.0,-0.6207126379013062,-0.6207126379013062,0.0
60.0,17.0,1.2405332326889038,1.0,-0.4554097056388855,girl,girlsch,-0.08864385634660721,mid,vb1,0.0,1.0,-0.4554097056388855,-0.4554097056388855,0.0
60.0,18.0,0.4781937301158905,1.0,0.3711048662662506,girl,girlsch,-0.08864385634660721,mid,vb1,0.0,1.0,0.3711048662662506,0.3711048662662506,0.0
60.0,19.0,-0.26515936851501465,1.0,-0.2074553370475769,girl,girlsch,-0.08864385634660721,mid,vb2,0.0,1.0,-0.2074553370475769,-0.2074553370475769,0.0
60.0,20.0,0.13406679034233093,1.0,-0.5380612015724182,girl,girlsch,-0.08864385634660721,mid,vb2,0.0,1.0,-0.5380612015724182,-0.5380612015724182,0.0
60.0,21.0,1.175849437713623,1.0,0.12315050512552261,girl,girlsch,-0.08864385634660721,mid,vb1,0.0,1.0,0.12315050512552261,0.12315050512552261,0.0
60.0,22.0,0.4781937301158905,1.0,0.45375630259513855,girl,girlsch,-0.08864385634660721,mid,vb2,0.0,1.0,0.45375630259513855,0.45375630259513855,0.0
60.0,23.0,-1.8366867303848267,1.0,0.6190592646598816,girl,girlsch,-0.08864385634660721,mid,vb1,0.0,1.0,0.6190592646598816,0.6190592646598816,0.0
60.0,24.0,-0.776108980178833,1.0,-0.7860155701637268,girl,girlsch,-0.08864385634660721,mid,vb2,0.0,1.0,-0.7860155701637268,-0.7860155701637268,0.0
60.0,25.0,-0.12908467650413513,1.0,-1.6125301122665405,girl,girlsch,-0.08864385634660721,mid,vb3,0.0,1.0,-1.6125301122665405,-1.6125301122665405,0.0
60.0,26.0,2.408691883087158,1.0,0.6190592646598816,girl,girlsch,-0.08864385634660721,mid,vb2,0.0,1.0,0.6190592646598816,0.6190592646598816,0.0
60.0,27.0,0.821988046169281,1.0,0.7017107009887695,girl,girlsch,-0.08864385634660721,mid,vb2,0.0,1.0,0.7017107009887695,0.7017107009887695,0.0
60.0,28.0,-1.029066801071167,1.0,-1.5298787355422974,girl,girlsch,-0.08864385634660721,mid,vb2,0.0,1.0,-1.5298787355422974,-1.5298787355422974,0.0
60.0,29.0,-1.029066801071167,1.0,0.3711048662662506,girl,girlsch,-0.08864385634660721,mid,vb1,0.0,1.0,0.3711048662662506,0.3711048662662506,0.0
60.0,30.0,-1.2194855213165283,1.0,-0.2074553370475769,girl,girlsch,-0.08864385634660721,mid,vb2,0.0,1.0,-0.2074553370475769,-0.2074553370475769,0.0
60.0,31.0,-0.6995050311088562,1.0,-1.6125301122665405,girl,girlsch,-0.08864385634660721,mid,vb3,0.0,1.0,-1.6125301122665405,-1.6125301122665405,0.0
60.0,32.0,0.004321751184761524,1.0,-1.0339698791503906,girl,girlsch,-0.08864385634660721,mid,vb2,0.0,1.0,-1.0339698791503906,-1.0339698791503906,0.0
60.0,33.0,0.7472277283668518,1.0,0.6190592646598816,girl,girlsch,-0.08864385634660721,mid,vb1,0.0,1.0,0.6190592646598816,0.6190592646598816,0.0
60.0,34.0,2.408691883087158,1.0,1.4455738067626953,girl,girlsch,-0.08864385634660721,mid,vb1,0.0,1.0,1.4455738067626953,1.4455738067626953,0.0
60.0,35.0,0.2613244652748108,1.0,0.12315050512552261,girl,girlsch,-0.08864385634660721,mid,vb2,0.0,1.0,0.12315050512552261,0.12315050512552261,0.0
60.0,36.0,-1.029066801071167,1.0,-0.4554097056388855,girl,girlsch,-0.08864385634660721,mid,vb3,0.0,1.0,-0.4554097056388855,-0.4554097056388855,0.0
60.0,37.0,1.1094379425048828,1.0,1.6108767986297607,girl,girlsch,-0.08864385634660721,mid,vb1,0.0,1.0,1.6108767986297607,1.6108767986297607,0.0
60.0,38.0,0.4026685655117035,1.0,0.45375630259513855,girl,girlsch,-0.08864385634660721,mid,vb2,0.0,1.0,0.45375630259513855,0.45375630259513855,0.0
60.0,39.0,1.1094379425048828,1.0,0.12315050512552261,girl,girlsch,-0.08864385634660721,mid,vb2,0.0,1.0,0.12315050512552261,0.12315050512552261,0.0
60.0,40.0,-1.2194855213165283,1.0,-0.6207126379013062,girl,girlsch,-0.08864385634660721,mid,vb2,0.0,1.0,-0.6207126379013062,-0.6207126379013062,0.0
60.0,41.0,0.678758978843689,1.0,0.040499038994312286,girl,girlsch,-0.08864385634660721,mid,vb1,0.0,1.0,0.040499038994312286,0.040499038994312286,0.0
60.0,42.0,-0.19761060178279877,1.0,0.12315050512552261,girl,girlsch,-0.08864385634660721,mid,vb2,0.0,1.0,0.12315050512552261,0.12315050512552261,0.0
60.0,43.0,0.678758978843689,1.0,-0.8686670064926147,girl,girlsch,-0.08864385634660721,mid,vb2,0.0,1.0,-0.8686670064926147,-0.8686670064926147,0.0
60.0,44.0,1.9003351926803589,1.0,0.9496650099754333,girl,girlsch,-0.08864385634660721,mid,vb1,0.0,1.0,0.9496650099754333,0.9496650099754333,0.0
60.0,45.0,0.821988046169281,1.0,0.7843621969223022,girl,girlsch,-0.08864385634660721,mid,vb1,0.0,1.0,0.7843621969223022,0.7843621969223022,0.0
60.0,46.0,-0.33884158730506897,1.0,-0.8686670064926147,girl,girlsch,-0.08864385634660721,mid,vb2,0.0,1.0,-0.8686670064926147,-0.8686670064926147,0.0
60.0,47.0,-0.8526700735092163,1.0,0.20580196380615234,girl,girlsch,-0.08864385634660721,mid,vb2,0.0,1.0,0.20580196380615234,0.20580196380615234,0.0
60.0,48.0,-0.4198014438152313,1.0,-0.7860155701637268,girl,girlsch,-0.08864385634660721,mid,vb2,0.0,1.0,-0.7860155701637268,-0.7860155701637268,0.0
60.0,49.0,0.4781937301158905,1.0,0.8670135736465454,girl,girlsch,-0.08864385634660721,mid,vb1,0.0,1.0,0.8670135736465454,0.8670135736465454,0.0
60.0,50.0,-0.4198014438152313,1.0,-0.9513183832168579,girl,girlsch,-0.08864385634660721,mid,vb1,0.0,1.0,-0.9513183832168579,-0.9513183832168579,0.0
60.0,51.0,-0.6230506896972656,1.0,-1.9431359767913818,girl,girlsch,-0.08864385634660721,mid,vb3,0.0,1.0,-1.9431359767913818,-1.9431359767913818,0.0
60.0,52.0,0.004321751184761524,1.0,-0.042152419686317444,girl,girlsch,-0.08864385634660721,mid,vb2,0.0,1.0,-0.042152419686317444,-0.042152419686317444,0.0
60.0,53.0,-0.06208816543221474,1.0,0.28845342993736267,girl,girlsch,-0.08864385634660721,mid,vb2,0.0,1.0,0.28845342993736267,0.28845342993736267,0.0
60.0,54.0,0.2613244652748108,1.0,0.20580196380615234,girl,girlsch,-0.08864385634660721,mid,vb2,0.0,1.0,0.20580196380615234,0.20580196380615234,0.0
60.0,55.0,0.821988046169281,1.0,1.0323165655136108,girl,girlsch,-0.08864385634660721,mid,vb1,0.0,1.0,1.0323165655136108,1.0323165655136108,0.0
60.0,56.0,1.3101423978805542,1.0,0.6190592646598816,girl,girlsch,-0.08864385634660721,mid,vb1,0.0,1.0,0.6190592646598816,0.6190592646598816,0.0
60.0,57.0,1.1094379425048828,1.0,0.28845342993736267,girl,girlsch,-0.08864385634660721,mid,vb2,0.0,1.0,0.28845342993736267,0.28845342993736267,0.0
60.0,58.0,0.1941491812467575,1.0,-1.199272871017456,girl,girlsch,-0.08864385634660721,mid,vb2,0.0,1.0,-1.199272871017456,-1.199272871017456,0.0
60.0,59.0,-0.19761060178279877,1.0,-0.4554097056388855,girl,girlsch,-0.08864385634660721,mid,vb2,0.0,1.0,-0.4554097056388855,-0.4554097056388855,0.0
60.0,60.0,-0.19761060178279877,1.0,-0.7033640742301941,girl,girlsch,-0.08864385634660721,mid,vb2,0.0,1.0,-0.7033640742301941,-0.7033640742301941,0.0
60.0,61.0,-0.4927808344364166,1.0,-0.12480387836694717,girl,girlsch,-0.08864385634660721,mid,vb3,0.0,1.0,-0.12480387836694717,-0.12480387836694717,0.0
60.0,62.0,-0.12908467650413513,1.0,0.040499038994312286,girl,girlsch,-0.08864385634660721,mid,vb2,0.0,1.0,0.040499038994312286,0.040499038994312286,0.0
60.0,63.0,-0.8526700735092163,1.0,0.28845342993736267,girl,girlsch,-0.08864385634660721,mid,vb2,0.0,1.0,0.28845342993736267,0.28845342993736267,0.0
60.0,64.0,0.4026685655117035,1.0,-0.042152419686317444,girl,girlsch,-0.08864385634660721,mid,vb2,0.0,1.0,-0.042152419686317444,-0.042152419686317444,0.0
60.0,65.0,1.3101423978805542,1.0,1.2802709341049194,girl,girlsch,-0.08864385634660721,mid,vb1,0.0,1.0,1.2802709341049194,1.2802709341049194,0.0
60.0,66.0,0.4781937301158905,1.0,-0.12480387836694717,girl,girlsch,-0.08864385634660721,mid,vb2,0.0,1.0,-0.12480387836694717,-0.12480387836694717,0.0
60.0,67.0,0.4781937301158905,1.0,1.2802709341049194,girl,girlsch,-0.08864385634660721,mid,vb1,0.0,1.0,1.2802709341049194,1.2802709341049194,0.0
60.0,68.0,-0.776108980178833,1.0,1.0323165655136108,girl,girlsch,-0.08864385634660721,mid,vb1,0.0,1.0,1.0323165655136108,1.0323165655136108,0.0
60.0,69.0,-0.6995050311088562,1.0,-1.4472272396087646,girl,girlsch,-0.08864385634660721,mid,vb3,0.0,1.0,-1.4472272396087646,-1.4472272396087646,0.0
60.0,70.0,-0.776108980178833,1.0,-1.1166213750839233,girl,girlsch,-0.08864385634660721,mid,vb2,0.0,1.0,-1.1166213750839233,-1.1166213750839233,0.0
60.0,71.0,-0.19761060178279877,1.0,-1.1166213750839233,girl,girlsch,-0.08864385634660721,mid,vb2,0.0,1.0,-1.1166213750839233,-1.1166213750839233,0.0
60.0,72.0,-0.8526700735092163,1.0,-0.7033640742301941,girl,girlsch,-0.08864385634660721,mid,vb2,0.0,1.0,-0.7033640742301941,-0.7033640742301941,0.0
60.0,73.0,-0.4198014438152313,1.0,-1.6125301122665405,girl,girlsch,-0.08864385634660721,mid,vb2,0.0,1.0,-1.6125301122665405,-1.6125301122665405,0.0
60.0,74.0,-0.06208816543221474,1.0,-0.29010680317878723,girl,girlsch,-0.08864385634660721,mid,vb2,0.0,1.0,-0.29010680317878723,-0.29010680317878723,0.0
60.0,75.0,0.9675859808921814,1.0,1.1149680614471436,girl,girlsch,-0.08864385634660721,mid,vb1,0.0,1.0,1.1149680614471436,1.1149680614471436,0.0
60.0,76.0,0.4781937301158905,1.0,-0.4554097056388855,girl,girlsch,-0.08864385634660721,mid,vb2,0.0,1.0,-0.4554097056388855,-0.4554097056388855,0.0
60.0,77.0,-0.33884158730506897,1.0,0.12315050512552261,girl,girlsch,-0.08864385634660721,mid,vb1,0.0,1.0,0.12315050512552261,0.12315050512552261,0.0
60.0,78.0,0.821988046169281,1.0,0.12315050512552261,girl,girlsch,-0.08864385634660721,mid,vb2,0.0,1.0,0.12315050512552261,0.12315050512552261,0.0
60.0,79.0,1.8138266801834106,1.0,0.7843621969223022,girl,girlsch,-0.08864385634660721,mid,vb1,0.0,1.0,0.7843621969223022,0.7843621969223022,0.0
60.0,80.0,-0.33884158730506897,1.0,-0.8686670064926147,girl,girlsch,-0.08864385634660721,mid,vb3,0.0,1.0,-0.8686670064926147,-0.8686670064926147,0.0
65.0,1.0,0.1941491812467575,1.0,0.9496650099754333,girl,girlsch,-0.23535019159317017,mid,vb1,0.0,1.0,0.9496650099754333,0.9496650099754333,0.0
65.0,2.0,-1.1186243295669556,1.0,-1.4472272396087646,girl,girlsch,-0.23535019159317017,mid,vb2,0.0,1.0,-1.4472272396087646,-1.4472272396087646,0.0
65.0,3.0,-0.06208816543221474,1.0,0.28845342993736267,girl,girlsch,-0.23535019159317017,mid,vb2,0.0,1.0,0.28845342993736267,0.28845342993736267,0.0
65.0,4.0,0.5443409085273743,1.0,-0.2074553370475769,girl,girlsch,-0.23535019159317017,mid,vb2,0.0,1.0,-0.2074553370475769,-0.2074553370475769,0.0
65.0,5.0,-0.9393776655197144,1.0,-1.4472272396087646,girl,girlsch,-0.23535019159317017,mid,vb3,0.0,1.0,-1.4472272396087646,-1.4472272396087646,0.0
65.0,6.0,0.1941491812467575,1.0,0.9496650099754333,girl,girlsch,-0.23535019159317017,mid,vb2,0.0,1.0,0.9496650099754333,0.9496650099754333,0.0
65.0,7.0,0.4781937301158905,1.0,0.20580196380615234,girl,girlsch,-0.23535019159317017,mid,vb2,0.0,1.0,0.20580196380615234,0.20580196380615234,0.0
65.0,8.0,0.4026685655117035,1.0,-0.12480387836694717,girl,girlsch,-0.23535019159317017,mid,vb1,0.0,1.0,-0.12480387836694717,-0.12480387836694717,0.0
65.0,9.0,-1.8366867303848267,1.0,-2.356393337249756,girl,girlsch,-0.23535019159317017,mid,vb2,0.0,1.0,-2.356393337249756,-2.356393337249756,0.0
65.0,10.0,-1.2194855213165283,1.0,0.7843621969223022,girl,girlsch,-0.23535019159317017,mid,vb2,0.0,1.0,0.7843621969223022,0.7843621969223022,0.0
65.0,11.0,-0.6995050311088562,1.0,-0.6207126379013062,girl,girlsch,-0.23535019159317017,mid,vb2,0.0,1.0,-0.6207126379013062,-0.6207126379013062,0.0
65.0,12.0,-0.8526700735092163,1.0,1.1976194381713867,girl,girlsch,-0.23535019159317017,mid,vb1,0.0,1.0,1.1976194381713867,1.1976194381713867,0.0
65.0,13.0,0.678758978843689,1.0,1.3629224300384521,girl,girlsch,-0.23535019159317017,mid,vb2,0.0,1.0,1.3629224300384521,1.3629224300384521,0.0
65.0,14.0,-2.1086435317993164,1.0,-0.9513183832168579,girl,girlsch,-0.23535019159317017,mid,vb2,0.0,1.0,-0.9513183832168579,-0.9513183832168579,0.0
65.0,15.0,0.13406679034233093,1.0,-0.9513183832168579,girl,girlsch,-0.23535019159317017,mid,vb2,0.0,1.0,-0.9513183832168579,-0.9513183832168579,0.0
65.0,16.0,-0.4198014438152313,1.0,-0.7860155701637268,girl,girlsch,-0.23535019159317017,mid,vb2,0.0,1.0,-0.7860155701637268,-0.7860155701637268,0.0
65.0,17.0,0.821988046169281,1.0,0.3711048662662506,girl,girlsch,-0.23535019159317017,mid,vb1,0.0,1.0,0.3711048662662506,0.3711048662662506,0.0
65.0,18.0,-2.1086435317993164,1.0,-1.4472272396087646,girl,girlsch,-0.23535019159317017,mid,vb2,0.0,1.0,-1.4472272396087646,-1.4472272396087646,0.0
65.0,19.0,-1.2194855213165283,1.0,-1.2819242477416992,girl,girlsch,-0.23535019159317017,mid,vb3,0.0,1.0,-1.2819242477416992,-1.2819242477416992,0.0
65.0,20.0,1.3101423978805542,1.0,-0.29010680317878723,girl,girlsch,-0.23535019159317017,mid,vb1,0.0,1.0,-0.29010680317878723,-0.29010680317878723,0.0
65.0,21.0,-0.06208816543221474,1.0,-0.37275826930999756,girl,girlsch,-0.23535019159317017,mid,vb2,0.0,1.0,-0.37275826930999756,-0.37275826930999756,0.0
65.0,22.0,-0.12908467650413513,1.0,0.7017107009887695,girl,girlsch,-0.23535019159317017,mid,vb1,0.0,1.0,0.7017107009887695,0.7017107009887695,0.0
65.0,23.0,1.1094379425048828,1.0,1.0323165655136108,girl,girlsch,-0.23535019159317017,mid,vb1,0.0,1.0,1.0323165655136108,1.0323165655136108,0.0
65.0,24.0,-0.6230506896972656,1.0,0.28845342993736267,girl,girlsch,-0.23535019159317017,mid,vb2,0.0,1.0,0.28845342993736267,0.28845342993736267,0.0
65.0,25.0,-0.776108980178833,1.0,-1.9431359767913818,girl,girlsch,-0.23535019159317017,mid,vb3,0.0,1.0,-1.9431359767913818,-1.9431359767913818,0.0
65.0,26.0,-0.4927808344364166,1.0,-0.042152419686317444,girl,girlsch,-0.23535019159317017,mid,vb2,0.0,1.0,-0.042152419686317444,-0.042152419686317444,0.0
65.0,27.0,-0.19761060178279877,1.0,1.1976194381713867,girl,girlsch,-0.23535019159317017,mid,vb1,0.0,1.0,1.1976194381713867,1.1976194381713867,0.0
65.0,28.0,-0.12908467650413513,1.0,-0.37275826930999756,girl,girlsch,-0.23535019159317017,mid,vb2,0.0,1.0,-0.37275826930999756,-0.37275826930999756,0.0
65.0,29.0,0.4781937301158905,1.0,-0.12480387836694717,girl,girlsch,-0.23535019159317017,mid,vb2,0.0,1.0,-0.12480387836694717,-0.12480387836694717,0.0
65.0,30.0,-0.33884158730506897,1.0,-1.6125301122665405,girl,girlsch,-0.23535019159317017,mid,vb3,0.0,1.0,-1.6125301122665405,-1.6125301122665405,0.0
65.0,31.0,0.13406679034233093,1.0,-0.2074553370475769,girl,girlsch,-0.23535019159317017,mid,vb1,0.0,1.0,-0.2074553370475769,-0.2074553370475769,0.0
65.0,32.0,0.821988046169281,1.0,-0.37275826930999756,girl,girlsch,-0.23535019159317017,mid,vb2,0.0,1.0,-0.37275826930999756,-0.37275826930999756,0.0
65.0,33.0,0.2613244652748108,1.0,0.040499038994312286,girl,girlsch,-0.23535019159317017,mid,vb1,0.0,1.0,0.040499038994312286,0.040499038994312286,0.0
65.0,34.0,0.2613244652748108,1.0,-0.6207126379013062,girl,girlsch,-0.23535019159317017,mid,vb2,0.0,1.0,-0.6207126379013062,-0.6207126379013062,0.0
65.0,35.0,-0.06208816543221474,1.0,-1.199272871017456,girl,girlsch,-0.23535019159317017,mid,vb3,0.0,1.0,-1.199272871017456,-1.199272871017456,0.0
65.0,36.0,-1.1186243295669556,1.0,-1.199272871017456,girl,girlsch,-0.23535019159317017,mid,vb3,0.0,1.0,-1.199272871017456,-1.199272871017456,0.0
65.0,37.0,1.3101423978805542,1.0,1.6108767986297607,girl,girlsch,-0.23535019159317017,mid,vb1,0.0,1.0,1.6108767986297607,1.6108767986297607,0.0
65.0,38.0,-1.6237297058105469,1.0,-1.5298787355422974,girl,girlsch,-0.23535019159317017,mid,vb2,0.0,1.0,-1.5298787355422974,-1.5298787355422974,0.0
65.0,39.0,-0.4198014438152313,1.0,0.20580196380615234,girl,girlsch,-0.23535019159317017,mid,vb2,0.0,1.0,0.20580196380615234,0.20580196380615234,0.0
65.0,40.0,-0.06208816543221474,1.0,-0.6207126379013062,girl,girlsch,-0.23535019159317017,mid,vb2,0.0,1.0,-0.6207126379013062,-0.6207126379013062,0.0
65.0,41.0,0.1941491812467575,1.0,-0.8686670064926147,girl,girlsch,-0.23535019159317017,mid,vb2,0.0,1.0,-0.8686670064926147,-0.8686670064926147,0.0
65.0,42.0,-0.4198014438152313,1.0,-1.0339698791503906,girl,girlsch,-0.23535019159317017,mid,vb3,0.0,1.0,-1.0339698791503906,-1.0339698791503906,0.0
65.0,43.0,0.07353636622428894,1.0,1.1976194381713867,girl,girlsch,-0.23535019159317017,mid,vb1,0.0,1.0,1.1976194381713867,1.1976194381713867,0.0
65.0,44.0,0.1941491812467575,1.0,-0.12480387836694717,girl,girlsch,-0.23535019159317017,mid,vb2,0.0,1.0,-0.12480387836694717,-0.12480387836694717,0.0
65.0,45.0,1.1094379425048828,1.0,0.8670135736465454,girl,girlsch,-0.23535019159317017,mid,vb1,0.0,1.0,0.8670135736465454,0.8670135736465454,0.0
65.0,46.0,-0.06208816543221474,1.0,0.28845342993736267,girl,girlsch,-0.23535019159317017,mid,vb2,0.0,1.0,0.28845342993736267,0.28845342993736267,0.0
65.0,47.0,0.2613244652748108,1.0,0.5364077687263489,girl,girlsch,-0.23535019159317017,mid,vb2,0.0,1.0,0.5364077687263489,0.5364077687263489,0.0
65.0,48.0,-1.7238824367523193,1.0,-1.199272871017456,girl,girlsch,-0.23535019159317017,mid,vb3,0.0,1.0,-1.199272871017456,-1.199272871017456,0.0
65.0,49.0,-1.3353148698806763,1.0,-1.0339698791503906,girl,girlsch,-0.23535019159317017,mid,vb2,0.0,1.0,-1.0339698791503906,-1.0339698791503906,0.0
65.0,50.0,0.8965656757354736,1.0,1.6108767986297607,girl,girlsch,-0.23535019159317017,mid,vb1,0.0,1.0,1.6108767986297607,1.6108767986297607,0.0
65.0,51.0,-0.19761060178279877,1.0,1.1149680614471436,girl,girlsch,-0.23535019159317017,mid,vb2,0.0,1.0,1.1149680614471436,1.1149680614471436,0.0
65.0,52.0,-0.776108980178833,1.0,-0.12480387836694717,girl,girlsch,-0.23535019159317017,mid,vb2,0.0,1.0,-0.12480387836694717,-0.12480387836694717,0.0
65.0,53.0,0.4781937301158905,1.0,0.9496650099754333,girl,girlsch,-0.23535019159317017,mid,vb2,0.0,1.0,0.9496650099754333,0.9496650099754333,0.0
65.0,54.0,-0.19761060178279877,1.0,-0.6207126379013062,girl,girlsch,-0.23535019159317017,mid,vb2,0.0,1.0,-0.6207126379013062,-0.6207126379013062,0.0
65.0,55.0,-0.06208816543221474,1.0,-0.8686670064926147,girl,girlsch,-0.23535019159317017,mid,vb2,0.0,1.0,-0.8686670064926147,-0.8686670064926147,0.0
65.0,56.0,-2.752659797668457,1.0,-2.852302074432373,girl,girlsch,-0.23535019159317017,mid,vb3,0.0,1.0,-2.852302074432373,-2.852302074432373,0.0
65.0,57.0,0.6107285618782043,1.0,0.12315050512552261,girl,girlsch,-0.23535019159317017,mid,vb2,0.0,1.0,0.12315050512552261,0.12315050512552261,0.0
65.0,58.0,0.4781937301158905,1.0,-0.29010680317878723,girl,girlsch,-0.23535019159317017,mid,vb2,0.0,1.0,-0.29010680317878723,-0.29010680317878723,0.0
65.0,59.0,-0.6230506896972656,1.0,-1.4472272396087646,girl,girlsch,-0.23535019159317017,mid,vb3,0.0,1.0,-1.4472272396087646,-1.4472272396087646,0.0
65.0,60.0,-0.4927808344364166,1.0,-1.4472272396087646,girl,girlsch,-0.23535019159317017,mid,vb3,0.0,1.0,-1.4472272396087646,-1.4472272396087646,0.0
65.0,61.0,-0.4198014438152313,1.0,-0.29010680317878723,girl,girlsch,-0.23535019159317017,mid,vb2,0.0,1.0,-0.29010680317878723,-0.29010680317878723,0.0
65.0,62.0,-2.2917308807373047,1.0,-0.9513183832168579,girl,girlsch,-0.23535019159317017,mid,vb3,0.0,1.0,-0.9513183832168579,-0.9513183832168579,0.0
65.0,63.0,0.07353636622428894,1.0,-1.199272871017456,girl,girlsch,-0.23535019159317017,mid,vb3,0.0,1.0,-1.199272871017456,-1.199272871017456,0.0
65.0,64.0,0.5443409085273743,1.0,1.528225302696228,girl,girlsch,-0.23535019159317017,mid,vb1,0.0,1.0,1.528225302696228,1.528225302696228,0.0
65.0,65.0,0.5443409085273743,1.0,1.1149680614471436,girl,girlsch,-0.23535019159317017,mid,vb1,0.0,1.0,1.1149680614471436,1.1149680614471436,0.0
65.0,66.0,-0.6230506896972656,1.0,-0.2074553370475769,girl,girlsch,-0.23535019159317017,mid,vb2,0.0,1.0,-0.2074553370475769,-0.2074553370475769,0.0
65.0,67.0,0.004321751184761524,1.0,1.1149680614471436,girl,girlsch,-0.23535019159317017,mid,vb1,0.0,1.0,1.1149680614471436,1.1149680614471436,0.0
65.0,68.0,-1.7238824367523193,1.0,-0.6207126379013062,girl,girlsch,-0.23535019159317017,mid,vb3,0.0,1.0,-0.6207126379013062,-0.6207126379013062,0.0
65.0,69.0,-2.1086435317993164,1.0,-1.1166213750839233,girl,girlsch,-0.23535019159317017,mid,vb2,0.0,1.0,-1.1166213750839233,-1.1166213750839233,0.0
65.0,70.0,-1.3353148698806763,1.0,-0.37275826930999756,girl,girlsch,-0.23535019159317017,mid,vb2,0.0,1.0,-0.37275826930999756,-0.37275826930999756,0.0
65.0,71.0,0.2613244652748108,1.0,0.9496650099754333,girl,girlsch,-0.23535019159317017,mid,vb1,0.0,1.0,0.9496650099754333,0.9496650099754333,0.0
65.0,72.0,0.328072190284729,1.0,1.1149680614471436,girl,girlsch,-0.23535019159317017,mid,vb2,0.0,1.0,1.1149680614471436,1.1149680614471436,0.0
65.0,73.0,-0.26515936851501465,1.0,-0.042152419686317444,girl,girlsch,-0.23535019159317017,mid,vb2,0.0,1.0,-0.042152419686317444,-0.042152419686317444,0.0
65.0,74.0,-1.1186243295669556,1.0,-1.2819242477416992,girl,girlsch,-0.23535019159317017,mid,vb3,0.0,1.0,-1.2819242477416992,-1.2819242477416992,0.0
65.0,75.0,-1.6237297058105469,1.0,-1.5298787355422974,girl,girlsch,-0.23535019159317017,mid,vb3,0.0,1.0,-1.5298787355422974,-1.5298787355422974,0.0
65.0,76.0,0.6107285618782043,1.0,1.8588311672210693,girl,girlsch,-0.23535019159317017,mid,vb1,0.0,1.0,1.8588311672210693,1.8588311672210693,0.0
65.0,77.0,-0.6995050311088562,1.0,-1.0339698791503906,girl,girlsch,-0.23535019159317017,mid,vb2,0.0,1.0,-1.0339698791503906,-1.0339698791503906,0.0
65.0,78.0,0.004321751184761524,1.0,0.45375630259513855,girl,girlsch,-0.23535019159317017,mid,vb2,0.0,1.0,0.45375630259513855,0.45375630259513855,0.0
65.0,79.0,0.004321751184761524,1.0,-0.7860155701637268,girl,girlsch,-0.23535019159317017,mid,vb2,0.0,1.0,-0.7860155701637268,-0.7860155701637268,0.0
65.0,80.0,-1.029066801071167,1.0,-1.364575743675232,girl,girlsch,-0.23535019159317017,mid,vb3,0.0,1.0,-1.364575743675232,-1.364575743675232,0.0
