id,sex,age,marital,child,educ,source,smoke,smokenum,op1,op2,op3,op4,op5,op6,mast1,mast2,mast3,mast4,mast5,mast6,mast7,pn1,pn2,pn3,pn4,pn5,pn6,pn7,pn8,pn9,pn10,pn11,pn12,pn13,pn14,pn15,pn16,pn17,pn18,pn19,pn20,lifsat1,lifsat2,lifsat3,lifsat4,lifsat5,pss1,pss2,pss3,pss4,pss5,pss6,pss7,pss8,pss9,pss10,sest1,sest2,sest3,sest4,sest5,sest6,sest7,sest8,sest9,sest10,m1,m2,m3,m4,m5,m6,m7,m8,m9,m10,pc1,pc2,pc3,pc4,pc5,pc6,pc7,pc8,pc9,pc10,pc11,pc12,pc13,pc14,pc15,pc16,pc17,pc18,rop2,rop4,rop6,rmast1,rmast3,rmast4,rmast6,rmast7,rpss4,rpss5,rpss7,rpss8,rsest3,rsest5,rsest7,rsest9,rsest10,rpc1,rpc2,rpc7,rpc11,rpc15,rpc16,toptim,tmast,tposaff,tnegaff,tlifesat,tpstress,tslfest,tmarlow,tpcoiss,agegp3,agegp5,educrec,lg10negaff,mah_1,coo_1,mah_2
415,FEMALES,24,MARRIED FIRST TIME,YES,COMPLETED UNDERGRADUATE,LIFE IN GENERAL,NO,,3.0,2.0,3.0,2.0,4.0,2.0,2.0,4.0,2.0,2.0,4.0,2.0,3.0,5.0,5.0,4.0,4.0,4.0,5.0,5.0,5.0,5.0,5.0,5.0,5.0,5.0,3.0,5.0,3.0,5.0,5.0,4.0,4.0,5.0,6.0,5.0,4.0,3.0,3.0,3.0,4.0,3.0,4.0,3.0,3.0,3.0,3.0,2.0,4.0,4.0,1.0,4.0,1.0,4.0,2.0,4.0,3.0,3.0,1.0,0.0,1.0,1.0,0.0,0.0,1.0,0.0,0.0,0.0,4.0,4.0,3.0,3.0,4.0,4.0,4.0,2.0,3.0,2.0,4.0,4.0,2.0,2.0,3.0,3.0,4.0,4.0,4.0,4.0,4.0,3.0,3.0,3.0,3.0,2.0,3.0,2.0,3.0,3.0,4.0,4.0,3.0,2.0,2.0,2.0,2.0,2.0,2.0,3.0,3.0,22.0,22.0,49.0,39.0,23.0,29.0,35.0,4.0,51.0,18 - 29,18 - 24,completed undergrad uni,1.6232492903979,0.958016199851603,4.53449843955693e-05,18.1006432002516
9,MALES,39,LIVING WITH PARTNER,YES,COMPLETED UNDERGRADUATE,WORK,YES,2.0,2.0,3.0,4.0,3.0,5.0,4.0,2.0,4.0,2.0,3.0,4.0,2.0,3.0,4.0,5.0,4.0,5.0,3.0,3.0,3.0,2.0,5.0,4.0,4.0,4.0,4.0,3.0,2.0,2.0,2.0,3.0,4.0,4.0,7.0,6.0,5.0,7.0,5.0,2.0,2.0,3.0,5.0,4.0,3.0,5.0,4.0,3.0,3.0,3.0,4.0,1.0,4.0,1.0,4.0,3.0,3.0,1.0,3.0,1.0,1.0,1.0,0.0,1.0,0.0,0.0,1.0,0.0,0.0,4.0,3.0,3.0,4.0,3.0,2.0,5.0,1.0,1.0,1.0,5.0,2.0,4.0,2.0,4.0,2.0,2.0,2.0,3.0,3.0,2.0,3.0,3.0,2.0,3.0,2.0,1.0,2.0,1.0,2.0,4.0,4.0,2.0,4.0,2.0,2.0,3.0,1.0,1.0,2.0,4.0,19.0,21.0,35.0,35.0,30.0,22.0,34.0,5.0,40.0,30 - 44,33 - 40,completed undergrad uni,1.54406804435028,3.64075332624113,0.0158523893638754,14.4820114551395
425,FEMALES,48,MARRIED FIRST TIME,YES,SOME SECONDARY,CHILDREN,NO,,3.0,1.0,3.0,3.0,3.0,4.0,3.0,3.0,2.0,3.0,3.0,2.0,2.0,2.0,1.0,2.0,2.0,1.0,1.0,3.0,1.0,1.0,1.0,1.0,1.0,1.0,2.0,2.0,2.0,1.0,1.0,2.0,1.0,7.0,7.0,7.0,6.0,6.0,1.0,2.0,2.0,4.0,4.0,2.0,4.0,4.0,2.0,2.0,4.0,3.0,3.0,3.0,1.0,3.0,2.0,3.0,2.0,2.0,1.0,1.0,1.0,1.0,1.0,0.0,1.0,1.0,0.0,1.0,3.0,3.0,4.0,2.0,3.0,3.0,3.0,3.0,3.0,3.0,4.0,3.0,2.0,2.0,4.0,4.0,2.0,2.0,5.0,3.0,2.0,2.0,3.0,2.0,3.0,3.0,2.0,2.0,2.0,2.0,2.0,4.0,3.0,3.0,3.0,3.0,3.0,3.0,2.0,2.0,2.0,19.0,19.0,15.0,14.0,33.0,19.0,31.0,8.0,47.0,45+,41 - 49,did not complete high school,1.14612803567824,1.30741786655502,0.014042483113735,14.2142913411782
307,MALES,41,REMARRIED,YES,SOME SECONDARY,WORK,NO,0.0,3.0,1.0,5.0,3.0,5.0,1.0,2.0,4.0,1.0,1.0,4.0,1.0,2.0,5.0,5.0,3.0,5.0,2.0,5.0,5.0,5.0,5.0,5.0,5.0,5.0,4.0,2.0,5.0,5.0,5.0,5.0,3.0,1.0,7.0,6.0,7.0,7.0,6.0,4.0,3.0,5.0,5.0,4.0,3.0,3.0,4.0,5.0,3.0,4.0,4.0,1.0,4.0,1.0,4.0,1.0,4.0,1.0,1.0,1.0,1.0,0.0,0.0,0.0,0.0,0.0,1.0,0.0,0.0,2.0,2.0,4.0,5.0,4.0,4.0,4.0,3.0,4.0,4.0,1.0,3.0,2.0,2.0,3.0,2.0,4.0,2.0,5.0,3.0,5.0,3.0,4.0,4.0,4.0,3.0,1.0,2.0,3.0,2.0,4.0,4.0,4.0,4.0,4.0,4.0,4.0,2.0,5.0,3.0,4.0,26.0,26.0,49.0,36.0,33.0,31.0,40.0,3.0,63.0,30 - 44,41 - 49,did not complete high school,1.55630250076729,1.31417610205586,0.0054038494713313,14.1694105528876
440,MALES,23,SINGLE,NO,COMPLETED UNDERGRADUATE,WORK,NO,0.0,3.0,2.0,3.0,2.0,1.0,3.0,1.0,4.0,2.0,1.0,2.0,2.0,2.0,1.0,1.0,1.0,1.0,1.0,1.0,1.0,2.0,3.0,1.0,1.0,1.0,1.0,1.0,1.0,1.0,1.0,1.0,1.0,1.0,3.0,3.0,4.0,3.0,3.0,2.0,2.0,3.0,2.0,3.0,2.0,4.0,3.0,3.0,3.0,2.0,2.0,2.0,2.0,4.0,2.0,3.0,2.0,3.0,2.0,1.0,0.0,1.0,1.0,0.0,0.0,0.0,1.0,0.0,0.0,1.0,2.0,2.0,1.0,2.0,1.0,2.0,2.0,3.0,1.0,3.0,2.0,1.0,3.0,2.0,1.0,1.0,2.0,4.0,4.0,3.0,4.0,3.0,4.0,3.0,3.0,4.0,3.0,2.0,3.0,3.0,1.0,2.0,2.0,3.0,5.0,4.0,4.0,3.0,4.0,5.0,18.0,23.0,12.0,11.0,16.0,27.0,21.0,4.0,46.0,18 - 29,18 - 24,completed undergrad uni,1.04139268515823,2.71888737968259,0.0003755638492946,13.7029738680639
484,FEMALES,31,MARRIED FIRST TIME,YES,COMPLETED UNDERGRADUATE,LIFE IN GENERAL,NO,,2.0,2.0,2.0,2.0,3.0,4.0,1.0,3.0,2.0,2.0,3.0,1.0,2.0,2.0,1.0,1.0,3.0,1.0,2.0,1.0,1.0,1.0,1.0,3.0,1.0,1.0,1.0,1.0,1.0,1.0,1.0,1.0,1.0,2.0,2.0,2.0,2.0,2.0,1.0,1.0,3.0,4.0,3.0,2.0,4.0,3.0,2.0,2.0,2.0,3.0,2.0,3.0,2.0,2.0,3.0,2.0,3.0,3.0,1.0,1.0,1.0,1.0,1.0,1.0,1.0,1.0,1.0,1.0,1.0,3.0,4.0,3.0,2.0,1.0,4.0,2.0,3.0,3.0,3.0,1.0,4.0,1.0,4.0,4.0,1.0,1.0,4.0,4.0,2.0,4.0,3.0,3.0,4.0,3.0,2.0,3.0,2.0,3.0,3.0,3.0,2.0,2.0,2.0,5.0,3.0,2.0,3.0,2.0,2.0,17.0,23.0,14.0,12.0,10.0,21.0,24.0,10.0,43.0,30 - 44,25 - 32,completed undergrad uni,1.07918124604762,3.75429886366276,0.0135141644294967,13.565507575151
341,FEMALES,30,SEPARATED,NO,SOME ADDITIONAL TRAINING,MONEY/FINANCES,NO,0.0,3.0,5.0,1.0,4.0,1.0,4.0,4.0,2.0,4.0,4.0,2.0,4.0,4.0,1.0,4.0,4.0,1.0,3.0,1.0,1.0,4.0,1.0,3.0,4.0,1.0,1.0,3.0,1.0,4.0,2.0,1.0,4.0,4.0,1.0,1.0,1.0,1.0,1.0,4.0,4.0,4.0,2.0,2.0,4.0,2.0,3.0,4.0,4.0,2.0,3.0,4.0,2.0,4.0,2.0,4.0,2.0,4.0,4.0,0.0,1.0,0.0,0.0,1.0,0.0,0.0,0.0,1.0,0.0,5.0,5.0,2.0,2.0,2.0,2.0,4.0,1.0,1.0,1.0,5.0,1.0,1.0,1.0,4.0,4.0,1.0,1.0,1.0,2.0,2.0,1.0,1.0,1.0,1.0,1.0,4.0,4.0,4.0,3.0,1.0,1.0,1.0,1.0,1.0,1.0,1.0,2.0,1.0,2.0,2.0,10.0,9.0,11.0,37.0,5.0,39.0,18.0,3.0,25.0,30 - 44,25 - 32,some additional training,1.56820172406699,12.6514286332534,0.0023990697465923,12.5234418841835
300,MALES,23,STEADY RELATIONSHIP,NO,COMPLETED UNDERGRADUATE,WORK,YES,100.0,4.0,1.0,3.0,1.0,4.0,2.0,2.0,4.0,1.0,2.0,3.0,3.0,3.0,1.0,3.0,4.0,1.0,2.0,1.0,1.0,5.0,1.0,4.0,4.0,1.0,2.0,5.0,2.0,5.0,1.0,1.0,4.0,2.0,5.0,5.0,5.0,4.0,6.0,3.0,3.0,5.0,3.0,2.0,5.0,2.0,1.0,2.0,5.0,4.0,4.0,1.0,4.0,1.0,3.0,3.0,3.0,2.0,2.0,1.0,1.0,1.0,0.0,0.0,0.0,0.0,1.0,0.0,0.0,3.0,4.0,2.0,2.0,2.0,2.0,5.0,1.0,1.0,1.0,4.0,1.0,3.0,1.0,4.0,2.0,3.0,2.0,5.0,5.0,4.0,3.0,4.0,3.0,2.0,2.0,3.0,4.0,4.0,5.0,4.0,4.0,2.0,3.0,3.0,3.0,2.0,1.0,2.0,2.0,4.0,25.0,21.0,12.0,38.0,25.0,39.0,34.0,4.0,35.0,18 - 29,18 - 24,completed undergrad uni,1.57978359661681,5.73472307469508,0.0159021603768974,12.3805241035109
61,FEMALES,18,STEADY RELATIONSHIP,NO,SOME SECONDARY,SPOUSE OR PARTNER,YES,40.0,3.0,4.0,2.0,4.0,2.0,4.0,3.0,2.0,3.0,3.0,2.0,4.0,4.0,2.0,4.0,4.0,1.0,4.0,1.0,1.0,4.0,1.0,1.0,1.0,1.0,1.0,4.0,1.0,4.0,1.0,1.0,4.0,4.0,2.0,2.0,2.0,1.0,1.0,4.0,4.0,5.0,2.0,1.0,4.0,3.0,2.0,5.0,5.0,2.0,2.0,3.0,2.0,4.0,1.0,4.0,1.0,4.0,4.0,1.0,1.0,1.0,1.0,0.0,0.0,1.0,0.0,0.0,0.0,5.0,4.0,2.0,2.0,1.0,2.0,5.0,2.0,1.0,1.0,4.0,1.0,1.0,1.0,4.0,4.0,1.0,2.0,2.0,2.0,2.0,2.0,2.0,2.0,1.0,1.0,4.0,5.0,3.0,4.0,2.0,1.0,1.0,1.0,1.0,1.0,2.0,1.0,2.0,2.0,2.0,13.0,12.0,11.0,34.0,8.0,43.0,18.0,5.0,27.0,18 - 29,18 - 24,did not complete high school,1.53147891704226,9.24032169146339,0.0084103723389327,12.2737012256573
24,MALES,23,SINGLE,NO,POSTGRADUATE COMPLETED,,NO,0.0,1.0,3.0,1.0,4.0,1.0,5.0,3.0,1.0,3.0,3.0,2.0,4.0,2.0,2.0,5.0,5.0,2.0,4.0,2.0,2.0,5.0,2.0,3.0,4.0,2.0,2.0,5.0,2.0,5.0,2.0,2.0,5.0,5.0,1.0,1.0,1.0,1.0,1.0,4.0,5.0,5.0,1.0,1.0,5.0,2.0,1.0,4.0,4.0,2.0,2.0,3.0,3.0,2.0,1.0,4.0,1.0,1.0,1.0,0.0,0.0,1.0,0.0,0.0,1.0,0.0,0.0,0.0,0.0,5.0,5.0,1.0,1.0,1.0,1.0,5.0,1.0,1.0,1.0,5.0,1.0,3.0,1.0,5.0,5.0,1.0,1.0,3.0,2.0,1.0,2.0,2.0,2.0,1.0,3.0,5.0,5.0,4.0,5.0,2.0,3.0,1.0,4.0,4.0,1.0,1.0,1.0,1.0,1.0,1.0,9.0,13.0,20.0,39.0,5.0,46.0,23.0,2.0,20.0,18 - 29,18 - 24,completed postgrad uni,1.66275783168157,11.7589862315721,0.025867864828895,11.6085887907589
138,MALES,27,SINGLE,NO,COMPLETED HIGHSCHOOL,WORK,YES,100.0,5.0,1.0,5.0,1.0,5.0,1.0,1.0,4.0,1.0,1.0,4.0,1.0,4.0,4.0,4.0,3.0,4.0,2.0,5.0,4.0,4.0,5.0,2.0,3.0,3.0,4.0,2.0,4.0,4.0,4.0,4.0,5.0,4.0,5.0,5.0,5.0,5.0,3.0,2.0,2.0,5.0,5.0,4.0,2.0,4.0,3.0,1.0,3.0,4.0,4.0,1.0,4.0,1.0,3.0,3.0,3.0,1.0,2.0,1.0,0.0,1.0,0.0,0.0,0.0,0.0,0.0,0.0,0.0,4.0,2.0,2.0,3.0,5.0,1.0,5.0,2.0,3.0,3.0,5.0,5.0,2.0,1.0,2.0,4.0,2.0,5.0,5.0,5.0,5.0,4.0,4.0,4.0,4.0,1.0,1.0,2.0,2.0,3.0,4.0,4.0,2.0,4.0,3.0,2.0,4.0,1.0,1.0,4.0,2.0,30.0,25.0,41.0,33.0,23.0,23.0,35.0,2.0,48.0,18 - 29,25 - 32,completed high school,1.51851393987789,3.66105141694082,0.0031414738765394,11.1368655542926
184,FEMALES,34,MARRIED FIRST TIME,YES,COMPLETED UNDERGRADUATE,FAMILY,NO,0.0,4.0,1.0,4.0,1.0,5.0,1.0,1.0,4.0,1.0,1.0,4.0,3.0,1.0,4.0,5.0,3.0,4.0,1.0,4.0,3.0,4.0,3.0,1.0,4.0,4.0,4.0,2.0,3.0,1.0,5.0,3.0,2.0,2.0,6.0,7.0,6.0,7.0,5.0,2.0,1.0,2.0,5.0,5.0,2.0,4.0,4.0,1.0,2.0,4.0,4.0,1.0,1.0,1.0,4.0,1.0,4.0,1.0,1.0,0.0,1.0,1.0,0.0,1.0,0.0,1.0,1.0,0.0,1.0,3.0,4.0,2.0,4.0,5.0,3.0,3.0,1.0,2.0,2.0,5.0,3.0,2.0,2.0,4.0,4.0,2.0,2.0,5.0,5.0,5.0,4.0,4.0,4.0,2.0,4.0,1.0,1.0,2.0,2.0,4.0,4.0,4.0,4.0,4.0,3.0,2.0,3.0,1.0,2.0,2.0,28.0,26.0,37.0,25.0,31.0,16.0,37.0,6.0,43.0,30 - 44,33 - 40,completed undergrad uni,1.39794000867204,6.77126396686263,0.0431995275193601,11.0069094415789
183,MALES,35,SINGLE,NO,SOME ADDITIONAL TRAINING,LIFE IN GENERAL,NO,0.0,2.0,4.0,5.0,5.0,2.0,2.0,3.0,4.0,3.0,3.0,2.0,3.0,2.0,2.0,2.0,3.0,1.0,2.0,1.0,1.0,2.0,1.0,1.0,3.0,1.0,1.0,2.0,1.0,1.0,1.0,1.0,2.0,2.0,1.0,1.0,1.0,1.0,1.0,3.0,5.0,4.0,3.0,3.0,3.0,3.0,3.0,4.0,3.0,2.0,3.0,2.0,2.0,2.0,1.0,3.0,3.0,3.0,3.0,0.0,0.0,1.0,1.0,1.0,0.0,1.0,1.0,0.0,0.0,3.0,2.0,3.0,4.0,3.0,2.0,4.0,2.0,4.0,3.0,4.0,1.0,4.0,2.0,2.0,2.0,2.0,3.0,2.0,1.0,4.0,2.0,2.0,2.0,2.0,3.0,3.0,3.0,3.0,3.0,3.0,3.0,2.0,2.0,2.0,3.0,4.0,2.0,2.0,4.0,4.0,16.0,17.0,11.0,20.0,5.0,34.0,23.0,5.0,52.0,30 - 44,33 - 40,some additional training,1.30102999566398,1.45248639408866,0.0008230486313564,10.863432644693
144,FEMALES,43,MARRIED FIRST TIME,YES,SOME SECONDARY,SPOUSE OR PARTNER,NO,,4.0,3.0,3.0,3.0,4.0,3.0,3.0,4.0,2.0,2.0,4.0,4.0,4.0,3.0,5.0,1.0,1.0,5.0,5.0,1.0,4.0,1.0,5.0,5.0,1.0,1.0,1.0,1.0,5.0,1.0,1.0,5.0,5.0,1.0,1.0,2.0,2.0,2.0,4.0,4.0,4.0,2.0,1.0,5.0,1.0,1.0,1.0,5.0,4.0,4.0,1.0,1.0,1.0,3.0,4.0,3.0,3.0,4.0,0.0,1.0,1.0,1.0,0.0,0.0,0.0,0.0,0.0,0.0,3.0,5.0,1.0,1.0,1.0,1.0,5.0,3.0,1.0,3.0,3.0,1.0,4.0,1.0,5.0,5.0,1.0,1.0,3.0,3.0,3.0,2.0,3.0,3.0,1.0,1.0,4.0,5.0,5.0,5.0,4.0,4.0,1.0,2.0,1.0,3.0,1.0,1.0,3.0,1.0,1.0,20.0,18.0,16.0,39.0,8.0,42.0,27.0,3.0,29.0,30 - 44,41 - 49,did not complete high school,1.61278385671974,7.21156810827418,0.0199133782131563,10.7093941172121
57,MALES,50,MARRIED FIRST TIME,YES,SOME ADDITIONAL TRAINING,WORK,NO,0.0,4.0,3.0,1.0,4.0,4.0,3.0,2.0,4.0,2.0,2.0,3.0,2.0,3.0,1.0,1.0,1.0,3.0,1.0,5.0,3.0,3.0,3.0,1.0,5.0,1.0,1.0,1.0,1.0,1.0,1.0,1.0,1.0,1.0,5.0,5.0,5.0,6.0,6.0,3.0,2.0,3.0,5.0,4.0,1.0,5.0,5.0,3.0,2.0,4.0,4.0,1.0,4.0,1.0,3.0,1.0,3.0,1.0,1.0,0.0,1.0,1.0,0.0,0.0,0.0,1.0,1.0,0.0,1.0,3.0,4.0,5.0,3.0,4.0,2.0,1.0,4.0,3.0,4.0,1.0,3.0,4.0,3.0,1.0,2.0,3.0,3.0,3.0,2.0,3.0,3.0,3.0,3.0,3.0,2.0,1.0,2.0,1.0,1.0,4.0,4.0,4.0,4.0,4.0,3.0,2.0,5.0,5.0,5.0,4.0,17.0,21.0,20.0,16.0,27.0,19.0,38.0,5.0,65.0,45+,50+,some additional training,1.20411998265592,0.333857295168029,0.003182843912067,9.65061804425171
491,MALES,57,MARRIED FIRST TIME,NO,SOME ADDITIONAL TRAINING,HEALTH/ILLNESS,YES,200.0,1.0,3.0,5.0,3.0,1.0,5.0,4.0,4.0,1.0,3.0,2.0,4.0,4.0,3.0,3.0,5.0,1.0,5.0,5.0,2.0,4.0,3.0,1.0,3.0,1.0,3.0,5.0,1.0,4.0,3.0,3.0,5.0,2.0,1.0,1.0,1.0,3.0,1.0,3.0,4.0,4.0,2.0,5.0,3.0,4.0,5.0,3.0,5.0,1.0,4.0,2.0,4.0,2.0,2.0,4.0,1.0,2.0,2.0,1.0,1.0,1.0,0.0,0.0,0.0,0.0,0.0,0.0,0.0,5.0,3.0,4.0,2.0,1.0,2.0,3.0,2.0,3.0,4.0,1.0,4.0,2.0,4.0,2.0,2.0,4.0,5.0,3.0,3.0,1.0,1.0,4.0,2.0,1.0,1.0,4.0,1.0,2.0,1.0,3.0,3.0,1.0,3.0,3.0,1.0,3.0,3.0,5.0,4.0,4.0,14.0,15.0,25.0,37.0,7.0,30.0,25.0,3.0,57.0,45+,50+,some additional training,1.56820172406699,3.37207946006948,0.0004857985764822,9.55624249909229
41,FEMALES,37,SEPARATED,YES,COMPLETED HIGHSCHOOL,WORK,NO,0.0,3.0,3.0,3.0,2.0,3.0,3.0,3.0,3.0,1.0,1.0,4.0,2.0,2.0,3.0,5.0,3.0,1.0,5.0,3.0,3.0,4.0,1.0,5.0,5.0,1.0,2.0,2.0,1.0,5.0,2.0,2.0,4.0,5.0,2.0,2.0,2.0,6.0,2.0,5.0,5.0,5.0,2.0,3.0,2.0,3.0,3.0,5.0,5.0,2.0,2.0,3.0,2.0,2.0,1.0,4.0,1.0,3.0,3.0,1.0,1.0,1.0,1.0,1.0,0.0,0.0,1.0,0.0,0.0,4.0,3.0,2.0,2.0,1.0,2.0,3.0,2.0,2.0,3.0,4.0,2.0,2.0,2.0,5.0,4.0,2.0,3.0,3.0,4.0,3.0,2.0,4.0,4.0,3.0,3.0,4.0,3.0,3.0,3.0,2.0,3.0,1.0,2.0,2.0,2.0,3.0,3.0,2.0,1.0,2.0,19.0,23.0,19.0,39.0,14.0,40.0,18.0,6.0,38.0,30 - 44,33 - 40,completed high school,1.63346845557959,5.86200881489354,0.0308948504714126,9.23422256958016
6,FEMALES,41,DIVORCED,YES,POSTGRADUATE COMPLETED,WORK,NO,0.0,4.0,3.0,4.0,2.0,4.0,4.0,3.0,4.0,4.0,4.0,2.0,2.0,2.0,3.0,4.0,1.0,2.0,2.0,4.0,2.0,2.0,3.0,4.0,4.0,1.0,2.0,1.0,1.0,2.0,3.0,2.0,2.0,2.0,5.0,4.0,5.0,5.0,2.0,4.0,4.0,4.0,3.0,2.0,5.0,2.0,2.0,5.0,5.0,4.0,4.0,1.0,4.0,1.0,3.0,3.0,4.0,3.0,1.0,0.0,0.0,1.0,1.0,0.0,0.0,1.0,0.0,0.0,1.0,2.0,3.0,5.0,4.0,5.0,2.0,3.0,4.0,4.0,4.0,3.0,3.0,4.0,3.0,2.0,2.0,3.0,4.0,3.0,4.0,2.0,2.0,1.0,1.0,3.0,3.0,3.0,4.0,4.0,4.0,4.0,4.0,2.0,2.0,4.0,4.0,3.0,3.0,3.0,4.0,4.0,21.0,16.0,23.0,24.0,21.0,42.0,35.0,4.0,66.0,30 - 44,41 - 49,completed postgrad uni,1.38021124171161,4.09817556938257,0.0356562765871801,9.21561356142105
157,FEMALES,19,SINGLE,NO,COMPLETED HIGHSCHOOL,LIFE IN GENERAL,NO,0.0,4.0,4.0,4.0,4.0,2.0,3.0,3.0,2.0,3.0,3.0,4.0,4.0,4.0,2.0,5.0,5.0,3.0,4.0,2.0,3.0,2.0,1.0,1.0,3.0,2.0,2.0,5.0,3.0,3.0,2.0,2.0,5.0,3.0,3.0,1.0,2.0,1.0,2.0,5.0,5.0,5.0,3.0,2.0,5.0,3.0,2.0,5.0,5.0,4.0,4.0,4.0,3.0,3.0,2.0,4.0,2.0,4.0,4.0,0.0,1.0,1.0,0.0,0.0,0.0,0.0,1.0,0.0,0.0,4.0,5.0,2.0,2.0,3.0,4.0,5.0,2.0,3.0,3.0,3.0,3.0,1.0,1.0,5.0,5.0,1.0,3.0,2.0,2.0,3.0,2.0,2.0,2.0,1.0,1.0,3.0,4.0,3.0,4.0,1.0,2.0,1.0,1.0,1.0,2.0,1.0,1.0,3.0,1.0,1.0,17.0,14.0,22.0,36.0,9.0,44.0,21.0,3.0,37.0,18 - 29,18 - 24,completed high school,1.55630250076729,5.0710136625097,0.0183584882961445,9.04580668892445
287,FEMALES,25,SINGLE,NO,COMPLETED UNDERGRADUATE,WORK,NO,0.0,4.0,2.0,3.0,1.0,5.0,1.0,1.0,4.0,1.0,3.0,4.0,2.0,1.0,4.0,4.0,5.0,1.0,2.0,3.0,2.0,5.0,2.0,1.0,5.0,3.0,3.0,5.0,3.0,2.0,3.0,3.0,5.0,5.0,1.0,1.0,4.0,7.0,7.0,3.0,4.0,5.0,4.0,3.0,3.0,3.0,2.0,1.0,5.0,4.0,4.0,1.0,3.0,1.0,3.0,1.0,4.0,3.0,1.0,1.0,1.0,1.0,1.0,1.0,0.0,1.0,1.0,1.0,1.0,3.0,4.0,2.0,3.0,5.0,3.0,5.0,4.0,4.0,3.0,1.0,5.0,4.0,3.0,2.0,1.0,5.0,5.0,4.0,5.0,5.0,4.0,4.0,2.0,3.0,4.0,2.0,3.0,3.0,4.0,4.0,4.0,4.0,2.0,4.0,3.0,2.0,1.0,5.0,4.0,5.0,26.0,25.0,27.0,39.0,20.0,33.0,36.0,9.0,66.0,18 - 29,25 - 32,completed undergrad uni,1.5910646070265,0.665424219368921,0.0061438534224315,9.03069324332308
53,MALES,23,SINGLE,NO,COMPLETED HIGHSCHOOL,WORK,NO,,4.0,5.0,3.0,4.0,2.0,4.0,3.0,3.0,2.0,3.0,3.0,1.0,2.0,4.0,2.0,2.0,2.0,3.0,5.0,1.0,2.0,2.0,2.0,2.0,2.0,1.0,2.0,3.0,2.0,1.0,1.0,1.0,1.0,4.0,4.0,2.0,2.0,5.0,3.0,3.0,4.0,2.0,2.0,4.0,3.0,2.0,5.0,5.0,3.0,3.0,2.0,2.0,3.0,2.0,2.0,3.0,2.0,1.0,0.0,0.0,0.0,0.0,0.0,0.0,0.0,0.0,1.0,0.0,1.0,5.0,3.0,2.0,3.0,2.0,4.0,1.0,3.0,3.0,4.0,3.0,2.0,2.0,4.0,4.0,2.0,1.0,1.0,2.0,2.0,2.0,3.0,2.0,4.0,3.0,4.0,4.0,3.0,4.0,3.0,2.0,3.0,3.0,4.0,5.0,1.0,2.0,2.0,2.0,2.0,14.0,20.0,22.0,19.0,17.0,39.0,28.0,1.0,41.0,18 - 29,18 - 24,completed high school,1.27875360095283,2.91003403684638,0.0102046109294088,8.96610304411742
330,FEMALES,53,MARRIED FIRST TIME,NO,SOME SECONDARY,HEALTH/ILLNESS,NO,0.0,3.0,5.0,5.0,5.0,2.0,5.0,4.0,2.0,4.0,4.0,4.0,4.0,4.0,2.0,5.0,1.0,1.0,1.0,4.0,1.0,5.0,1.0,5.0,5.0,1.0,2.0,2.0,1.0,1.0,1.0,3.0,5.0,5.0,7.0,6.0,7.0,2.0,1.0,5.0,5.0,5.0,5.0,1.0,5.0,3.0,3.0,5.0,5.0,4.0,3.0,4.0,3.0,4.0,1.0,4.0,2.0,3.0,3.0,1.0,1.0,1.0,0.0,0.0,0.0,1.0,0.0,0.0,0.0,5.0,4.0,2.0,5.0,5.0,5.0,5.0,5.0,4.0,4.0,5.0,3.0,5.0,5.0,5.0,5.0,5.0,5.0,1.0,1.0,1.0,1.0,1.0,1.0,1.0,1.0,1.0,5.0,3.0,3.0,1.0,1.0,1.0,2.0,2.0,1.0,2.0,1.0,1.0,1.0,1.0,13.0,11.0,17.0,35.0,23.0,42.0,20.0,4.0,60.0,45+,50+,did not complete high school,1.54406804435028,9.88816896080127,0.0350147673834971,8.79440798932922
379,FEMALES,47,MARRIED FIRST TIME,YES,SOME ADDITIONAL TRAINING,WORK,NO,0.0,5.0,4.0,5.0,2.0,5.0,2.0,2.0,3.0,3.0,3.0,4.0,3.0,1.0,5.0,3.0,3.0,4.0,3.0,5.0,5.0,4.0,5.0,4.0,4.0,5.0,4.0,3.0,5.0,3.0,5.0,3.0,3.0,2.0,6.0,6.0,6.0,7.0,7.0,5.0,3.0,4.0,5.0,3.0,3.0,3.0,4.0,3.0,2.0,4.0,4.0,1.0,4.0,1.0,4.0,3.0,4.0,1.0,1.0,1.0,1.0,1.0,1.0,1.0,0.0,0.0,1.0,0.0,0.0,2.0,2.0,5.0,5.0,5.0,5.0,2.0,2.0,4.0,5.0,1.0,5.0,4.0,4.0,3.0,3.0,3.0,4.0,2.0,4.0,4.0,3.0,2.0,2.0,2.0,4.0,1.0,3.0,3.0,2.0,4.0,4.0,2.0,4.0,4.0,4.0,4.0,4.0,5.0,3.0,3.0,25.0,20.0,46.0,32.0,32.0,29.0,38.0,6.0,74.0,45+,41 - 49,some additional training,1.50514997831991,2.68748289579789,0.0019910274759309,8.70052749451713
59,FEMALES,36,SEPARATED,YES,SOME SECONDARY,WORK,NO,0.0,2.0,4.0,3.0,4.0,3.0,4.0,2.0,3.0,2.0,2.0,4.0,2.0,3.0,5.0,4.0,4.0,3.0,4.0,5.0,3.0,4.0,3.0,5.0,3.0,2.0,2.0,4.0,2.0,4.0,2.0,4.0,4.0,4.0,3.0,4.0,4.0,3.0,6.0,3.0,3.0,4.0,3.0,2.0,3.0,2.0,3.0,4.0,3.0,4.0,4.0,2.0,3.0,3.0,3.0,3.0,3.0,3.0,2.0,1.0,1.0,1.0,1.0,1.0,0.0,0.0,1.0,1.0,0.0,2.0,4.0,4.0,2.0,4.0,3.0,3.0,2.0,5.0,4.0,1.0,3.0,3.0,3.0,4.0,4.0,2.0,3.0,2.0,2.0,2.0,3.0,3.0,3.0,3.0,2.0,3.0,4.0,4.0,3.0,3.0,2.0,2.0,2.0,3.0,4.0,2.0,3.0,5.0,2.0,2.0,14.0,21.0,31.0,39.0,20.0,34.0,29.0,7.0,56.0,30 - 44,33 - 40,did not complete high school,1.60205999132796,0.149052945804585,0.0017725158038427,8.37382660403436
416,MALES,21,SINGLE,NO,COMPLETED HIGHSCHOOL,WORK,NO,,3.0,3.0,3.0,3.0,5.0,2.0,2.0,3.0,3.0,3.0,3.0,3.0,3.0,4.0,4.0,4.0,3.0,2.0,5.0,4.0,5.0,2.0,2.0,5.0,4.0,2.0,4.0,4.0,1.0,4.0,4.0,5.0,5.0,4.0,5.0,5.0,5.0,4.0,3.0,4.0,5.0,5.0,3.0,5.0,4.0,4.0,3.0,3.0,4.0,4.0,1.0,3.0,4.0,4.0,1.0,3.0,3.0,3.0,0.0,1.0,0.0,0.0,0.0,0.0,1.0,0.0,0.0,0.0,5.0,5.0,3.0,4.0,2.0,2.0,5.0,3.0,3.0,2.0,4.0,3.0,2.0,2.0,2.0,2.0,4.0,3.0,3.0,3.0,4.0,3.0,2.0,2.0,2.0,2.0,1.0,3.0,2.0,2.0,4.0,1.0,4.0,2.0,2.0,1.0,1.0,1.0,2.0,4.0,4.0,21.0,17.0,36.0,37.0,23.0,31.0,31.0,2.0,46.0,18 - 29,18 - 24,completed high school,1.56820172406699,1.92664684643397,0.0002059886503267,8.28745003222292
508,FEMALES,26,LIVING WITH PARTNER,YES,COMPLETED UNDERGRADUATE,WORK,NO,0.0,4.0,2.0,4.0,2.0,4.0,2.0,3.0,2.0,2.0,3.0,3.0,1.0,1.0,5.0,3.0,2.0,4.0,1.0,4.0,3.0,1.0,4.0,1.0,2.0,3.0,4.0,1.0,2.0,1.0,4.0,5.0,1.0,1.0,3.0,4.0,5.0,5.0,3.0,4.0,4.0,4.0,3.0,3.0,2.0,4.0,3.0,5.0,4.0,4.0,4.0,1.0,4.0,1.0,3.0,2.0,4.0,3.0,1.0,1.0,1.0,1.0,0.0,0.0,0.0,1.0,0.0,0.0,0.0,2.0,4.0,2.0,4.0,4.0,2.0,3.0,2.0,3.0,3.0,3.0,4.0,2.0,2.0,2.0,2.0,3.0,3.0,4.0,4.0,4.0,2.0,3.0,2.0,4.0,4.0,3.0,3.0,2.0,3.0,4.0,4.0,3.0,2.0,4.0,4.0,2.0,3.0,3.0,4.0,4.0,24.0,20.0,38.0,14.0,20.0,34.0,36.0,4.0,54.0,18 - 29,25 - 32,completed undergrad uni,1.14612803567824,0.339205435339703,0.0014485109834772,7.93884452468243
116,FEMALES,48,REMARRIED,YES,SOME ADDITIONAL TRAINING,WORK,NO,0.0,3.0,3.0,3.0,3.0,4.0,2.0,3.0,3.0,3.0,3.0,3.0,3.0,4.0,4.0,5.0,5.0,4.0,1.0,2.0,3.0,5.0,3.0,5.0,5.0,2.0,3.0,5.0,4.0,2.0,3.0,3.0,5.0,3.0,3.0,5.0,5.0,5.0,1.0,5.0,4.0,5.0,3.0,3.0,5.0,3.0,3.0,2.0,4.0,4.0,4.0,2.0,4.0,3.0,3.0,1.0,3.0,2.0,2.0,1.0,1.0,1.0,1.0,1.0,0.0,0.0,0.0,0.0,0.0,5.0,4.0,3.0,3.0,2.0,2.0,4.0,3.0,4.0,4.0,4.0,2.0,1.0,1.0,5.0,5.0,1.0,2.0,3.0,3.0,4.0,2.0,2.0,2.0,2.0,1.0,3.0,3.0,3.0,3.0,3.0,2.0,4.0,3.0,3.0,1.0,2.0,2.0,2.0,1.0,1.0,20.0,15.0,31.0,39.0,19.0,37.0,33.0,5.0,37.0,45+,41 - 49,some additional training,1.61278385671974,4.51562934551607,0.0008759797012393,7.85484671842739
422,FEMALES,24,SINGLE,NO,SOME ADDITIONAL TRAINING,WORK,NO,,3.0,1.0,4.0,2.0,5.0,1.0,3.0,4.0,2.0,2.0,3.0,3.0,4.0,3.0,5.0,4.0,3.0,1.0,4.0,3.0,5.0,4.0,3.0,3.0,2.0,4.0,4.0,3.0,2.0,3.0,4.0,5.0,5.0,6.0,5.0,7.0,5.0,4.0,3.0,3.0,4.0,3.0,4.0,3.0,3.0,4.0,4.0,4.0,4.0,4.0,1.0,4.0,1.0,3.0,2.0,3.0,2.0,1.0,0.0,1.0,1.0,0.0,0.0,0.0,0.0,0.0,0.0,0.0,3.0,3.0,3.0,4.0,4.0,5.0,3.0,3.0,3.0,4.0,3.0,4.0,2.0,3.0,2.0,2.0,4.0,4.0,5.0,4.0,5.0,2.0,3.0,3.0,2.0,1.0,3.0,2.0,3.0,2.0,4.0,4.0,3.0,3.0,4.0,3.0,3.0,3.0,3.0,4.0,4.0,26.0,18.0,33.0,37.0,27.0,31.0,36.0,2.0,63.0,18 - 29,18 - 24,some additional training,1.56820172406699,1.555457482708,0.0006054861975381,7.8408414794892
87,MALES,25,SINGLE,NO,COMPLETED UNDERGRADUATE,WORK,NO,0.0,3.0,3.0,4.0,2.0,4.0,3.0,2.0,3.0,1.0,1.0,3.0,2.0,2.0,3.0,1.0,1.0,2.0,2.0,2.0,2.0,2.0,2.0,1.0,3.0,1.0,1.0,1.0,2.0,2.0,2.0,4.0,1.0,1.0,5.0,6.0,5.0,5.0,4.0,1.0,2.0,3.0,4.0,3.0,2.0,5.0,3.0,2.0,1.0,4.0,4.0,1.0,4.0,1.0,3.0,1.0,4.0,2.0,1.0,0.0,1.0,1.0,0.0,1.0,0.0,0.0,1.0,0.0,0.0,2.0,3.0,3.0,3.0,4.0,5.0,3.0,2.0,4.0,3.0,3.0,3.0,3.0,4.0,2.0,2.0,4.0,5.0,3.0,4.0,3.0,3.0,4.0,4.0,3.0,3.0,2.0,3.0,1.0,3.0,4.0,4.0,4.0,3.0,4.0,4.0,3.0,3.0,3.0,4.0,4.0,21.0,23.0,21.0,15.0,25.0,20.0,38.0,4.0,64.0,18 - 29,25 - 32,completed undergrad uni,1.17609125905568,0.116546642244687,0.0013831516254545,7.70569875219597
434,FEMALES,47,MARRIED FIRST TIME,YES,COMPLETED HIGHSCHOOL,MONEY/FINANCES,NO,0.0,2.0,5.0,2.0,5.0,4.0,4.0,4.0,2.0,3.0,4.0,3.0,3.0,2.0,2.0,4.0,1.0,1.0,1.0,3.0,1.0,2.0,1.0,2.0,4.0,1.0,2.0,1.0,1.0,1.0,1.0,1.0,3.0,3.0,1.0,1.0,1.0,1.0,1.0,3.0,4.0,4.0,3.0,2.0,3.0,4.0,4.0,4.0,3.0,2.0,2.0,2.0,2.0,2.0,1.0,3.0,2.0,4.0,3.0,1.0,1.0,1.0,1.0,1.0,1.0,1.0,1.0,1.0,0.0,2.0,3.0,3.0,3.0,3.0,,4.0,1.0,1.0,2.0,2.0,4.0,3.0,3.0,4.0,4.0,1.0,3.0,1.0,1.0,2.0,1.0,2.0,1.0,2.0,3.0,3.0,4.0,2.0,2.0,3.0,3.0,2.0,1.0,2.0,4.0,3.0,2.0,4.0,2.0,2.0,12.0,14.0,14.0,22.0,5.0,32.0,20.0,9.0,,45+,41 - 49,completed high school,1.34242268082221,,,7.5942976045542
264,MALES,18,SINGLE,NO,COMPLETED HIGHSCHOOL,LIFE IN GENERAL,NO,0.0,4.0,1.0,5.0,1.0,5.0,1.0,1.0,2.0,1.0,1.0,2.0,3.0,1.0,1.0,5.0,4.0,5.0,1.0,5.0,5.0,5.0,1.0,5.0,5.0,1.0,2.0,4.0,1.0,1.0,1.0,5.0,1.0,1.0,7.0,7.0,5.0,7.0,1.0,5.0,4.0,2.0,4.0,3.0,1.0,5.0,3.0,1.0,4.0,4.0,4.0,2.0,3.0,1.0,2.0,4.0,2.0,4.0,2.0,1.0,1.0,1.0,0.0,1.0,1.0,1.0,0.0,0.0,0.0,1.0,1.0,1.0,5.0,2.0,1.0,4.0,1.0,5.0,5.0,5.0,5.0,5.0,5.0,1.0,1.0,1.0,5.0,5.0,5.0,5.0,4.0,4.0,4.0,2.0,4.0,2.0,3.0,1.0,3.0,3.0,4.0,1.0,1.0,3.0,5.0,5.0,2.0,1.0,5.0,5.0,29.0,22.0,27.0,32.0,27.0,26.0,27.0,6.0,64.0,18 - 29,18 - 24,completed high school,1.50514997831991,0.0896729290422536,7.05050681663962e-09,7.53967788424217
442,FEMALES,24,MARRIED FIRST TIME,NO,SOME ADDITIONAL TRAINING,WORK,YES,150.0,2.0,5.0,3.0,5.0,1.0,5.0,3.0,2.0,3.0,3.0,2.0,4.0,4.0,3.0,5.0,4.0,1.0,1.0,1.0,2.0,5.0,1.0,3.0,3.0,1.0,2.0,2.0,2.0,1.0,3.0,2.0,4.0,4.0,2.0,2.0,3.0,1.0,3.0,4.0,4.0,5.0,2.0,2.0,3.0,3.0,2.0,5.0,5.0,3.0,3.0,2.0,3.0,3.0,2.0,4.0,2.0,4.0,2.0,1.0,1.0,1.0,1.0,0.0,0.0,1.0,1.0,1.0,0.0,5.0,5.0,2.0,1.0,1.0,1.0,5.0,1.0,1.0,2.0,5.0,1.0,1.0,1.0,5.0,5.0,1.0,2.0,1.0,1.0,1.0,2.0,2.0,2.0,1.0,1.0,4.0,4.0,3.0,4.0,3.0,2.0,1.0,1.0,3.0,1.0,1.0,1.0,1.0,1.0,1.0,9.0,12.0,18.0,32.0,11.0,41.0,23.0,7.0,21.0,18 - 29,18 - 24,some additional training,1.50514997831991,11.6788882946133,0.0008547851113488,7.43598041639229
540,MALES,36,MARRIED FIRST TIME,YES,SOME ADDITIONAL TRAINING,MONEY/FINANCES,NO,0.0,3.0,1.0,3.0,1.0,4.0,4.0,2.0,4.0,3.0,1.0,3.0,3.0,2.0,4.0,2.0,1.0,1.0,1.0,3.0,4.0,1.0,3.0,2.0,2.0,1.0,3.0,1.0,1.0,1.0,3.0,4.0,1.0,1.0,5.0,5.0,5.0,7.0,5.0,2.0,1.0,2.0,5.0,4.0,2.0,4.0,5.0,2.0,1.0,4.0,4.0,1.0,3.0,1.0,3.0,3.0,3.0,1.0,1.0,1.0,1.0,1.0,0.0,0.0,0.0,1.0,1.0,0.0,0.0,1.0,4.0,5.0,2.0,5.0,3.0,4.0,4.0,5.0,4.0,1.0,3.0,4.0,3.0,3.0,3.0,3.0,4.0,5.0,5.0,2.0,3.0,2.0,4.0,2.0,3.0,1.0,2.0,2.0,1.0,4.0,4.0,2.0,4.0,4.0,5.0,2.0,2.0,5.0,3.0,3.0,22.0,21.0,27.0,13.0,27.0,16.0,35.0,5.0,65.0,30 - 44,33 - 40,some additional training,1.11394335230684,0.333857295168029,0.0062683568162087,7.28873619104262
470,FEMALES,49,REMARRIED,YES,SOME SECONDARY,FAMILY,NO,0.0,4.0,1.0,4.0,1.0,5.0,2.0,2.0,4.0,1.0,2.0,4.0,1.0,1.0,3.0,3.0,1.0,4.0,1.0,3.0,2.0,1.0,3.0,1.0,2.0,2.0,2.0,1.0,2.0,1.0,2.0,1.0,2.0,1.0,5.0,5.0,5.0,5.0,5.0,2.0,2.0,3.0,4.0,4.0,1.0,4.0,4.0,1.0,1.0,3.0,3.0,1.0,3.0,1.0,3.0,2.0,3.0,1.0,1.0,1.0,1.0,1.0,1.0,1.0,0.0,1.0,1.0,0.0,1.0,2.0,2.0,4.0,4.0,4.0,3.0,1.0,4.0,4.0,4.0,2.0,4.0,4.0,4.0,2.0,2.0,4.0,4.0,5.0,5.0,4.0,3.0,4.0,3.0,4.0,4.0,2.0,2.0,2.0,2.0,4.0,4.0,3.0,4.0,4.0,4.0,4.0,5.0,4.0,4.0,4.0,27.0,26.0,24.0,14.0,25.0,18.0,34.0,8.0,72.0,45+,41 - 49,did not complete high school,1.14612803567824,1.35119410638925,0.0017004765743026,7.28005654498634
252,FEMALES,21,STEADY RELATIONSHIP,NO,COMPLETED UNDERGRADUATE,WORK,NO,0.0,4.0,1.0,3.0,1.0,4.0,1.0,1.0,4.0,1.0,1.0,4.0,1.0,3.0,2.0,1.0,1.0,3.0,1.0,3.0,1.0,4.0,2.0,2.0,3.0,1.0,3.0,1.0,3.0,3.0,2.0,2.0,2.0,2.0,6.0,6.0,6.0,6.0,3.0,2.0,2.0,3.0,4.0,4.0,2.0,4.0,4.0,2.0,2.0,4.0,4.0,1.0,4.0,1.0,4.0,1.0,3.0,1.0,1.0,0.0,1.0,1.0,1.0,1.0,0.0,1.0,0.0,0.0,0.0,3.0,2.0,5.0,4.0,4.0,3.0,1.0,2.0,3.0,3.0,4.0,4.0,3.0,4.0,2.0,2.0,3.0,3.0,5.0,5.0,5.0,4.0,4.0,4.0,4.0,2.0,2.0,2.0,2.0,2.0,4.0,4.0,4.0,4.0,4.0,3.0,4.0,5.0,2.0,4.0,4.0,26.0,26.0,22.0,20.0,27.0,21.0,39.0,5.0,63.0,18 - 29,18 - 24,completed undergrad uni,1.30102999566398,1.31417610205586,0.0007113678489366,7.16805963545523
338,FEMALES,45,REMARRIED,YES,SOME ADDITIONAL TRAINING,WORK,YES,30.0,2.0,5.0,2.0,5.0,5.0,1.0,3.0,4.0,1.0,1.0,4.0,1.0,2.0,5.0,1.0,1.0,4.0,1.0,5.0,5.0,1.0,5.0,1.0,1.0,5.0,4.0,1.0,4.0,1.0,5.0,4.0,1.0,1.0,1.0,7.0,7.0,7.0,5.0,2.0,2.0,4.0,5.0,4.0,4.0,4.0,4.0,4.0,4.0,4.0,4.0,1.0,1.0,1.0,4.0,1.0,4.0,1.0,1.0,1.0,1.0,1.0,0.0,1.0,1.0,1.0,0.0,0.0,0.0,1.0,3.0,4.0,4.0,4.0,3.0,3.0,4.0,2.0,4.0,4.0,4.0,4.0,3.0,3.0,3.0,3.0,4.0,1.0,1.0,5.0,2.0,4.0,4.0,4.0,3.0,1.0,2.0,2.0,2.0,4.0,4.0,4.0,4.0,4.0,5.0,3.0,3.0,2.0,3.0,3.0,16.0,25.0,46.0,10.0,27.0,27.0,37.0,6.0,62.0,45+,41 - 49,some additional training,1.0,0.796285349726658,0.000500061176495,7.13982436760229
517,MALES,18,SINGLE,NO,COMPLETED HIGHSCHOOL,RELATIONSHIPS,NO,0.0,3.0,4.0,3.0,2.0,4.0,3.0,3.0,4.0,2.0,4.0,4.0,2.0,2.0,2.0,1.0,1.0,2.0,1.0,3.0,3.0,1.0,2.0,1.0,1.0,1.0,1.0,1.0,3.0,1.0,2.0,2.0,1.0,1.0,3.0,6.0,6.0,5.0,5.0,2.0,3.0,2.0,3.0,2.0,2.0,3.0,3.0,3.0,2.0,4.0,4.0,1.0,4.0,2.0,4.0,2.0,4.0,1.0,1.0,1.0,1.0,1.0,0.0,1.0,0.0,1.0,0.0,0.0,0.0,2.0,3.0,2.0,4.0,4.0,3.0,1.0,4.0,4.0,5.0,3.0,3.0,5.0,4.0,4.0,3.0,2.0,3.0,2.0,4.0,3.0,2.0,3.0,1.0,3.0,3.0,3.0,4.0,3.0,3.0,4.0,3.0,3.0,4.0,4.0,4.0,3.0,5.0,3.0,2.0,3.0,19.0,20.0,21.0,10.0,25.0,27.0,38.0,5.0,63.0,18 - 29,18 - 24,completed high school,1.0,0.450420534667926,1.07125351803838e-05,7.11584899196877
179,FEMALES,45,REMARRIED,NO,SOME ADDITIONAL TRAINING,LIFE IN GENERAL,NO,0.0,2.0,3.0,1.0,3.0,4.0,3.0,1.0,2.0,3.0,2.0,3.0,2.0,2.0,2.0,4.0,4.0,3.0,1.0,2.0,2.0,4.0,2.0,1.0,2.0,1.0,1.0,2.0,1.0,1.0,1.0,1.0,3.0,1.0,6.0,6.0,6.0,6.0,6.0,3.0,3.0,3.0,4.0,3.0,3.0,4.0,4.0,4.0,3.0,3.0,3.0,1.0,3.0,2.0,3.0,3.0,2.0,1.0,1.0,1.0,1.0,1.0,0.0,1.0,0.0,1.0,0.0,1.0,0.0,2.0,2.0,4.0,3.0,3.0,2.0,3.0,3.0,3.0,4.0,2.0,3.0,3.0,2.0,3.0,2.0,4.0,4.0,3.0,3.0,3.0,4.0,2.0,3.0,3.0,3.0,2.0,3.0,2.0,2.0,4.0,3.0,2.0,4.0,4.0,4.0,4.0,3.0,4.0,3.0,4.0,16.0,20.0,16.0,23.0,30.0,28.0,31.0,6.0,60.0,45+,41 - 49,some additional training,1.36172783601759,0.241437969823132,1.92758503114517e-07,7.11583935255855
420,MALES,69,MARRIED FIRST TIME,NO,SOME SECONDARY,HEALTH/ILLNESS,NO,,4.0,1.0,3.0,3.0,4.0,4.0,2.0,3.0,3.0,3.0,3.0,3.0,3.0,4.0,4.0,4.0,4.0,3.0,4.0,3.0,3.0,3.0,4.0,4.0,1.0,4.0,4.0,2.0,2.0,4.0,4.0,4.0,5.0,6.0,5.0,6.0,3.0,6.0,3.0,4.0,4.0,4.0,4.0,4.0,3.0,3.0,4.0,4.0,4.0,4.0,3.0,3.0,2.0,3.0,3.0,3.0,3.0,2.0,1.0,1.0,1.0,0.0,0.0,1.0,0.0,0.0,0.0,0.0,2.0,3.0,4.0,5.0,4.0,4.0,3.0,3.0,4.0,4.0,4.0,4.0,4.0,5.0,2.0,2.0,2.0,3.0,5.0,3.0,2.0,3.0,2.0,2.0,2.0,2.0,2.0,2.0,3.0,3.0,2.0,3.0,2.0,2.0,3.0,4.0,3.0,3.0,2.0,4.0,4.0,21.0,17.0,33.0,37.0,26.0,33.0,29.0,4.0,66.0,45+,50+,did not complete high school,1.56820172406699,3.02028101746303,0.0031569359651717,6.98827788595298
66,MALES,59,REMARRIED,NO,SOME SECONDARY,,NO,,,5.0,1.0,5.0,1.0,1.0,3.0,1.0,4.0,4.0,1.0,4.0,4.0,2.0,3.0,2.0,1.0,2.0,1.0,1.0,2.0,2.0,1.0,2.0,1.0,2.0,2.0,1.0,3.0,1.0,3.0,3.0,2.0,6.0,2.0,1.0,2.0,1.0,3.0,3.0,3.0,3.0,2.0,3.0,3.0,2.0,4.0,2.0,3.0,4.0,2.0,2.0,2.0,2.0,3.0,1.0,2.0,1.0,1.0,1.0,1.0,0.0,1.0,0.0,0.0,0.0,0.0,1.0,3.0,1.0,3.0,5.0,2.0,2.0,3.0,4.0,4.0,4.0,4.0,2.0,2.0,2.0,4.0,4.0,3.0,3.0,1.0,1.0,5.0,2.0,1.0,1.0,1.0,1.0,3.0,4.0,3.0,4.0,3.0,3.0,2.0,3.0,4.0,3.0,5.0,3.0,2.0,2.0,2.0,,8.0,15.0,22.0,12.0,32.0,27.0,5.0,53.0,45+,50+,did not complete high school,1.34242268082221,13.8966422205449,0.0149858891089088,6.82220462397264
7,MALES,33,SINGLE,NO,COMPLETED UNDERGRADUATE,WORK,NO,0.0,4.0,1.0,4.0,1.0,5.0,1.0,2.0,3.0,2.0,2.0,4.0,1.0,4.0,5.0,5.0,2.0,5.0,2.0,4.0,3.0,3.0,2.0,3.0,5.0,5.0,5.0,2.0,5.0,1.0,5.0,5.0,5.0,3.0,1.0,1.0,1.0,1.0,1.0,4.0,3.0,4.0,4.0,3.0,3.0,3.0,3.0,3.0,3.0,4.0,4.0,2.0,4.0,1.0,4.0,1.0,1.0,2.0,2.0,1.0,1.0,1.0,1.0,1.0,1.0,0.0,0.0,0.0,0.0,3.0,5.0,3.0,3.0,4.0,3.0,5.0,3.0,2.0,3.0,3.0,3.0,3.0,3.0,3.0,3.0,3.0,3.0,5.0,5.0,5.0,3.0,3.0,3.0,4.0,1.0,2.0,3.0,3.0,3.0,3.0,4.0,4.0,3.0,3.0,3.0,1.0,1.0,3.0,3.0,3.0,28.0,21.0,44.0,31.0,5.0,31.0,34.0,6.0,,30 - 44,33 - 40,completed undergrad uni,1.49136169383427,,,6.71832871335435
404,FEMALES,24,SINGLE,NO,COMPLETED UNDERGRADUATE,WORK,NO,,4.0,1.0,4.0,1.0,5.0,1.0,2.0,4.0,2.0,1.0,3.0,2.0,1.0,5.0,1.0,1.0,4.0,1.0,5.0,5.0,1.0,5.0,1.0,1.0,3.0,3.0,1.0,4.0,1.0,5.0,5.0,1.0,1.0,6.0,7.0,7.0,5.0,6.0,1.0,1.0,2.0,5.0,5.0,1.0,4.0,5.0,1.0,1.0,4.0,4.0,1.0,4.0,1.0,4.0,1.0,4.0,1.0,1.0,0.0,1.0,1.0,1.0,1.0,0.0,1.0,1.0,0.0,1.0,4.0,1.0,5.0,4.0,4.0,4.0,1.0,4.0,4.0,4.0,1.0,4.0,3.0,4.0,2.0,1.0,4.0,4.0,5.0,5.0,5.0,3.0,3.0,4.0,3.0,4.0,1.0,1.0,2.0,1.0,4.0,4.0,4.0,4.0,4.0,2.0,5.0,5.0,5.0,4.0,5.0,28.0,24.0,44.0,10.0,31.0,12.0,40.0,7.0,74.0,18 - 29,18 - 24,completed undergrad uni,1.0,1.24570563608319,0.011743878112129,6.69013799355528
331,MALES,22,LIVING WITH PARTNER,NO,SOME SECONDARY,MONEY/FINANCES,YES,150.0,2.0,4.0,2.0,5.0,2.0,5.0,3.0,4.0,1.0,1.0,4.0,2.0,4.0,4.0,1.0,1.0,3.0,2.0,5.0,4.0,2.0,3.0,3.0,2.0,4.0,4.0,2.0,5.0,2.0,5.0,3.0,1.0,1.0,2.0,2.0,3.0,2.0,2.0,3.0,3.0,4.0,2.0,2.0,4.0,4.0,3.0,4.0,3.0,3.0,3.0,2.0,4.0,3.0,2.0,4.0,2.0,4.0,4.0,0.0,1.0,1.0,0.0,0.0,0.0,0.0,0.0,0.0,0.0,2.0,4.0,3.0,4.0,5.0,1.0,4.0,4.0,2.0,2.0,4.0,2.0,2.0,1.0,3.0,1.0,2.0,4.0,2.0,1.0,1.0,2.0,4.0,4.0,3.0,1.0,4.0,4.0,2.0,3.0,3.0,2.0,1.0,1.0,1.0,4.0,2.0,2.0,2.0,3.0,5.0,10.0,22.0,40.0,17.0,11.0,34.0,22.0,2.0,50.0,18 - 29,18 - 24,did not complete high school,1.23044892137827,1.15852028667671,0.0028874288846055,6.65522949727877
336,FEMALES,43,REMARRIED,NO,COMPLETED UNDERGRADUATE,WORK,NO,0.0,2.0,4.0,3.0,3.0,4.0,2.0,3.0,3.0,3.0,3.0,3.0,1.0,2.0,4.0,3.0,1.0,2.0,2.0,4.0,3.0,3.0,4.0,2.0,2.0,1.0,4.0,1.0,1.0,2.0,2.0,3.0,1.0,1.0,2.0,6.0,4.0,3.0,4.0,4.0,3.0,3.0,3.0,2.0,4.0,2.0,2.0,4.0,4.0,3.0,3.0,1.0,3.0,1.0,3.0,1.0,3.0,2.0,3.0,1.0,1.0,1.0,0.0,0.0,1.0,1.0,1.0,0.0,1.0,3.0,3.0,3.0,3.0,2.0,2.0,1.0,1.0,1.0,3.0,1.0,1.0,2.0,1.0,3.0,1.0,1.0,3.0,2.0,3.0,4.0,2.0,2.0,2.0,4.0,3.0,3.0,4.0,4.0,4.0,4.0,4.0,4.0,3.0,2.0,3.0,3.0,5.0,5.0,3.0,5.0,18.0,19.0,28.0,18.0,19.0,37.0,32.0,7.0,47.0,30 - 44,41 - 49,completed undergrad uni,1.25527250510331,1.30741786655502,0.003789709095602,6.61149753212675
5,FEMALES,48,MARRIED FIRST TIME,NO,COMPLETED HIGHSCHOOL,RELATIONSHIPS,NO,0.0,5.0,1.0,5.0,1.0,5.0,1.0,1.0,4.0,1.0,3.0,4.0,1.0,1.0,4.0,1.0,1.0,5.0,1.0,5.0,4.0,1.0,4.0,1.0,1.0,4.0,4.0,1.0,3.0,1.0,4.0,4.0,1.0,1.0,4.0,6.0,6.0,3.0,3.0,1.0,1.0,1.0,5.0,4.0,1.0,5.0,5.0,2.0,1.0,4.0,4.0,1.0,4.0,1.0,4.0,1.0,4.0,1.0,1.0,1.0,1.0,1.0,1.0,1.0,0.0,1.0,1.0,0.0,0.0,2.0,1.0,5.0,5.0,5.0,5.0,1.0,5.0,5.0,5.0,2.0,5.0,4.0,4.0,1.0,1.0,5.0,5.0,5.0,5.0,5.0,4.0,4.0,2.0,4.0,4.0,1.0,2.0,1.0,1.0,4.0,4.0,4.0,4.0,4.0,4.0,5.0,5.0,4.0,5.0,5.0,30.0,26.0,41.0,10.0,22.0,12.0,40.0,7.0,,45+,41 - 49,completed high school,1.0,,,6.5821239962257
291,FEMALES,30,SINGLE,NO,SOME ADDITIONAL TRAINING,WORK,YES,25.0,3.0,3.0,3.0,3.0,4.0,3.0,3.0,3.0,2.0,1.0,3.0,3.0,2.0,4.0,3.0,2.0,4.0,2.0,4.0,5.0,2.0,5.0,3.0,2.0,5.0,4.0,2.0,3.0,2.0,4.0,5.0,4.0,4.0,4.0,5.0,4.0,4.0,3.0,3.0,3.0,4.0,3.0,3.0,4.0,3.0,2.0,4.0,4.0,3.0,4.0,2.0,3.0,2.0,3.0,2.0,3.0,3.0,3.0,1.0,1.0,1.0,1.0,1.0,0.0,0.0,1.0,0.0,0.0,2.0,5.0,1.0,2.0,3.0,2.0,3.0,2.0,3.0,2.0,4.0,2.0,2.0,2.0,4.0,3.0,2.0,2.0,3.0,3.0,3.0,2.0,3.0,4.0,2.0,3.0,3.0,3.0,3.0,4.0,3.0,3.0,3.0,2.0,2.0,4.0,1.0,3.0,2.0,2.0,3.0,19.0,20.0,43.0,26.0,20.0,35.0,29.0,6.0,40.0,30 - 44,25 - 32,some additional training,1.41497334797082,3.24149853372513,0.0023419969942979,6.56894746493625
79,FEMALES,46,REMARRIED,YES,COMPLETED HIGHSCHOOL,"TIME (lack of time, too much to do)",NO,0.0,3.0,5.0,5.0,5.0,4.0,3.0,3.0,4.0,4.0,4.0,4.0,2.0,3.0,3.0,4.0,2.0,1.0,1.0,4.0,5.0,2.0,3.0,4.0,4.0,5.0,4.0,1.0,5.0,1.0,5.0,5.0,5.0,5.0,6.0,6.0,6.0,6.0,6.0,4.0,5.0,5.0,4.0,5.0,5.0,3.0,4.0,5.0,5.0,4.0,4.0,1.0,4.0,2.0,3.0,4.0,3.0,4.0,3.0,1.0,1.0,1.0,1.0,1.0,0.0,1.0,1.0,1.0,0.0,2.0,1.0,5.0,4.0,5.0,3.0,1.0,4.0,5.0,4.0,5.0,2.0,2.0,1.0,1.0,1.0,1.0,3.0,1.0,1.0,3.0,2.0,1.0,1.0,3.0,2.0,2.0,1.0,3.0,2.0,4.0,3.0,1.0,1.0,2.0,4.0,5.0,5.0,1.0,5.0,5.0,17.0,17.0,40.0,29.0,30.0,37.0,29.0,8.0,64.0,45+,41 - 49,completed high school,1.46239799789896,2.56709587022268,0.0096819408861593,6.53050027592364
342,MALES,24,STEADY RELATIONSHIP,NO,COMPLETED UNDERGRADUATE,RELATIONSHIPS,NO,0.0,2.0,3.0,3.0,2.0,3.0,2.0,2.0,3.0,3.0,2.0,4.0,4.0,3.0,4.0,5.0,4.0,2.0,3.0,2.0,1.0,4.0,4.0,3.0,4.0,2.0,2.0,4.0,3.0,4.0,1.0,1.0,4.0,1.0,3.0,3.0,2.0,3.0,1.0,3.0,4.0,4.0,3.0,2.0,4.0,3.0,2.0,4.0,3.0,4.0,4.0,2.0,3.0,3.0,3.0,3.0,2.0,3.0,3.0,0.0,0.0,1.0,1.0,0.0,0.0,0.0,0.0,0.0,0.0,4.0,2.0,4.0,3.0,3.0,2.0,4.0,2.0,5.0,4.0,5.0,2.0,4.0,2.0,2.0,2.0,3.0,4.0,3.0,4.0,4.0,3.0,2.0,3.0,1.0,2.0,3.0,4.0,3.0,4.0,3.0,2.0,2.0,2.0,2.0,2.0,4.0,2.0,1.0,4.0,4.0,19.0,18.0,22.0,36.0,12.0,36.0,27.0,2.0,55.0,18 - 29,18 - 24,completed undergrad uni,1.55630250076729,0.899781489759539,0.0028932872894805,6.50458280756751
219,MALES,63,MARRIED FIRST TIME,NO,COMPLETED UNDERGRADUATE,CHILDREN,NO,,2.0,1.0,4.0,1.0,5.0,1.0,2.0,3.0,1.0,2.0,3.0,1.0,1.0,5.0,1.0,1.0,3.0,1.0,4.0,4.0,1.0,3.0,1.0,1.0,1.0,3.0,1.0,1.0,1.0,3.0,3.0,1.0,1.0,2.0,6.0,5.0,5.0,2.0,3.0,1.0,1.0,5.0,4.0,2.0,5.0,5.0,2.0,1.0,4.0,4.0,1.0,4.0,1.0,4.0,2.0,4.0,1.0,1.0,1.0,1.0,1.0,0.0,0.0,0.0,1.0,1.0,1.0,1.0,1.0,1.0,5.0,5.0,4.0,3.0,1.0,3.0,5.0,5.0,1.0,3.0,5.0,2.0,1.0,1.0,4.0,5.0,5.0,5.0,5.0,3.0,4.0,3.0,4.0,4.0,1.0,2.0,1.0,1.0,4.0,4.0,3.0,4.0,4.0,5.0,5.0,5.0,5.0,5.0,5.0,26.0,24.0,30.0,10.0,20.0,15.0,39.0,7.0,79.0,45+,50+,completed undergrad uni,1.0,2.42608383061448,0.0075441826904992,6.42790708548486
85,FEMALES,20,SINGLE,NO,SOME ADDITIONAL TRAINING,HEALTH/ILLNESS,NO,0.0,3.0,5.0,4.0,4.0,2.0,4.0,4.0,2.0,2.0,2.0,2.0,4.0,3.0,2.0,4.0,3.0,2.0,2.0,3.0,4.0,3.0,2.0,2.0,4.0,2.0,2.0,3.0,2.0,3.0,3.0,2.0,2.0,2.0,1.0,2.0,1.0,1.0,1.0,4.0,4.0,4.0,2.0,1.0,4.0,2.0,2.0,4.0,4.0,2.0,2.0,2.0,2.0,2.0,1.0,2.0,1.0,4.0,4.0,1.0,1.0,1.0,1.0,1.0,0.0,0.0,0.0,0.0,0.0,4.0,3.0,2.0,2.0,2.0,3.0,3.0,4.0,3.0,3.0,4.0,4.0,3.0,3.0,3.0,2.0,3.0,3.0,1.0,2.0,2.0,1.0,3.0,3.0,1.0,2.0,4.0,5.0,4.0,4.0,3.0,3.0,3.0,1.0,1.0,2.0,3.0,3.0,2.0,3.0,4.0,14.0,14.0,24.0,28.0,6.0,41.0,19.0,5.0,52.0,18 - 29,18 - 24,some additional training,1.44715803134222,3.94744344414212,0.0135844375361767,6.37458146899781
11,FEMALES,22,STEADY RELATIONSHIP,NO,COMPLETED UNDERGRADUATE,WORK,NO,0.0,1.0,4.0,1.0,4.0,2.0,4.0,3.0,4.0,3.0,1.0,3.0,3.0,2.0,5.0,4.0,4.0,2.0,2.0,5.0,3.0,4.0,2.0,5.0,4.0,4.0,3.0,5.0,4.0,4.0,3.0,3.0,2.0,2.0,4.0,3.0,3.0,5.0,5.0,4.0,4.0,3.0,2.0,3.0,3.0,2.0,2.0,5.0,3.0,4.0,3.0,2.0,3.0,2.0,1.0,4.0,2.0,4.0,4.0,1.0,1.0,1.0,0.0,0.0,0.0,0.0,0.0,0.0,0.0,4.0,4.0,3.0,2.0,3.0,2.0,4.0,2.0,2.0,3.0,3.0,3.0,1.0,2.0,4.0,3.0,2.0,2.0,2.0,2.0,2.0,2.0,2.0,4.0,2.0,3.0,4.0,3.0,4.0,4.0,3.0,3.0,1.0,1.0,1.0,2.0,2.0,2.0,3.0,2.0,3.0,10.0,20.0,34.0,36.0,20.0,37.0,22.0,3.0,41.0,18 - 29,18 - 24,completed undergrad uni,1.55630250076729,2.91003403684638,0.005605429577027,6.36517401104742
494,FEMALES,21,STEADY RELATIONSHIP,NO,SOME SECONDARY,WORK,NO,,3.0,2.0,3.0,2.0,3.0,2.0,2.0,3.0,1.0,4.0,4.0,1.0,1.0,4.0,4.0,1.0,1.0,1.0,1.0,4.0,2.0,1.0,1.0,2.0,1.0,2.0,1.0,3.0,1.0,3.0,3.0,1.0,2.0,5.0,3.0,3.0,4.0,4.0,2.0,2.0,3.0,4.0,3.0,1.0,4.0,4.0,2.0,1.0,4.0,4.0,1.0,4.0,1.0,2.0,4.0,2.0,1.0,1.0,1.0,1.0,1.0,1.0,0.0,0.0,0.0,0.0,0.0,1.0,1.0,1.0,2.0,2.0,3.0,5.0,1.0,2.0,2.0,2.0,2.0,2.0,5.0,1.0,3.0,2.0,2.0,2.0,4.0,4.0,4.0,3.0,4.0,1.0,4.0,4.0,2.0,3.0,2.0,2.0,4.0,4.0,1.0,4.0,4.0,5.0,5.0,5.0,4.0,3.0,4.0,21.0,23.0,23.0,16.0,19.0,20.0,33.0,5.0,56.0,18 - 29,18 - 24,did not complete high school,1.20411998265592,0.509094236356111,0.0029832673504868,6.36359790852686
127,FEMALES,37,MARRIED FIRST TIME,YES,SOME ADDITIONAL TRAINING,MONEY/FINANCES,NO,2.0,4.0,2.0,4.0,1.0,5.0,1.0,1.0,4.0,1.0,4.0,4.0,1.0,1.0,5.0,1.0,1.0,4.0,1.0,5.0,4.0,1.0,5.0,1.0,3.0,3.0,5.0,1.0,5.0,1.0,4.0,5.0,1.0,1.0,6.0,6.0,6.0,6.0,5.0,2.0,1.0,2.0,5.0,5.0,1.0,5.0,5.0,2.0,1.0,4.0,4.0,1.0,4.0,4.0,3.0,1.0,3.0,4.0,1.0,0.0,1.0,1.0,0.0,1.0,0.0,1.0,1.0,0.0,1.0,1.0,3.0,5.0,4.0,5.0,3.0,1.0,4.0,4.0,4.0,1.0,3.0,4.0,3.0,2.0,2.0,3.0,4.0,4.0,5.0,5.0,4.0,4.0,1.0,4.0,4.0,1.0,1.0,1.0,1.0,4.0,1.0,4.0,1.0,4.0,5.0,3.0,5.0,5.0,4.0,4.0,27.0,25.0,45.0,12.0,29.0,13.0,32.0,6.0,72.0,30 - 44,33 - 40,some additional training,1.07918124604762,1.04216874072805,0.0083360957586456,6.35646559827234
359,FEMALES,39,MARRIED FIRST TIME,YES,COMPLETED UNDERGRADUATE,FAMILY,NO,0.0,2.0,4.0,1.0,5.0,2.0,4.0,4.0,2.0,4.0,4.0,2.0,3.0,3.0,2.0,4.0,1.0,1.0,1.0,3.0,5.0,2.0,1.0,3.0,4.0,1.0,1.0,1.0,1.0,1.0,1.0,3.0,1.0,1.0,4.0,3.0,5.0,3.0,1.0,4.0,3.0,3.0,2.0,2.0,3.0,3.0,2.0,4.0,3.0,3.0,3.0,2.0,2.0,2.0,2.0,3.0,1.0,3.0,2.0,0.0,1.0,1.0,1.0,1.0,1.0,1.0,0.0,0.0,0.0,4.0,4.0,2.0,1.0,2.0,2.0,3.0,3.0,3.0,4.0,2.0,3.0,4.0,4.0,2.0,2.0,3.0,3.0,2.0,1.0,2.0,1.0,1.0,1.0,2.0,2.0,4.0,4.0,3.0,4.0,3.0,3.0,2.0,2.0,3.0,2.0,2.0,3.0,4.0,4.0,4.0,10.0,11.0,19.0,19.0,16.0,35.0,24.0,6.0,53.0,30 - 44,33 - 40,completed undergrad uni,1.27875360095283,8.17745786849291,1.72713868354812e-05,6.3130728568875
459,MALES,32,LIVING WITH PARTNER,YES,SOME ADDITIONAL TRAINING,WORK,NO,0.0,3.0,1.0,3.0,2.0,4.0,1.0,1.0,3.0,2.0,1.0,4.0,1.0,2.0,3.0,1.0,1.0,3.0,1.0,3.0,3.0,1.0,4.0,1.0,2.0,3.0,4.0,1.0,3.0,1.0,3.0,4.0,1.0,1.0,5.0,5.0,5.0,5.0,3.0,1.0,1.0,1.0,4.0,4.0,1.0,4.0,4.0,1.0,1.0,4.0,4.0,1.0,4.0,1.0,3.0,1.0,4.0,1.0,1.0,1.0,1.0,1.0,0.0,0.0,0.0,0.0,1.0,0.0,0.0,4.0,4.0,4.0,2.0,3.0,1.0,4.0,2.0,3.0,3.0,2.0,1.0,2.0,1.0,5.0,5.0,1.0,2.0,5.0,4.0,5.0,4.0,3.0,4.0,4.0,3.0,2.0,2.0,2.0,2.0,4.0,4.0,4.0,4.0,4.0,2.0,2.0,2.0,4.0,1.0,1.0,24.0,25.0,33.0,11.0,23.0,14.0,39.0,4.0,37.0,30 - 44,25 - 32,some additional training,1.04139268515823,8.53835503528596,0.0944869806057375,6.24930563157379
301,MALES,54,MARRIED FIRST TIME,NO,COMPLETED UNDERGRADUATE,"TIME (lack of time, too much to do)",NO,0.0,4.0,1.0,4.0,2.0,5.0,4.0,1.0,4.0,1.0,1.0,4.0,1.0,1.0,4.0,1.0,1.0,2.0,1.0,4.0,4.0,1.0,4.0,1.0,1.0,3.0,3.0,1.0,4.0,1.0,5.0,4.0,2.0,1.0,6.0,6.0,7.0,7.0,7.0,1.0,1.0,2.0,5.0,4.0,1.0,5.0,5.0,2.0,1.0,4.0,4.0,1.0,4.0,1.0,4.0,1.0,4.0,1.0,1.0,1.0,1.0,1.0,1.0,0.0,1.0,1.0,1.0,0.0,1.0,1.0,2.0,1.0,1.0,1.0,2.0,1.0,5.0,4.0,4.0,1.0,1.0,2.0,2.0,5.0,5.0,2.0,2.0,5.0,4.0,2.0,4.0,4.0,4.0,4.0,4.0,1.0,2.0,1.0,1.0,4.0,4.0,4.0,4.0,4.0,5.0,4.0,5.0,5.0,1.0,1.0,24.0,28.0,37.0,11.0,33.0,13.0,40.0,8.0,48.0,45+,50+,completed undergrad uni,1.04139268515823,7.2723456561807,0.0535764169024363,6.19232116878523
31,FEMALES,27,MARRIED FIRST TIME,YES,SOME SECONDARY,CHILDREN,NO,0.0,3.0,3.0,5.0,2.0,2.0,5.0,2.0,4.0,1.0,1.0,4.0,4.0,4.0,5.0,5.0,4.0,3.0,1.0,5.0,4.0,5.0,5.0,2.0,4.0,4.0,5.0,4.0,4.0,1.0,3.0,5.0,4.0,1.0,6.0,7.0,5.0,7.0,4.0,3.0,2.0,4.0,4.0,3.0,4.0,4.0,3.0,4.0,4.0,4.0,4.0,1.0,4.0,1.0,2.0,4.0,2.0,3.0,3.0,1.0,1.0,1.0,1.0,1.0,0.0,1.0,1.0,0.0,0.0,2.0,2.0,2.0,2.0,3.0,2.0,4.0,5.0,5.0,4.0,1.0,4.0,3.0,3.0,2.0,3.0,3.0,3.0,3.0,4.0,1.0,3.0,4.0,4.0,1.0,1.0,2.0,3.0,2.0,3.0,4.0,4.0,1.0,2.0,2.0,4.0,4.0,2.0,5.0,4.0,3.0,18.0,21.0,43.0,31.0,29.0,31.0,29.0,7.0,61.0,18 - 29,25 - 32,did not complete high school,1.49136169383427,0.0607099564856984,0.0006807980976351,6.14130361282396
233,FEMALES,21,SINGLE,NO,COMPLETED HIGHSCHOOL,WORK,NO,0.0,3.0,3.0,4.0,2.0,4.0,3.0,1.0,2.0,3.0,3.0,2.0,1.0,2.0,4.0,4.0,2.0,5.0,1.0,5.0,5.0,4.0,4.0,3.0,1.0,4.0,3.0,2.0,5.0,4.0,5.0,5.0,5.0,3.0,4.0,5.0,5.0,5.0,4.0,2.0,4.0,4.0,3.0,3.0,2.0,4.0,3.0,3.0,2.0,3.0,4.0,1.0,3.0,1.0,4.0,1.0,4.0,3.0,2.0,1.0,1.0,1.0,,0.0,0.0,0.0,1.0,0.0,0.0,1.0,4.0,4.0,4.0,3.0,4.0,3.0,4.0,3.0,4.0,4.0,4.0,3.0,3.0,4.0,3.0,4.0,4.0,3.0,4.0,3.0,4.0,2.0,2.0,4.0,3.0,3.0,3.0,2.0,3.0,4.0,4.0,4.0,2.0,3.0,5.0,2.0,3.0,2.0,2.0,3.0,21.0,19.0,45.0,29.0,23.0,28.0,35.0,,61.0,18 - 29,18 - 24,completed high school,1.46239799789896,0.697404712410219,1.1146717292617e-05,6.12604883319162
159,FEMALES,65,DIVORCED,NO,SOME SECONDARY,LIFE IN GENERAL,NO,0.0,5.0,1.0,5.0,1.0,5.0,1.0,1.0,4.0,1.0,1.0,4.0,1.0,1.0,5.0,1.0,1.0,5.0,1.0,5.0,5.0,2.0,5.0,2.0,2.0,5.0,5.0,1.0,4.0,1.0,4.0,4.0,1.0,1.0,6.0,6.0,6.0,6.0,6.0,3.0,2.0,3.0,2.0,3.0,2.0,4.0,4.0,3.0,3.0,4.0,4.0,1.0,4.0,1.0,4.0,1.0,4.0,1.0,1.0,1.0,1.0,1.0,1.0,1.0,1.0,1.0,1.0,1.0,1.0,1.0,1.0,5.0,5.0,5.0,5.0,3.0,4.0,5.0,5.0,3.0,3.0,5.0,3.0,1.0,1.0,3.0,5.0,5.0,5.0,5.0,4.0,4.0,4.0,4.0,4.0,4.0,3.0,2.0,2.0,4.0,4.0,4.0,4.0,4.0,5.0,5.0,3.0,3.0,5.0,5.0,30.0,28.0,47.0,13.0,30.0,27.0,40.0,10.0,79.0,45+,50+,did not complete high school,1.11394335230684,3.16970088945585,0.0099821533162852,5.95958001562609
139,FEMALES,32,MARRIED FIRST TIME,NO,SOME ADDITIONAL TRAINING,,NO,,3.0,3.0,4.0,2.0,4.0,1.0,1.0,4.0,1.0,1.0,4.0,2.0,2.0,4.0,2.0,1.0,1.0,1.0,3.0,4.0,1.0,4.0,1.0,3.0,1.0,1.0,1.0,1.0,1.0,1.0,1.0,1.0,1.0,4.0,4.0,4.0,3.0,2.0,2.0,2.0,2.0,4.0,3.0,2.0,3.0,3.0,2.0,2.0,4.0,4.0,1.0,2.0,1.0,4.0,3.0,3.0,2.0,1.0,1.0,1.0,1.0,1.0,1.0,1.0,1.0,1.0,1.0,1.0,5.0,4.0,5.0,3.0,2.0,2.0,1.0,4.0,4.0,4.0,3.0,3.0,4.0,3.0,2.0,2.0,4.0,4.0,3.0,4.0,5.0,4.0,4.0,4.0,3.0,3.0,2.0,3.0,3.0,3.0,4.0,4.0,2.0,3.0,4.0,1.0,2.0,5.0,3.0,4.0,4.0,23.0,26.0,21.0,13.0,17.0,23.0,34.0,10.0,61.0,30 - 44,25 - 32,some additional training,1.11394335230684,1.5160631583991,0.0001121347157553,5.95172174598213
20,FEMALES,42,MARRIED FIRST TIME,YES,SOME ADDITIONAL TRAINING,MONEY/FINANCES,NO,0.0,4.0,4.0,3.0,3.0,3.0,3.0,3.0,4.0,2.0,2.0,2.0,2.0,2.0,2.0,3.0,1.0,1.0,1.0,1.0,2.0,2.0,2.0,1.0,3.0,2.0,3.0,1.0,1.0,1.0,2.0,3.0,1.0,1.0,3.0,4.0,4.0,1.0,2.0,2.0,3.0,2.0,4.0,2.0,3.0,3.0,3.0,2.0,2.0,4.0,4.0,1.0,3.0,4.0,4.0,1.0,3.0,2.0,1.0,0.0,1.0,1.0,0.0,1.0,0.0,1.0,0.0,0.0,0.0,1.0,4.0,3.0,3.0,5.0,1.0,2.0,3.0,5.0,5.0,2.0,1.0,4.0,1.0,4.0,4.0,1.0,1.0,2.0,3.0,3.0,2.0,3.0,3.0,3.0,3.0,2.0,4.0,3.0,3.0,4.0,1.0,4.0,3.0,4.0,5.0,2.0,4.0,4.0,2.0,2.0,18.0,20.0,19.0,15.0,14.0,26.0,34.0,4.0,52.0,30 - 44,41 - 49,some additional training,1.17609125905568,0.524604248350756,0.0007360653319072,5.93095820345614
533,MALES,38,SINGLE,NO,COMPLETED UNDERGRADUATE,LIFE IN GENERAL,NO,0.0,4.0,4.0,5.0,3.0,4.0,5.0,4.0,4.0,2.0,2.0,4.0,2.0,4.0,5.0,1.0,1.0,4.0,4.0,5.0,5.0,2.0,5.0,5.0,4.0,5.0,5.0,1.0,5.0,1.0,5.0,5.0,2.0,2.0,5.0,4.0,3.0,4.0,2.0,3.0,2.0,3.0,5.0,4.0,3.0,3.0,4.0,3.0,3.0,4.0,4.0,2.0,3.0,1.0,4.0,4.0,3.0,4.0,4.0,1.0,1.0,1.0,0.0,0.0,1.0,0.0,0.0,0.0,0.0,1.0,3.0,5.0,5.0,4.0,5.0,2.0,5.0,5.0,5.0,4.0,5.0,1.0,5.0,2.0,2.0,5.0,5.0,2.0,3.0,1.0,1.0,3.0,3.0,3.0,1.0,1.0,2.0,3.0,2.0,3.0,4.0,1.0,1.0,1.0,5.0,3.0,4.0,2.0,4.0,4.0,19.0,19.0,49.0,23.0,18.0,25.0,28.0,4.0,77.0,30 - 44,33 - 40,completed undergrad uni,1.36172783601759,4.58453655712489,8.35403850752481e-05,5.89518647890189
236,FEMALES,26,SINGLE,NO,SOME ADDITIONAL TRAINING,,NO,0.0,2.0,1.0,4.0,4.0,4.0,4.0,3.0,3.0,1.0,2.0,3.0,2.0,3.0,2.0,2.0,1.0,2.0,1.0,3.0,4.0,1.0,3.0,1.0,2.0,1.0,2.0,1.0,1.0,1.0,3.0,1.0,1.0,1.0,5.0,5.0,4.0,4.0,2.0,3.0,2.0,3.0,4.0,3.0,3.0,3.0,3.0,4.0,3.0,4.0,4.0,2.0,4.0,1.0,4.0,1.0,4.0,2.0,1.0,1.0,1.0,1.0,1.0,1.0,0.0,1.0,0.0,0.0,0.0,2.0,4.0,5.0,1.0,5.0,3.0,2.0,5.0,4.0,5.0,5.0,2.0,1.0,2.0,5.0,5.0,1.0,1.0,5.0,2.0,2.0,2.0,4.0,3.0,3.0,2.0,2.0,3.0,3.0,3.0,3.0,4.0,4.0,3.0,4.0,4.0,2.0,4.0,1.0,1.0,1.0,19.0,20.0,22.0,12.0,20.0,29.0,38.0,6.0,48.0,18 - 29,25 - 32,some additional training,1.07918124604762,1.12461636113115,0.000100595584016,5.87235244017485
154,FEMALES,52,REMARRIED,YES,SOME ADDITIONAL TRAINING,"TIME (lack of time, too much to do)",NO,0.0,4.0,1.0,4.0,1.0,5.0,1.0,3.0,3.0,3.0,3.0,3.0,2.0,1.0,4.0,1.0,2.0,4.0,1.0,5.0,5.0,1.0,4.0,1.0,1.0,5.0,4.0,2.0,4.0,1.0,5.0,4.0,2.0,1.0,7.0,7.0,7.0,7.0,6.0,2.0,5.0,3.0,5.0,4.0,4.0,2.0,4.0,2.0,4.0,4.0,4.0,1.0,3.0,1.0,4.0,1.0,4.0,1.0,1.0,1.0,1.0,1.0,0.0,1.0,0.0,0.0,1.0,0.0,1.0,2.0,4.0,4.0,4.0,5.0,5.0,2.0,3.0,4.0,3.0,3.0,3.0,3.0,3.0,2.0,2.0,4.0,4.0,5.0,5.0,5.0,2.0,2.0,2.0,3.0,4.0,1.0,2.0,4.0,2.0,4.0,4.0,4.0,4.0,4.0,4.0,2.0,4.0,3.0,4.0,4.0,28.0,19.0,44.0,13.0,34.0,29.0,39.0,6.0,66.0,45+,50+,some additional training,1.11394335230684,1.38685021506246,0.0002291269729383,5.86956610343164
477,FEMALES,36,STEADY RELATIONSHIP,NO,COMPLETED HIGHSCHOOL,WORK,NO,,3.0,4.0,2.0,4.0,3.0,3.0,3.0,2.0,2.0,2.0,3.0,3.0,3.0,2.0,4.0,3.0,2.0,1.0,2.0,1.0,4.0,2.0,3.0,3.0,2.0,2.0,2.0,2.0,2.0,2.0,3.0,5.0,5.0,5.0,5.0,5.0,4.0,2.0,4.0,5.0,5.0,2.0,2.0,3.0,2.0,3.0,3.0,4.0,3.0,3.0,2.0,3.0,2.0,3.0,3.0,3.0,2.0,3.0,1.0,1.0,1.0,1.0,1.0,1.0,1.0,1.0,1.0,0.0,5.0,4.0,3.0,2.0,2.0,2.0,4.0,2.0,3.0,4.0,5.0,2.0,2.0,2.0,5.0,2.0,2.0,2.0,2.0,2.0,3.0,2.0,3.0,3.0,2.0,2.0,4.0,4.0,4.0,3.0,3.0,3.0,2.0,3.0,2.0,1.0,2.0,2.0,1.0,1.0,4.0,15.0,17.0,20.0,32.0,21.0,39.0,28.0,9.0,39.0,30 - 44,33 - 40,completed high school,1.50514997831991,3.34893896979536,0.0057634070431363,5.77760909899775
495,FEMALES,60,MARRIED FIRST TIME,YES,POSTGRADUATE COMPLETED,FAMILY,NO,,5.0,4.0,4.0,1.0,5.0,1.0,4.0,2.0,4.0,4.0,2.0,4.0,3.0,4.0,5.0,4.0,2.0,1.0,3.0,3.0,4.0,2.0,3.0,4.0,3.0,4.0,4.0,3.0,3.0,3.0,5.0,4.0,4.0,6.0,3.0,6.0,6.0,2.0,5.0,4.0,4.0,4.0,3.0,4.0,3.0,3.0,4.0,4.0,3.0,3.0,2.0,3.0,1.0,3.0,3.0,3.0,3.0,3.0,1.0,1.0,1.0,0.0,1.0,1.0,1.0,0.0,0.0,0.0,4.0,2.0,3.0,2.0,4.0,4.0,5.0,2.0,2.0,2.0,2.0,3.0,1.0,1.0,4.0,5.0,2.0,3.0,2.0,5.0,5.0,1.0,1.0,1.0,1.0,2.0,2.0,3.0,3.0,3.0,3.0,4.0,2.0,2.0,2.0,2.0,4.0,1.0,4.0,2.0,1.0,26.0,10.0,32.0,36.0,23.0,36.0,28.0,6.0,43.0,45+,50+,completed postgrad uni,1.55630250076729,8.78920453299868,0.0006077733546775,5.74182016930911
344,FEMALES,33,MARRIED FIRST TIME,YES,SOME SECONDARY,CHILDREN,NO,0.0,1.0,5.0,1.0,5.0,5.0,5.0,4.0,2.0,4.0,4.0,4.0,4.0,4.0,3.0,5.0,5.0,1.0,1.0,1.0,5.0,5.0,1.0,1.0,5.0,5.0,1.0,1.0,4.0,5.0,5.0,1.0,5.0,1.0,1.0,2.0,2.0,3.0,1.0,3.0,5.0,5.0,2.0,1.0,2.0,1.0,1.0,1.0,5.0,1.0,2.0,4.0,3.0,4.0,2.0,4.0,1.0,4.0,4.0,1.0,1.0,1.0,0.0,0.0,0.0,0.0,0.0,1.0,0.0,5.0,5.0,4.0,1.0,1.0,1.0,5.0,1.0,1.0,3.0,5.0,2.0,1.0,1.0,5.0,5.0,1.0,1.0,1.0,1.0,1.0,1.0,1.0,1.0,1.0,1.0,4.0,5.0,5.0,5.0,1.0,1.0,1.0,1.0,1.0,1.0,1.0,1.0,1.0,1.0,1.0,10.0,11.0,27.0,34.0,9.0,40.0,18.0,4.0,24.0,30 - 44,33 - 40,did not complete high school,1.53147891704226,11.061056374344,7.48796298116066e-06,5.65985639280907
132,MALES,54,MARRIED FIRST TIME,NO,SOME SECONDARY,,NO,,3.0,3.0,3.0,2.0,3.0,2.0,3.0,2.0,3.0,2.0,2.0,3.0,2.0,4.0,3.0,4.0,4.0,2.0,3.0,5.0,2.0,3.0,4.0,4.0,3.0,3.0,4.0,5.0,3.0,4.0,3.0,4.0,3.0,5.0,6.0,3.0,3.0,2.0,3.0,3.0,3.0,3.0,3.0,2.0,3.0,3.0,4.0,2.0,4.0,4.0,3.0,3.0,3.0,3.0,2.0,3.0,2.0,1.0,0.0,1.0,1.0,1.0,0.0,0.0,1.0,0.0,1.0,0.0,3.0,3.0,3.0,3.0,2.0,3.0,4.0,3.0,4.0,4.0,2.0,4.0,2.0,4.0,2.0,3.0,4.0,4.0,3.0,4.0,4.0,2.0,2.0,3.0,2.0,3.0,3.0,3.0,3.0,3.0,2.0,2.0,3.0,3.0,4.0,3.0,3.0,2.0,4.0,4.0,3.0,20.0,16.0,37.0,33.0,19.0,29.0,31.0,5.0,59.0,45+,50+,did not complete high school,1.51851393987789,2.63611786270659,0.0004147322587661,5.65279833725532
119,FEMALES,68,DIVORCED,NO,COMPLETED HIGHSCHOOL,FAMILY,NO,0.0,5.0,1.0,5.0,1.0,5.0,1.0,1.0,4.0,1.0,1.0,4.0,1.0,1.0,4.0,1.0,1.0,3.0,1.0,5.0,5.0,1.0,3.0,1.0,1.0,5.0,5.0,1.0,2.0,1.0,3.0,5.0,1.0,1.0,7.0,7.0,7.0,7.0,7.0,3.0,1.0,1.0,5.0,5.0,1.0,5.0,5.0,2.0,1.0,4.0,4.0,1.0,4.0,1.0,4.0,1.0,4.0,1.0,1.0,1.0,1.0,1.0,1.0,1.0,0.0,0.0,1.0,0.0,1.0,1.0,1.0,5.0,5.0,5.0,5.0,3.0,3.0,4.0,4.0,2.0,5.0,5.0,5.0,1.0,1.0,5.0,5.0,5.0,5.0,5.0,4.0,4.0,4.0,4.0,4.0,1.0,1.0,1.0,1.0,4.0,4.0,4.0,4.0,4.0,5.0,5.0,3.0,4.0,5.0,5.0,30.0,28.0,40.0,10.0,35.0,13.0,40.0,7.0,83.0,45+,50+,completed high school,1.0,3.97741187725881,0.0076215295568062,5.64325128327535
340,FEMALES,66,MARRIED FIRST TIME,NO,SOME SECONDARY,HEALTH/ILLNESS,NO,0.0,5.0,3.0,4.0,1.0,4.0,1.0,3.0,3.0,4.0,4.0,4.0,3.0,3.0,5.0,2.0,1.0,4.0,1.0,3.0,3.0,1.0,4.0,1.0,2.0,3.0,3.0,2.0,4.0,1.0,4.0,4.0,3.0,1.0,6.0,6.0,7.0,7.0,6.0,4.0,3.0,3.0,3.0,2.0,3.0,3.0,3.0,3.0,4.0,4.0,4.0,1.0,3.0,1.0,4.0,1.0,4.0,1.0,1.0,1.0,1.0,1.0,1.0,1.0,0.0,1.0,1.0,1.0,0.0,1.0,1.0,4.0,4.0,4.0,3.0,1.0,5.0,5.0,5.0,1.0,5.0,3.0,3.0,3.0,2.0,2.0,4.0,3.0,5.0,5.0,2.0,1.0,1.0,2.0,2.0,3.0,4.0,3.0,3.0,4.0,4.0,4.0,4.0,4.0,5.0,5.0,5.0,5.0,3.0,4.0,26.0,15.0,37.0,15.0,32.0,33.0,39.0,8.0,74.0,45+,50+,did not complete high school,1.17609125905568,8.40739173123015,0.0081404810199812,5.59300651704532
258,FEMALES,24,LIVING WITH PARTNER,NO,COMPLETED UNDERGRADUATE,LIFE IN GENERAL,YES,210.0,5.0,1.0,4.0,1.0,4.0,1.0,2.0,4.0,1.0,1.0,4.0,1.0,1.0,4.0,1.0,1.0,4.0,1.0,5.0,5.0,1.0,4.0,1.0,1.0,3.0,4.0,1.0,2.0,1.0,3.0,4.0,1.0,1.0,4.0,6.0,6.0,7.0,2.0,2.0,1.0,4.0,3.0,4.0,5.0,4.0,2.0,2.0,4.0,4.0,4.0,1.0,4.0,1.0,4.0,1.0,4.0,1.0,1.0,0.0,1.0,1.0,1.0,0.0,0.0,0.0,0.0,0.0,1.0,2.0,4.0,4.0,4.0,4.0,2.0,4.0,2.0,4.0,4.0,2.0,2.0,4.0,2.0,2.0,3.0,1.0,4.0,5.0,5.0,5.0,3.0,4.0,4.0,4.0,4.0,3.0,2.0,2.0,4.0,4.0,4.0,4.0,4.0,4.0,4.0,2.0,2.0,4.0,4.0,3.0,28.0,27.0,38.0,10.0,25.0,29.0,40.0,4.0,56.0,18 - 29,18 - 24,completed undergrad uni,1.0,3.31861002321324,0.0042409691867161,5.56951748002014
439,FEMALES,38,SINGLE,NO,POSTGRADUATE COMPLETED,WORK,NO,0.0,3.0,1.0,4.0,1.0,5.0,1.0,1.0,4.0,1.0,1.0,4.0,2.0,1.0,5.0,2.0,2.0,3.0,1.0,5.0,4.0,1.0,4.0,1.0,2.0,1.0,4.0,2.0,5.0,2.0,5.0,4.0,2.0,1.0,4.0,5.0,6.0,5.0,4.0,2.0,1.0,2.0,5.0,5.0,2.0,5.0,5.0,3.0,1.0,4.0,4.0,1.0,3.0,1.0,4.0,1.0,3.0,2.0,1.0,1.0,1.0,0.0,1.0,1.0,0.0,0.0,1.0,0.0,0.0,2.0,3.0,4.0,3.0,4.0,4.0,3.0,2.0,4.0,4.0,2.0,3.0,4.0,3.0,2.0,2.0,3.0,4.0,5.0,5.0,5.0,4.0,4.0,4.0,3.0,4.0,1.0,1.0,1.0,1.0,4.0,4.0,4.0,3.0,4.0,4.0,3.0,3.0,4.0,4.0,4.0,27.0,27.0,40.0,16.0,24.0,15.0,37.0,5.0,64.0,30 - 44,33 - 40,completed postgrad uni,1.20411998265592,1.96523583318282,0.0079745305911659,5.38464077586314
22,FEMALES,57,MARRIED FIRST TIME,NO,SOME ADDITIONAL TRAINING,MONEY/FINANCES,NO,0.0,3.0,2.0,5.0,2.0,4.0,2.0,2.0,4.0,2.0,2.0,4.0,4.0,4.0,5.0,1.0,1.0,3.0,1.0,3.0,5.0,1.0,3.0,1.0,1.0,3.0,4.0,1.0,3.0,1.0,3.0,5.0,1.0,1.0,5.0,6.0,4.0,4.0,4.0,3.0,3.0,2.0,4.0,3.0,4.0,3.0,3.0,3.0,3.0,4.0,4.0,2.0,4.0,3.0,4.0,3.0,2.0,4.0,4.0,1.0,1.0,1.0,1.0,0.0,0.0,0.0,0.0,0.0,0.0,2.0,3.0,5.0,5.0,4.0,3.0,3.0,3.0,3.0,4.0,2.0,3.0,4.0,3.0,4.0,1.0,3.0,5.0,4.0,4.0,4.0,3.0,3.0,3.0,1.0,1.0,2.0,3.0,3.0,3.0,3.0,2.0,2.0,1.0,1.0,4.0,3.0,3.0,4.0,2.0,5.0,24.0,19.0,37.0,10.0,23.0,29.0,27.0,4.0,66.0,45+,50+,some additional training,1.0,1.38685021506246,0.0002291269729383,5.32638447833558
458,MALES,50,SEPARATED,YES,POSTGRADUATE COMPLETED,SPOUSE OR PARTNER,NO,0.0,3.0,1.0,2.0,3.0,3.0,4.0,2.0,3.0,2.0,2.0,1.0,3.0,2.0,1.0,5.0,3.0,1.0,1.0,3.0,4.0,5.0,3.0,1.0,2.0,1.0,3.0,4.0,2.0,3.0,2.0,3.0,4.0,4.0,2.0,2.0,2.0,2.0,2.0,1.0,4.0,4.0,4.0,3.0,5.0,4.0,2.0,2.0,4.0,4.0,4.0,3.0,4.0,1.0,3.0,3.0,3.0,2.0,2.0,1.0,1.0,1.0,0.0,0.0,0.0,1.0,1.0,0.0,0.0,2.0,3.0,4.0,2.0,3.0,4.0,4.0,2.0,4.0,2.0,3.0,4.0,4.0,4.0,3.0,2.0,4.0,4.0,5.0,3.0,2.0,3.0,3.0,3.0,2.0,3.0,2.0,3.0,2.0,4.0,2.0,4.0,2.0,3.0,3.0,4.0,3.0,2.0,3.0,3.0,4.0,18.0,18.0,23.0,32.0,10.0,31.0,32.0,5.0,60.0,45+,50+,completed postgrad uni,1.50514997831991,1.16631993112839,0.0003074130679695,5.1980500396926
541,MALES,50,MARRIED FIRST TIME,YES,POSTGRADUATE COMPLETED,WORK,NO,0.0,3.0,2.0,3.0,2.0,4.0,2.0,1.0,2.0,4.0,1.0,3.0,3.0,2.0,2.0,4.0,3.0,2.0,2.0,3.0,1.0,4.0,1.0,1.0,2.0,1.0,3.0,4.0,3.0,2.0,2.0,1.0,3.0,2.0,3.0,4.0,1.0,3.0,3.0,3.0,3.0,5.0,4.0,4.0,4.0,4.0,3.0,2.0,4.0,2.0,4.0,2.0,2.0,1.0,1.0,4.0,2.0,3.0,3.0,1.0,1.0,1.0,1.0,1.0,0.0,0.0,1.0,1.0,1.0,2.0,4.0,4.0,2.0,4.0,3.0,4.0,4.0,5.0,3.0,3.0,3.0,2.0,2.0,3.0,2.0,3.0,4.0,4.0,4.0,4.0,4.0,1.0,4.0,2.0,3.0,2.0,2.0,2.0,3.0,3.0,4.0,1.0,2.0,2.0,4.0,2.0,2.0,3.0,3.0,4.0,22.0,19.0,19.0,27.0,14.0,30.0,23.0,8.0,57.0,45+,50+,completed postgrad uni,1.43136376415899,0.489670040425862,5.30803478598167e-05,5.12602411695805
370,FEMALES,24,SINGLE,NO,SOME ADDITIONAL TRAINING,LIFE IN GENERAL,YES,150.0,1.0,2.0,4.0,4.0,3.0,3.0,2.0,3.0,3.0,1.0,4.0,2.0,4.0,3.0,1.0,1.0,2.0,2.0,3.0,3.0,2.0,3.0,1.0,2.0,2.0,1.0,1.0,3.0,1.0,2.0,3.0,1.0,1.0,2.0,2.0,3.0,5.0,7.0,3.0,4.0,3.0,3.0,3.0,2.0,3.0,3.0,4.0,3.0,3.0,2.0,2.0,3.0,2.0,2.0,4.0,2.0,4.0,2.0,1.0,1.0,1.0,0.0,1.0,1.0,0.0,1.0,1.0,1.0,3.0,2.0,5.0,4.0,2.0,2.0,4.0,3.0,4.0,4.0,2.0,2.0,1.0,2.0,3.0,3.0,2.0,2.0,4.0,2.0,3.0,3.0,2.0,4.0,3.0,1.0,3.0,3.0,3.0,3.0,3.0,3.0,1.0,1.0,3.0,3.0,4.0,2.0,4.0,3.0,3.0,17.0,20.0,25.0,13.0,19.0,31.0,23.0,8.0,52.0,18 - 29,18 - 24,some additional training,1.11394335230684,0.524604248350756,0.0001806494000669,5.07736133460532
362,FEMALES,46,MARRIED FIRST TIME,YES,SOME SECONDARY,MONEY/FINANCES,NO,0.0,3.0,4.0,5.0,2.0,4.0,4.0,1.0,3.0,3.0,2.0,4.0,2.0,1.0,5.0,5.0,4.0,3.0,2.0,3.0,4.0,4.0,4.0,3.0,3.0,1.0,2.0,3.0,2.0,1.0,3.0,3.0,3.0,1.0,6.0,6.0,6.0,6.0,6.0,4.0,3.0,3.0,4.0,4.0,4.0,4.0,4.0,2.0,1.0,4.0,4.0,1.0,3.0,1.0,4.0,1.0,4.0,1.0,1.0,1.0,1.0,1.0,1.0,0.0,0.0,1.0,1.0,1.0,1.0,3.0,2.0,3.0,3.0,4.0,4.0,5.0,2.0,5.0,5.0,2.0,4.0,4.0,2.0,2.0,2.0,3.0,3.0,2.0,4.0,2.0,4.0,2.0,3.0,3.0,4.0,2.0,2.0,2.0,2.0,4.0,4.0,4.0,4.0,4.0,3.0,4.0,1.0,4.0,4.0,4.0,20.0,23.0,30.0,29.0,30.0,25.0,39.0,8.0,62.0,45+,41 - 49,did not complete high school,1.46239799789896,0.100076297393396,2.41166073422466e-05,4.99862697142491
180,FEMALES,70,MARRIED FIRST TIME,NO,SOME SECONDARY,SPOUSE OR PARTNER,NO,0.0,5.0,1.0,5.0,1.0,5.0,1.0,3.0,3.0,2.0,4.0,4.0,4.0,4.0,4.0,5.0,1.0,4.0,1.0,2.0,5.0,5.0,4.0,1.0,1.0,3.0,4.0,1.0,1.0,1.0,2.0,3.0,4.0,4.0,2.0,2.0,2.0,2.0,2.0,5.0,5.0,4.0,4.0,3.0,5.0,4.0,3.0,5.0,4.0,4.0,4.0,4.0,3.0,4.0,4.0,4.0,4.0,3.0,2.0,1.0,1.0,1.0,1.0,1.0,1.0,1.0,1.0,0.0,0.0,1.0,1.0,4.0,5.0,5.0,3.0,5.0,3.0,4.0,4.0,5.0,5.0,2.0,4.0,4.0,2.0,2.0,4.0,5.0,5.0,5.0,2.0,3.0,1.0,1.0,1.0,2.0,3.0,2.0,3.0,1.0,1.0,1.0,2.0,3.0,5.0,5.0,1.0,1.0,2.0,4.0,30.0,15.0,32.0,24.0,10.0,38.0,27.0,8.0,63.0,45+,50+,did not complete high school,1.38021124171161,4.51890865836441,0.0135335231950257,4.98521893094688
345,FEMALES,30,MARRIED FIRST TIME,YES,SOME SECONDARY,FAMILY,NO,0.0,2.0,4.0,5.0,4.0,4.0,3.0,4.0,3.0,4.0,1.0,4.0,3.0,1.0,3.0,1.0,4.0,4.0,1.0,2.0,4.0,1.0,3.0,1.0,2.0,1.0,1.0,3.0,4.0,1.0,1.0,3.0,3.0,1.0,5.0,6.0,7.0,7.0,2.0,1.0,1.0,4.0,4.0,4.0,2.0,4.0,4.0,2.0,2.0,4.0,4.0,1.0,4.0,1.0,3.0,4.0,3.0,1.0,1.0,1.0,1.0,1.0,0.0,1.0,1.0,1.0,1.0,0.0,0.0,5.0,4.0,4.0,2.0,4.0,1.0,1.0,3.0,5.0,5.0,5.0,4.0,1.0,2.0,5.0,5.0,1.0,1.0,2.0,2.0,3.0,1.0,1.0,4.0,2.0,4.0,2.0,2.0,2.0,2.0,4.0,4.0,1.0,4.0,4.0,1.0,2.0,5.0,1.0,1.0,1.0,18.0,19.0,26.0,18.0,27.0,20.0,35.0,7.0,44.0,30 - 44,25 - 32,did not complete high school,1.25527250510331,1.92521575537599,0.0164587253022251,4.9822832236677
229,FEMALES,21,SINGLE,NO,COMPLETED HIGHSCHOOL,WORK,NO,0.0,4.0,3.0,3.0,2.0,4.0,3.0,2.0,3.0,3.0,2.0,2.0,3.0,2.0,3.0,4.0,4.0,1.0,2.0,4.0,3.0,4.0,2.0,2.0,4.0,3.0,3.0,4.0,4.0,4.0,3.0,3.0,4.0,3.0,3.0,6.0,5.0,5.0,5.0,3.0,3.0,5.0,3.0,3.0,3.0,2.0,2.0,4.0,4.0,4.0,4.0,1.0,3.0,2.0,3.0,2.0,3.0,3.0,3.0,1.0,1.0,0.0,0.0,0.0,0.0,0.0,1.0,0.0,1.0,2.0,4.0,2.0,2.0,2.0,3.0,4.0,2.0,3.0,3.0,3.0,2.0,2.0,3.0,2.0,2.0,3.0,4.0,3.0,4.0,3.0,3.0,2.0,3.0,2.0,3.0,3.0,3.0,4.0,4.0,4.0,3.0,3.0,2.0,2.0,4.0,2.0,2.0,3.0,4.0,4.0,21.0,18.0,29.0,35.0,24.0,36.0,31.0,4.0,50.0,18 - 29,18 - 24,completed high school,1.54406804435028,1.11077322913713,0.0023368067888297,4.85093663759663
507,FEMALES,46,LIVING WITH PARTNER,NO,SOME ADDITIONAL TRAINING,WORK,NO,0.0,1.0,5.0,1.0,4.0,2.0,5.0,4.0,2.0,4.0,4.0,2.0,4.0,4.0,3.0,3.0,2.0,4.0,1.0,3.0,4.0,3.0,1.0,4.0,4.0,2.0,2.0,2.0,3.0,4.0,2.0,3.0,2.0,1.0,3.0,3.0,3.0,5.0,3.0,3.0,4.0,4.0,2.0,3.0,5.0,2.0,2.0,4.0,4.0,3.0,3.0,2.0,2.0,3.0,2.0,3.0,2.0,4.0,4.0,0.0,0.0,0.0,0.0,0.0,0.0,0.0,0.0,0.0,0.0,5.0,4.0,1.0,1.0,1.0,1.0,4.0,1.0,1.0,2.0,4.0,1.0,2.0,1.0,5.0,5.0,1.0,1.0,1.0,2.0,1.0,1.0,1.0,1.0,1.0,1.0,4.0,3.0,4.0,4.0,3.0,2.0,2.0,1.0,1.0,1.0,2.0,2.0,2.0,1.0,1.0,8.0,9.0,27.0,26.0,17.0,39.0,21.0,0.0,23.0,45+,41 - 49,some additional training,1.41497334797082,13.2841291809019,0.0035013197978929,4.8340895921094
546,MALES,58,MARRIED FIRST TIME,YES,POSTGRADUATE COMPLETED,MONEY/FINANCES,NO,0.0,4.0,1.0,4.0,1.0,4.0,1.0,2.0,4.0,1.0,1.0,4.0,1.0,1.0,3.0,1.0,1.0,5.0,1.0,4.0,4.0,1.0,4.0,1.0,1.0,4.0,4.0,1.0,4.0,1.0,4.0,4.0,1.0,1.0,7.0,7.0,7.0,7.0,7.0,1.0,1.0,1.0,2.0,4.0,1.0,5.0,5.0,1.0,1.0,4.0,4.0,1.0,4.0,1.0,4.0,1.0,4.0,2.0,4.0,1.0,1.0,1.0,0.0,1.0,0.0,0.0,1.0,0.0,1.0,1.0,1.0,5.0,5.0,5.0,3.0,2.0,5.0,5.0,5.0,1.0,4.0,4.0,2.0,4.0,4.0,2.0,4.0,5.0,5.0,5.0,3.0,4.0,4.0,4.0,4.0,4.0,2.0,1.0,1.0,4.0,4.0,4.0,3.0,1.0,5.0,5.0,4.0,5.0,2.0,2.0,27.0,27.0,40.0,10.0,35.0,14.0,36.0,6.0,72.0,45+,50+,completed postgrad uni,1.0,1.8343389058633,0.0068554610135582,4.76691195720375
133,FEMALES,23,SINGLE,NO,SOME ADDITIONAL TRAINING,WORK,NO,,3.0,2.0,5.0,3.0,4.0,2.0,2.0,4.0,3.0,2.0,3.0,3.0,3.0,4.0,4.0,4.0,4.0,1.0,4.0,3.0,4.0,4.0,1.0,3.0,4.0,3.0,4.0,4.0,1.0,4.0,3.0,4.0,4.0,3.0,4.0,5.0,6.0,4.0,3.0,2.0,4.0,4.0,4.0,2.0,3.0,3.0,3.0,2.0,3.0,4.0,1.0,3.0,1.0,3.0,1.0,3.0,2.0,2.0,0.0,1.0,1.0,1.0,0.0,0.0,1.0,0.0,0.0,0.0,4.0,4.0,3.0,3.0,3.0,3.0,3.0,4.0,4.0,2.0,3.0,4.0,2.0,3.0,3.0,2.0,3.0,4.0,4.0,3.0,4.0,3.0,2.0,3.0,2.0,2.0,2.0,2.0,3.0,3.0,4.0,4.0,4.0,3.0,3.0,2.0,2.0,3.0,3.0,3.0,4.0,23.0,19.0,37.0,30.0,22.0,26.0,34.0,4.0,55.0,18 - 29,18 - 24,some additional training,1.47712125471966,0.500409947812831,0.0007677553169336,4.76475522843512
263,MALES,49,MARRIED FIRST TIME,NO,POSTGRADUATE COMPLETED,WORK,NO,0.0,3.0,4.0,3.0,4.0,3.0,3.0,2.0,3.0,4.0,2.0,3.0,2.0,3.0,4.0,4.0,3.0,2.0,2.0,4.0,4.0,3.0,3.0,4.0,4.0,2.0,3.0,3.0,3.0,3.0,3.0,3.0,4.0,4.0,2.0,2.0,2.0,2.0,1.0,3.0,3.0,3.0,3.0,3.0,3.0,3.0,2.0,4.0,3.0,4.0,4.0,2.0,3.0,2.0,3.0,3.0,3.0,4.0,2.0,1.0,1.0,0.0,0.0,0.0,0.0,0.0,0.0,0.0,0.0,4.0,4.0,2.0,2.0,3.0,3.0,4.0,2.0,2.0,2.0,4.0,3.0,2.0,2.0,2.0,2.0,2.0,3.0,2.0,2.0,3.0,3.0,1.0,3.0,3.0,2.0,3.0,3.0,3.0,4.0,3.0,3.0,2.0,1.0,3.0,2.0,2.0,2.0,2.0,4.0,4.0,16.0,18.0,31.0,34.0,9.0,32.0,29.0,2.0,44.0,45+,41 - 49,completed postgrad uni,1.53147891704226,1.99430315497554,7.410645381331e-10,4.66086899353892
530,FEMALES,25,SINGLE,NO,COMPLETED UNDERGRADUATE,"TIME (lack of time, too much to do)",YES,10.0,4.0,2.0,4.0,1.0,3.0,3.0,2.0,3.0,2.0,2.0,3.0,1.0,1.0,4.0,1.0,1.0,3.0,2.0,2.0,4.0,3.0,4.0,2.0,2.0,3.0,4.0,1.0,4.0,2.0,4.0,4.0,3.0,3.0,6.0,6.0,6.0,6.0,6.0,3.0,2.0,3.0,5.0,5.0,3.0,5.0,5.0,1.0,2.0,4.0,4.0,1.0,4.0,1.0,4.0,1.0,4.0,2.0,1.0,0.0,1.0,1.0,0.0,0.0,0.0,0.0,1.0,0.0,1.0,1.0,1.0,5.0,5.0,4.0,4.0,2.0,4.0,3.0,3.0,2.0,4.0,4.0,4.0,2.0,2.0,4.0,4.0,4.0,5.0,3.0,3.0,3.0,3.0,4.0,4.0,1.0,1.0,1.0,1.0,4.0,4.0,4.0,3.0,4.0,5.0,5.0,4.0,4.0,4.0,4.0,23.0,23.0,36.0,20.0,30.0,18.0,39.0,4.0,74.0,18 - 29,25 - 32,completed undergrad uni,1.30102999566398,1.34497080029261,0.0031989952804805,4.52286823856638
109,MALES,33,SINGLE,NO,SOME ADDITIONAL TRAINING,LIFE IN GENERAL,YES,200.0,4.0,1.0,4.0,2.0,5.0,2.0,2.0,3.0,3.0,3.0,3.0,1.0,2.0,4.0,1.0,2.0,3.0,1.0,4.0,3.0,1.0,4.0,1.0,3.0,3.0,3.0,1.0,4.0,2.0,3.0,3.0,1.0,1.0,5.0,5.0,5.0,5.0,5.0,1.0,1.0,2.0,5.0,4.0,2.0,5.0,4.0,2.0,2.0,4.0,4.0,1.0,4.0,1.0,3.0,1.0,3.0,1.0,1.0,1.0,0.0,1.0,1.0,0.0,1.0,0.0,0.0,0.0,0.0,1.0,2.0,5.0,4.0,4.0,4.0,3.0,3.0,4.0,4.0,3.0,4.0,4.0,4.0,2.0,2.0,4.0,4.0,5.0,4.0,4.0,3.0,2.0,2.0,4.0,3.0,1.0,2.0,1.0,2.0,4.0,4.0,4.0,4.0,4.0,5.0,4.0,3.0,3.0,4.0,4.0,26.0,20.0,34.0,14.0,25.0,16.0,38.0,4.0,71.0,30 - 44,33 - 40,some additional training,1.14612803567824,1.84816049236779,0.0124109181075435,4.48859632459436
337,MALES,32,MARRIED FIRST TIME,YES,SOME ADDITIONAL TRAINING,SPOUSE OR PARTNER,NO,0.0,3.0,3.0,3.0,3.0,3.0,3.0,3.0,3.0,2.0,2.0,3.0,2.0,2.0,4.0,2.0,1.0,4.0,1.0,4.0,4.0,1.0,1.0,1.0,2.0,3.0,3.0,1.0,1.0,1.0,2.0,2.0,1.0,1.0,6.0,6.0,6.0,6.0,6.0,3.0,3.0,3.0,3.0,3.0,2.0,3.0,3.0,4.0,3.0,3.0,3.0,2.0,3.0,2.0,3.0,2.0,3.0,2.0,2.0,1.0,1.0,1.0,0.0,0.0,1.0,1.0,1.0,0.0,1.0,2.0,2.0,3.0,3.0,3.0,3.0,4.0,2.0,1.0,3.0,1.0,3.0,2.0,2.0,3.0,3.0,3.0,3.0,3.0,3.0,3.0,2.0,3.0,3.0,3.0,3.0,3.0,3.0,3.0,3.0,3.0,3.0,3.0,3.0,3.0,4.0,4.0,2.0,5.0,3.0,3.0,18.0,20.0,28.0,12.0,30.0,30.0,30.0,7.0,52.0,30 - 44,25 - 32,some additional training,1.07918124604762,0.524604248350756,2.83701687156678e-05,4.40288121706204
509,MALES,42,MARRIED FIRST TIME,YES,SOME SECONDARY,LIFE IN GENERAL,NO,0.0,4.0,4.0,4.0,1.0,4.0,1.0,1.0,3.0,1.0,1.0,3.0,1.0,1.0,4.0,1.0,1.0,3.0,1.0,3.0,3.0,1.0,3.0,1.0,1.0,2.0,4.0,1.0,3.0,1.0,2.0,4.0,1.0,1.0,5.0,5.0,5.0,6.0,5.0,1.0,2.0,2.0,4.0,4.0,1.0,4.0,4.0,2.0,1.0,3.0,4.0,1.0,4.0,1.0,4.0,1.0,3.0,2.0,2.0,1.0,1.0,1.0,0.0,1.0,0.0,1.0,1.0,0.0,0.0,5.0,3.0,5.0,4.0,5.0,4.0,1.0,4.0,4.0,4.0,1.0,4.0,5.0,3.0,1.0,1.0,4.0,4.0,2.0,5.0,5.0,4.0,4.0,4.0,4.0,4.0,2.0,2.0,2.0,2.0,4.0,4.0,4.0,3.0,3.0,1.0,3.0,5.0,5.0,5.0,5.0,24.0,26.0,31.0,10.0,26.0,17.0,36.0,6.0,74.0,30 - 44,41 - 49,did not complete high school,1.0,1.56953360910289,0.0024989886967377,4.35674655903045
235,MALES,26,SINGLE,NO,COMPLETED HIGHSCHOOL,WORK,NO,0.0,4.0,3.0,5.0,4.0,4.0,3.0,3.0,4.0,1.0,2.0,4.0,1.0,2.0,4.0,3.0,2.0,4.0,1.0,5.0,4.0,2.0,4.0,2.0,3.0,5.0,3.0,1.0,5.0,1.0,4.0,4.0,3.0,2.0,2.0,2.0,2.0,2.0,4.0,2.0,5.0,4.0,4.0,3.0,2.0,4.0,3.0,5.0,4.0,4.0,4.0,1.0,4.0,1.0,4.0,2.0,4.0,2.0,1.0,1.0,1.0,1.0,1.0,0.0,1.0,1.0,1.0,0.0,0.0,2.0,3.0,5.0,5.0,5.0,3.0,4.0,4.0,4.0,4.0,2.0,2.0,4.0,3.0,3.0,3.0,2.0,4.0,3.0,2.0,3.0,2.0,4.0,3.0,4.0,3.0,2.0,3.0,2.0,3.0,4.0,4.0,3.0,3.0,4.0,4.0,3.0,2.0,4.0,3.0,3.0,21.0,24.0,42.0,20.0,12.0,32.0,38.0,7.0,64.0,18 - 29,25 - 32,completed high school,1.30102999566398,0.31753978925996,0.0029975573530386,4.3245618559187
498,FEMALES,25,STEADY RELATIONSHIP,NO,POSTGRADUATE COMPLETED,HEALTH/ILLNESS,YES,7.0,4.0,1.0,3.0,1.0,5.0,2.0,1.0,3.0,1.0,1.0,4.0,3.0,2.0,4.0,4.0,4.0,4.0,4.0,3.0,2.0,4.0,3.0,3.0,3.0,2.0,2.0,3.0,2.0,2.0,3.0,2.0,3.0,1.0,4.0,6.0,5.0,6.0,7.0,3.0,4.0,4.0,3.0,4.0,2.0,3.0,3.0,4.0,1.0,4.0,4.0,1.0,4.0,1.0,3.0,4.0,4.0,2.0,2.0,1.0,1.0,1.0,0.0,0.0,0.0,0.0,1.0,0.0,0.0,1.0,2.0,1.0,3.0,4.0,5.0,4.0,2.0,4.0,3.0,1.0,5.0,5.0,4.0,2.0,2.0,3.0,5.0,5.0,5.0,4.0,4.0,4.0,4.0,2.0,3.0,3.0,2.0,3.0,3.0,4.0,4.0,1.0,3.0,3.0,5.0,4.0,2.0,5.0,4.0,4.0,26.0,24.0,27.0,31.0,28.0,29.0,34.0,4.0,68.0,18 - 29,25 - 32,completed postgrad uni,1.49136169383427,0.45959164123096,0.001552944900145,4.29970464325048
304,FEMALES,36,MARRIED FIRST TIME,YES,COMPLETED HIGHSCHOOL,CHILDREN,NO,0.0,3.0,3.0,4.0,3.0,5.0,1.0,2.0,4.0,2.0,4.0,4.0,4.0,1.0,5.0,2.0,1.0,4.0,1.0,5.0,5.0,2.0,5.0,3.0,2.0,4.0,4.0,1.0,4.0,2.0,5.0,4.0,1.0,1.0,6.0,6.0,6.0,6.0,4.0,3.0,2.0,4.0,4.0,4.0,3.0,3.0,3.0,4.0,2.0,4.0,4.0,1.0,4.0,1.0,4.0,1.0,4.0,2.0,1.0,1.0,1.0,1.0,1.0,0.0,0.0,1.0,1.0,0.0,0.0,5.0,3.0,3.0,4.0,4.0,3.0,1.0,3.0,4.0,4.0,4.0,4.0,2.0,3.0,5.0,5.0,1.0,1.0,3.0,3.0,5.0,3.0,3.0,1.0,1.0,4.0,2.0,2.0,3.0,3.0,4.0,4.0,4.0,3.0,4.0,1.0,3.0,5.0,2.0,1.0,1.0,23.0,20.0,45.0,16.0,28.0,28.0,39.0,6.0,49.0,30 - 44,33 - 40,completed high school,1.20411998265592,0.945961522091268,0.000294528842855,4.22919097023022
437,MALES,24,SINGLE,NO,COMPLETED UNDERGRADUATE,WORK,NO,0.0,4.0,2.0,4.0,2.0,4.0,2.0,2.0,4.0,3.0,2.0,4.0,2.0,2.0,4.0,2.0,1.0,4.0,1.0,3.0,4.0,1.0,4.0,1.0,2.0,3.0,4.0,1.0,4.0,1.0,4.0,3.0,2.0,2.0,5.0,6.0,5.0,4.0,3.0,4.0,4.0,3.0,4.0,4.0,3.0,3.0,3.0,3.0,4.0,4.0,4.0,3.0,2.0,3.0,2.0,1.0,2.0,3.0,2.0,1.0,1.0,1.0,0.0,0.0,0.0,0.0,0.0,0.0,0.0,4.0,3.0,3.0,3.0,4.0,5.0,5.0,3.0,3.0,4.0,5.0,4.0,3.0,4.0,2.0,2.0,4.0,5.0,4.0,4.0,4.0,3.0,2.0,3.0,3.0,3.0,2.0,2.0,3.0,3.0,2.0,2.0,4.0,2.0,3.0,2.0,3.0,1.0,1.0,4.0,4.0,24.0,22.0,37.0,14.0,23.0,31.0,27.0,3.0,60.0,18 - 29,18 - 24,completed undergrad uni,1.14612803567824,0.0130337437692285,0.0008102541869546,4.22353297046712
403,FEMALES,56,MARRIED FIRST TIME,NO,SOME ADDITIONAL TRAINING,,NO,,5.0,1.0,5.0,1.0,5.0,4.0,1.0,4.0,1.0,1.0,4.0,1.0,1.0,4.0,1.0,1.0,3.0,1.0,4.0,4.0,1.0,5.0,1.0,1.0,3.0,4.0,1.0,2.0,1.0,4.0,5.0,1.0,1.0,6.0,7.0,7.0,7.0,6.0,1.0,1.0,2.0,2.0,5.0,2.0,5.0,5.0,1.0,1.0,4.0,4.0,1.0,4.0,1.0,4.0,1.0,4.0,1.0,1.0,1.0,1.0,1.0,0.0,1.0,1.0,1.0,1.0,0.0,1.0,1.0,1.0,5.0,4.0,5.0,4.0,1.0,4.0,5.0,5.0,1.0,5.0,5.0,4.0,1.0,1.0,5.0,5.0,5.0,5.0,2.0,4.0,4.0,4.0,4.0,4.0,4.0,1.0,1.0,1.0,4.0,4.0,4.0,4.0,4.0,5.0,5.0,5.0,5.0,5.0,5.0,27.0,28.0,38.0,10.0,33.0,15.0,40.0,8.0,86.0,45+,50+,some additional training,1.0,4.78375779402455,0.0029091064970764,4.11545112646265
311,MALES,40,MARRIED FIRST TIME,YES,SOME SECONDARY,MONEY/FINANCES,NO,0.0,4.0,2.0,4.0,2.0,4.0,2.0,2.0,4.0,1.0,2.0,4.0,2.0,2.0,2.0,4.0,3.0,2.0,1.0,3.0,2.0,3.0,3.0,4.0,4.0,2.0,2.0,3.0,2.0,3.0,2.0,2.0,3.0,3.0,3.0,3.0,3.0,3.0,4.0,3.0,4.0,3.0,3.0,2.0,3.0,3.0,3.0,4.0,4.0,3.0,4.0,2.0,3.0,4.0,4.0,3.0,3.0,2.0,2.0,1.0,1.0,1.0,1.0,0.0,0.0,0.0,0.0,1.0,0.0,3.0,3.0,4.0,4.0,4.0,2.0,4.0,2.0,3.0,3.0,4.0,3.0,3.0,3.0,3.0,3.0,3.0,3.0,4.0,4.0,4.0,3.0,4.0,3.0,3.0,3.0,3.0,4.0,3.0,3.0,3.0,1.0,2.0,3.0,3.0,3.0,3.0,2.0,2.0,3.0,3.0,24.0,24.0,22.0,31.0,16.0,34.0,29.0,5.0,53.0,30 - 44,33 - 40,did not complete high school,1.49136169383427,1.50274679280298,0.0058419801151038,4.10608598327335
499,MALES,36,SINGLE,NO,COMPLETED UNDERGRADUATE,"TIME (lack of time, too much to do)",NO,,3.0,1.0,5.0,3.0,5.0,1.0,1.0,4.0,1.0,1.0,1.0,1.0,2.0,4.0,2.0,1.0,4.0,1.0,5.0,4.0,2.0,3.0,1.0,2.0,4.0,4.0,1.0,2.0,1.0,3.0,5.0,2.0,2.0,3.0,3.0,6.0,2.0,2.0,3.0,1.0,2.0,5.0,5.0,3.0,5.0,5.0,2.0,1.0,4.0,4.0,1.0,4.0,1.0,4.0,1.0,4.0,1.0,1.0,1.0,1.0,1.0,0.0,1.0,0.0,0.0,1.0,1.0,0.0,1.0,2.0,5.0,1.0,5.0,5.0,1.0,5.0,5.0,2.0,5.0,5.0,4.0,1.0,4.0,1.0,5.0,5.0,5.0,3.0,5.0,4.0,4.0,4.0,4.0,3.0,1.0,1.0,1.0,1.0,4.0,4.0,4.0,4.0,4.0,5.0,4.0,5.0,1.0,2.0,5.0,26.0,24.0,38.0,15.0,16.0,16.0,40.0,6.0,70.0,30 - 44,33 - 40,completed undergrad uni,1.17609125905568,0.645224810595607,0.0041985682864409,4.0933013311458
103,FEMALES,23,LIVING WITH PARTNER,NO,COMPLETED UNDERGRADUATE,WORK,YES,4.0,2.0,1.0,4.0,1.0,4.0,3.0,3.0,3.0,1.0,2.0,4.0,3.0,2.0,5.0,3.0,2.0,3.0,3.0,3.0,3.0,3.0,3.0,2.0,4.0,4.0,3.0,2.0,4.0,2.0,4.0,3.0,1.0,1.0,5.0,6.0,6.0,7.0,7.0,4.0,3.0,4.0,3.0,3.0,5.0,3.0,2.0,3.0,4.0,4.0,4.0,1.0,4.0,2.0,3.0,2.0,3.0,4.0,4.0,0.0,1.0,1.0,1.0,0.0,0.0,0.0,0.0,0.0,0.0,4.0,4.0,3.0,4.0,3.0,3.0,2.0,3.0,3.0,2.0,4.0,2.0,2.0,2.0,2.0,2.0,3.0,2.0,5.0,5.0,3.0,2.0,4.0,3.0,2.0,3.0,3.0,3.0,3.0,4.0,4.0,3.0,3.0,1.0,1.0,2.0,2.0,4.0,2.0,4.0,4.0,23.0,21.0,35.0,23.0,31.0,36.0,30.0,3.0,50.0,18 - 29,18 - 24,completed undergrad uni,1.36172783601759,0.885404371572555,0.0039189547682452,4.08106070730892
14,MALES,26,MARRIED FIRST TIME,NO,COMPLETED UNDERGRADUATE,WORK,YES,5.0,3.0,3.0,4.0,1.0,5.0,3.0,2.0,4.0,1.0,1.0,4.0,1.0,1.0,4.0,1.0,1.0,4.0,1.0,4.0,5.0,1.0,4.0,1.0,1.0,5.0,4.0,1.0,3.0,1.0,3.0,3.0,1.0,1.0,7.0,7.0,7.0,7.0,6.0,1.0,1.0,3.0,5.0,5.0,1.0,4.0,5.0,2.0,2.0,4.0,4.0,1.0,4.0,1.0,4.0,2.0,4.0,1.0,1.0,1.0,1.0,1.0,1.0,1.0,1.0,1.0,1.0,1.0,1.0,1.0,1.0,4.0,4.0,4.0,4.0,1.0,3.0,1.0,5.0,1.0,5.0,5.0,2.0,1.0,1.0,5.0,5.0,3.0,5.0,3.0,3.0,4.0,4.0,4.0,4.0,1.0,1.0,2.0,1.0,4.0,4.0,3.0,4.0,4.0,5.0,5.0,5.0,5.0,5.0,5.0,23.0,27.0,39.0,10.0,34.0,15.0,39.0,10.0,77.0,18 - 29,25 - 32,completed undergrad uni,1.0,2.37331756125897,0.004580911228893,4.04001150281895
316,FEMALES,60,MARRIED FIRST TIME,YES,SOME ADDITIONAL TRAINING,MONEY/FINANCES,NO,0.0,3.0,1.0,3.0,1.0,5.0,1.0,1.0,4.0,4.0,2.0,4.0,1.0,1.0,5.0,1.0,3.0,5.0,1.0,3.0,5.0,2.0,5.0,1.0,1.0,5.0,5.0,3.0,5.0,2.0,5.0,5.0,2.0,1.0,6.0,6.0,6.0,6.0,3.0,2.0,3.0,3.0,4.0,4.0,4.0,4.0,4.0,2.0,1.0,4.0,4.0,1.0,3.0,1.0,4.0,2.0,3.0,3.0,1.0,1.0,1.0,1.0,1.0,1.0,1.0,1.0,1.0,0.0,1.0,4.0,2.0,5.0,4.0,3.0,4.0,3.0,3.0,5.0,4.0,1.0,5.0,4.0,4.0,1.0,1.0,5.0,5.0,5.0,5.0,5.0,4.0,1.0,3.0,4.0,4.0,2.0,2.0,2.0,2.0,4.0,4.0,3.0,2.0,4.0,2.0,4.0,3.0,5.0,5.0,5.0,26.0,24.0,48.0,17.0,27.0,23.0,35.0,9.0,75.0,45+,50+,some additional training,1.23044892137827,1.44357886052974,3.93550717970717e-06,4.00558855275882
28,MALES,27,STEADY RELATIONSHIP,NO,COMPLETED HIGHSCHOOL,WORK,NO,0.0,3.0,3.0,3.0,3.0,4.0,2.0,2.0,2.0,1.0,2.0,4.0,2.0,2.0,3.0,3.0,5.0,3.0,2.0,4.0,4.0,3.0,3.0,3.0,3.0,3.0,3.0,5.0,3.0,2.0,3.0,3.0,4.0,3.0,3.0,4.0,3.0,6.0,4.0,3.0,4.0,4.0,3.0,3.0,3.0,3.0,3.0,3.0,3.0,3.0,3.0,2.0,2.0,2.0,3.0,3.0,2.0,3.0,3.0,1.0,1.0,1.0,1.0,0.0,1.0,1.0,1.0,1.0,0.0,3.0,3.0,3.0,3.0,2.0,1.0,4.0,2.0,3.0,3.0,2.0,2.0,2.0,2.0,3.0,3.0,2.0,2.0,3.0,3.0,4.0,3.0,4.0,3.0,3.0,3.0,3.0,3.0,3.0,3.0,3.0,3.0,2.0,2.0,2.0,3.0,3.0,2.0,4.0,3.0,3.0,20.0,22.0,32.0,33.0,20.0,32.0,25.0,8.0,45.0,18 - 29,25 - 32,completed high school,1.51851393987789,2.44755882925012,0.001079029964871,3.98032647138294
209,MALES,70,MARRIED FIRST TIME,NO,POSTGRADUATE COMPLETED,WORK,NO,,3.0,3.0,5.0,1.0,5.0,2.0,2.0,3.0,2.0,2.0,3.0,1.0,1.0,5.0,1.0,1.0,3.0,1.0,2.0,5.0,1.0,3.0,1.0,1.0,2.0,2.0,1.0,1.0,1.0,3.0,3.0,1.0,1.0,7.0,7.0,7.0,7.0,4.0,1.0,2.0,2.0,4.0,3.0,1.0,5.0,4.0,3.0,2.0,4.0,4.0,1.0,3.0,2.0,4.0,1.0,1.0,2.0,1.0,1.0,1.0,1.0,1.0,1.0,0.0,0.0,0.0,0.0,1.0,1.0,1.0,5.0,5.0,5.0,3.0,3.0,4.0,2.0,4.0,1.0,1.0,4.0,3.0,2.0,2.0,3.0,3.0,3.0,5.0,4.0,3.0,3.0,3.0,4.0,4.0,2.0,3.0,1.0,2.0,4.0,3.0,4.0,3.0,4.0,5.0,5.0,3.0,5.0,4.0,4.0,25.0,23.0,29.0,10.0,32.0,19.0,34.0,6.0,68.0,45+,50+,completed postgrad uni,1.0,0.378701818705562,0.001906254592449,3.97537966138347
535,FEMALES,46,DIVORCED,NO,SOME ADDITIONAL TRAINING,WORK,NO,0.0,3.0,2.0,4.0,2.0,4.0,1.0,1.0,1.0,1.0,1.0,4.0,1.0,1.0,5.0,2.0,1.0,3.0,1.0,4.0,4.0,1.0,4.0,2.0,2.0,4.0,4.0,1.0,4.0,1.0,3.0,4.0,2.0,1.0,5.0,6.0,5.0,5.0,3.0,4.0,2.0,4.0,4.0,3.0,3.0,4.0,4.0,5.0,3.0,4.0,4.0,1.0,4.0,1.0,4.0,4.0,4.0,1.0,1.0,1.0,1.0,1.0,0.0,0.0,0.0,1.0,1.0,0.0,0.0,2.0,3.0,5.0,4.0,5.0,3.0,2.0,1.0,5.0,4.0,2.0,3.0,2.0,3.0,4.0,4.0,3.0,3.0,4.0,4.0,5.0,4.0,4.0,4.0,4.0,4.0,2.0,3.0,2.0,2.0,4.0,4.0,1.0,4.0,4.0,4.0,3.0,4.0,4.0,2.0,2.0,24.0,25.0,39.0,14.0,24.0,30.0,37.0,5.0,60.0,45+,41 - 49,some additional training,1.14612803567824,0.976323158284673,0.00230124333863,3.93725222601233
518,FEMALES,39,DIVORCED,YES,COMPLETED UNDERGRADUATE,RELATIONSHIPS,NO,0.0,4.0,2.0,3.0,2.0,4.0,2.0,3.0,4.0,2.0,2.0,2.0,2.0,3.0,3.0,4.0,2.0,2.0,1.0,4.0,3.0,4.0,3.0,4.0,4.0,2.0,2.0,2.0,3.0,2.0,2.0,2.0,5.0,5.0,4.0,3.0,3.0,2.0,2.0,3.0,4.0,5.0,3.0,3.0,4.0,3.0,3.0,3.0,4.0,3.0,4.0,2.0,3.0,2.0,3.0,2.0,3.0,3.0,2.0,1.0,1.0,0.0,0.0,0.0,1.0,0.0,1.0,0.0,0.0,4.0,2.0,2.0,3.0,2.0,2.0,3.0,4.0,4.0,4.0,3.0,3.0,3.0,4.0,2.0,2.0,3.0,4.0,4.0,4.0,4.0,2.0,3.0,3.0,3.0,2.0,3.0,3.0,3.0,3.0,3.0,3.0,3.0,2.0,3.0,2.0,4.0,3.0,3.0,4.0,4.0,23.0,19.0,26.0,33.0,14.0,35.0,30.0,4.0,58.0,30 - 44,33 - 40,completed undergrad uni,1.51851393987789,0.512951897577165,0.0024182184862611,3.92916461695737
377,FEMALES,55,MARRIED FIRST TIME,NO,SOME SECONDARY,FAMILY,NO,0.0,4.0,2.0,5.0,1.0,3.0,2.0,2.0,3.0,1.0,4.0,3.0,3.0,3.0,5.0,4.0,1.0,5.0,1.0,5.0,5.0,3.0,3.0,5.0,2.0,2.0,4.0,1.0,4.0,2.0,5.0,4.0,2.0,1.0,5.0,2.0,5.0,6.0,6.0,4.0,4.0,3.0,4.0,4.0,3.0,3.0,4.0,5.0,4.0,4.0,4.0,1.0,4.0,2.0,3.0,2.0,4.0,3.0,1.0,1.0,1.0,1.0,0.0,0.0,1.0,0.0,1.0,0.0,0.0,2.0,2.0,4.0,5.0,5.0,5.0,1.0,4.0,5.0,5.0,1.0,5.0,4.0,4.0,2.0,2.0,4.0,5.0,4.0,5.0,4.0,3.0,4.0,1.0,2.0,2.0,2.0,2.0,3.0,2.0,4.0,3.0,3.0,2.0,4.0,4.0,4.0,5.0,5.0,4.0,4.0,25.0,18.0,42.0,22.0,24.0,32.0,35.0,5.0,81.0,45+,50+,did not complete high school,1.34242268082221,7.50041095862876,0.0160241694042398,3.91955333193291
254,MALES,33,MARRIED FIRST TIME,NO,COMPLETED UNDERGRADUATE,WORK,NO,0.0,3.0,1.0,4.0,1.0,5.0,1.0,3.0,1.0,3.0,2.0,3.0,1.0,1.0,3.0,1.0,1.0,1.0,1.0,3.0,3.0,2.0,3.0,1.0,1.0,2.0,3.0,1.0,2.0,1.0,2.0,4.0,1.0,1.0,6.0,5.0,7.0,7.0,6.0,2.0,2.0,2.0,3.0,5.0,5.0,4.0,4.0,2.0,1.0,4.0,4.0,1.0,3.0,1.0,4.0,1.0,4.0,1.0,1.0,0.0,1.0,1.0,0.0,0.0,0.0,0.0,1.0,0.0,1.0,1.0,1.0,5.0,4.0,4.0,4.0,1.0,1.0,1.0,2.0,2.0,3.0,4.0,3.0,1.0,1.0,3.0,1.0,5.0,5.0,5.0,2.0,2.0,3.0,4.0,4.0,3.0,1.0,2.0,2.0,4.0,4.0,4.0,4.0,4.0,5.0,5.0,5.0,4.0,5.0,5.0,27.0,19.0,26.0,11.0,31.0,22.0,39.0,4.0,64.0,30 - 44,33 - 40,completed undergrad uni,1.04139268515823,1.05376839231199,0.0030580765006312,3.90771882915751
369,FEMALES,38,DIVORCED,NO,COMPLETED UNDERGRADUATE,WORK,NO,0.0,2.0,3.0,3.0,3.0,3.0,2.0,2.0,3.0,3.0,1.0,3.0,2.0,3.0,3.0,4.0,2.0,2.0,2.0,3.0,1.0,2.0,3.0,4.0,3.0,2.0,2.0,4.0,1.0,3.0,2.0,2.0,3.0,2.0,3.0,3.0,4.0,2.0,3.0,4.0,4.0,4.0,4.0,3.0,4.0,4.0,3.0,4.0,3.0,3.0,3.0,1.0,3.0,3.0,2.0,3.0,3.0,2.0,2.0,0.0,1.0,0.0,0.0,0.0,0.0,1.0,0.0,0.0,0.0,3.0,3.0,3.0,3.0,4.0,4.0,4.0,2.0,3.0,3.0,4.0,2.0,2.0,3.0,2.0,2.0,3.0,3.0,3.0,3.0,4.0,3.0,2.0,4.0,3.0,2.0,2.0,3.0,2.0,3.0,4.0,2.0,2.0,3.0,3.0,3.0,3.0,2.0,2.0,4.0,4.0,18.0,20.0,21.0,29.0,15.0,33.0,28.0,2.0,53.0,30 - 44,33 - 40,completed undergrad uni,1.46239799789896,0.422354238230301,0.0009013814347121,3.89524810250218
231,MALES,26,SINGLE,NO,SOME ADDITIONAL TRAINING,WORK,YES,60.0,2.0,3.0,3.0,4.0,4.0,3.0,3.0,3.0,3.0,3.0,3.0,3.0,3.0,4.0,3.0,2.0,4.0,2.0,3.0,2.0,4.0,3.0,4.0,4.0,2.0,2.0,4.0,3.0,2.0,3.0,3.0,3.0,3.0,5.0,6.0,6.0,6.0,4.0,3.0,2.0,3.0,3.0,3.0,3.0,3.0,3.0,4.0,2.0,3.0,3.0,2.0,3.0,2.0,3.0,3.0,3.0,3.0,2.0,1.0,1.0,1.0,1.0,1.0,0.0,1.0,0.0,0.0,1.0,3.0,4.0,3.0,4.0,3.0,2.0,4.0,3.0,4.0,3.0,3.0,2.0,2.0,2.0,3.0,3.0,3.0,2.0,3.0,2.0,3.0,2.0,2.0,2.0,2.0,2.0,3.0,3.0,3.0,3.0,3.0,3.0,2.0,2.0,3.0,3.0,2.0,2.0,3.0,3.0,3.0,17.0,16.0,29.0,31.0,27.0,29.0,28.0,7.0,49.0,18 - 29,25 - 32,some additional training,1.49136169383427,2.17106661056453,0.0015694401249836,3.87758475135201
315,FEMALES,31,MARRIED FIRST TIME,YES,SOME ADDITIONAL TRAINING,MONEY/FINANCES,YES,40.0,3.0,3.0,5.0,2.0,5.0,2.0,2.0,4.0,2.0,1.0,4.0,2.0,1.0,5.0,2.0,1.0,5.0,1.0,5.0,5.0,2.0,4.0,1.0,1.0,5.0,5.0,1.0,4.0,1.0,4.0,5.0,1.0,1.0,7.0,5.0,5.0,6.0,7.0,2.0,2.0,2.0,4.0,4.0,3.0,4.0,4.0,3.0,2.0,4.0,4.0,1.0,4.0,1.0,4.0,1.0,4.0,3.0,1.0,1.0,1.0,1.0,1.0,1.0,0.0,0.0,1.0,0.0,1.0,4.0,2.0,5.0,4.0,4.0,4.0,2.0,4.0,5.0,5.0,1.0,4.0,4.0,4.0,2.0,1.0,4.0,4.0,3.0,4.0,4.0,3.0,3.0,4.0,3.0,4.0,2.0,2.0,2.0,2.0,4.0,4.0,4.0,2.0,4.0,2.0,4.0,4.0,5.0,4.0,5.0,24.0,25.0,47.0,12.0,30.0,22.0,38.0,7.0,75.0,30 - 44,25 - 32,some additional training,1.07918124604762,1.48840729901069,3.58326010943909e-06,3.8694242657984
489,MALES,27,STEADY RELATIONSHIP,NO,SOME ADDITIONAL TRAINING,MONEY/FINANCES,YES,7.0,1.0,3.0,3.0,2.0,4.0,1.0,1.0,4.0,2.0,1.0,4.0,3.0,4.0,3.0,2.0,3.0,1.0,1.0,4.0,1.0,1.0,2.0,3.0,4.0,1.0,3.0,2.0,1.0,3.0,3.0,4.0,2.0,1.0,4.0,5.0,5.0,4.0,1.0,1.0,3.0,3.0,3.0,3.0,2.0,3.0,4.0,3.0,2.0,3.0,4.0,1.0,3.0,2.0,4.0,3.0,2.0,2.0,3.0,0.0,1.0,1.0,0.0,0.0,0.0,0.0,0.0,0.0,0.0,4.0,4.0,2.0,3.0,4.0,3.0,4.0,2.0,3.0,3.0,4.0,3.0,3.0,3.0,2.0,2.0,4.0,5.0,3.0,4.0,5.0,4.0,3.0,4.0,2.0,1.0,3.0,3.0,3.0,2.0,4.0,3.0,2.0,3.0,2.0,2.0,2.0,2.0,2.0,4.0,4.0,20.0,22.0,23.0,22.0,19.0,25.0,30.0,2.0,54.0,18 - 29,25 - 32,some additional training,1.34242268082221,0.471111182755425,0.0004775906538852,3.86749639593275
438,FEMALES,35,SINGLE,NO,POSTGRADUATE COMPLETED,"TIME (lack of time, too much to do)",YES,110.0,3.0,1.0,3.0,2.0,4.0,1.0,2.0,3.0,3.0,3.0,4.0,2.0,3.0,3.0,4.0,2.0,2.0,1.0,3.0,3.0,4.0,2.0,1.0,3.0,2.0,3.0,1.0,3.0,3.0,3.0,2.0,4.0,4.0,5.0,5.0,5.0,4.0,6.0,3.0,4.0,5.0,3.0,3.0,5.0,3.0,3.0,4.0,5.0,3.0,3.0,2.0,3.0,3.0,2.0,3.0,3.0,2.0,2.0,1.0,1.0,1.0,1.0,1.0,1.0,0.0,1.0,0.0,0.0,5.0,2.0,3.0,3.0,2.0,4.0,4.0,2.0,3.0,3.0,4.0,3.0,2.0,4.0,3.0,3.0,4.0,4.0,5.0,4.0,5.0,3.0,2.0,2.0,3.0,2.0,3.0,3.0,3.0,3.0,3.0,2.0,2.0,3.0,3.0,1.0,4.0,2.0,2.0,3.0,3.0,24.0,19.0,26.0,27.0,25.0,38.0,27.0,7.0,52.0,30 - 44,33 - 40,completed postgrad uni,1.43136376415899,0.659778863117218,0.0046267868184229,3.859950735647
419,MALES,44,MARRIED FIRST TIME,YES,SOME ADDITIONAL TRAINING,WORK,YES,100.0,3.0,2.0,3.0,2.0,3.0,1.0,2.0,3.0,1.0,2.0,4.0,2.0,1.0,3.0,1.0,1.0,4.0,1.0,3.0,3.0,1.0,2.0,1.0,2.0,3.0,3.0,1.0,2.0,1.0,2.0,4.0,1.0,1.0,5.0,4.0,5.0,7.0,7.0,3.0,1.0,1.0,4.0,4.0,1.0,3.0,4.0,2.0,2.0,4.0,4.0,1.0,3.0,1.0,3.0,1.0,4.0,2.0,1.0,1.0,1.0,1.0,0.0,1.0,1.0,0.0,0.0,1.0,0.0,4.0,4.0,5.0,3.0,3.0,2.0,3.0,4.0,5.0,5.0,1.0,3.0,3.0,3.0,2.0,4.0,3.0,4.0,4.0,4.0,5.0,3.0,4.0,3.0,3.0,4.0,2.0,2.0,3.0,2.0,4.0,4.0,4.0,3.0,4.0,2.0,2.0,3.0,5.0,4.0,2.0,22.0,24.0,29.0,11.0,28.0,19.0,37.0,6.0,61.0,30 - 44,41 - 49,some additional training,1.04139268515823,0.411563576195217,0.0023900402691326,3.78379133063985
313,FEMALES,46,DIVORCED,YES,SOME ADDITIONAL TRAINING,MONEY/FINANCES,NO,0.0,4.0,2.0,5.0,1.0,5.0,1.0,1.0,4.0,1.0,1.0,4.0,2.0,1.0,5.0,3.0,1.0,4.0,1.0,5.0,5.0,1.0,4.0,1.0,2.0,5.0,5.0,1.0,5.0,2.0,4.0,5.0,2.0,1.0,2.0,3.0,3.0,2.0,2.0,2.0,3.0,3.0,5.0,3.0,3.0,4.0,4.0,2.0,3.0,4.0,4.0,2.0,4.0,2.0,2.0,3.0,2.0,3.0,2.0,1.0,1.0,1.0,1.0,0.0,0.0,1.0,0.0,0.0,0.0,1.0,1.0,5.0,5.0,5.0,4.0,3.0,4.0,4.0,4.0,2.0,4.0,4.0,4.0,2.0,2.0,4.0,5.0,4.0,5.0,5.0,4.0,4.0,4.0,3.0,4.0,1.0,3.0,2.0,2.0,3.0,3.0,2.0,2.0,3.0,5.0,5.0,3.0,4.0,4.0,4.0,28.0,27.0,47.0,15.0,12.0,24.0,29.0,5.0,77.0,45+,41 - 49,some additional training,1.17609125905568,2.37331756125897,0.0017195437088456,3.73030049964179
538,FEMALES,28,LIVING WITH PARTNER,NO,COMPLETED HIGHSCHOOL,LIFE IN GENERAL,NO,0.0,5.0,2.0,4.0,1.0,5.0,1.0,1.0,4.0,1.0,1.0,4.0,1.0,1.0,4.0,1.0,1.0,4.0,1.0,5.0,5.0,1.0,5.0,2.0,2.0,4.0,4.0,1.0,4.0,1.0,4.0,4.0,1.0,1.0,7.0,7.0,7.0,7.0,7.0,2.0,2.0,1.0,5.0,4.0,2.0,4.0,5.0,2.0,1.0,4.0,4.0,1.0,4.0,1.0,4.0,1.0,4.0,1.0,4.0,1.0,1.0,1.0,0.0,0.0,0.0,1.0,0.0,0.0,0.0,1.0,1.0,4.0,4.0,5.0,5.0,1.0,4.0,5.0,5.0,1.0,5.0,5.0,5.0,1.0,1.0,4.0,5.0,4.0,5.0,5.0,4.0,4.0,4.0,4.0,4.0,1.0,2.0,2.0,1.0,4.0,4.0,4.0,4.0,1.0,5.0,5.0,5.0,5.0,5.0,5.0,28.0,28.0,43.0,12.0,35.0,16.0,37.0,4.0,86.0,18 - 29,25 - 32,completed high school,1.07918124604762,4.78375779402455,0.0014411341501883,3.70238000647655
295,FEMALES,37,MARRIED FIRST TIME,NO,POSTGRADUATE COMPLETED,WORK,NO,0.0,4.0,1.0,4.0,1.0,4.0,2.0,2.0,3.0,2.0,1.0,3.0,2.0,1.0,5.0,5.0,2.0,1.0,2.0,4.0,4.0,4.0,4.0,2.0,2.0,4.0,4.0,1.0,4.0,2.0,4.0,4.0,1.0,1.0,6.0,6.0,6.0,6.0,6.0,2.0,2.0,2.0,4.0,4.0,2.0,4.0,4.0,2.0,2.0,4.0,4.0,1.0,4.0,1.0,4.0,2.0,4.0,4.0,3.0,1.0,1.0,1.0,0.0,0.0,0.0,0.0,1.0,0.0,0.0,3.0,2.0,4.0,4.0,4.0,3.0,3.0,3.0,4.0,4.0,2.0,3.0,4.0,3.0,2.0,2.0,4.0,4.0,5.0,5.0,4.0,3.0,3.0,4.0,3.0,4.0,2.0,2.0,2.0,2.0,4.0,4.0,3.0,1.0,2.0,3.0,4.0,3.0,4.0,4.0,4.0,26.0,23.0,38.0,22.0,30.0,20.0,34.0,4.0,66.0,30 - 44,33 - 40,completed postgrad uni,1.34242268082221,0.209421816015409,0.001309333196936,3.69763562104376
120,FEMALES,74,WIDOWED,NO,COMPLETED UNDERGRADUATE,HEALTH/ILLNESS,NO,0.0,5.0,3.0,4.0,1.0,4.0,1.0,4.0,3.0,2.0,1.0,4.0,1.0,1.0,5.0,1.0,1.0,5.0,1.0,4.0,4.0,1.0,3.0,1.0,1.0,4.0,4.0,1.0,5.0,1.0,5.0,4.0,1.0,1.0,7.0,7.0,7.0,6.0,7.0,2.0,2.0,1.0,4.0,4.0,1.0,4.0,4.0,1.0,1.0,4.0,4.0,1.0,4.0,1.0,4.0,1.0,4.0,1.0,1.0,1.0,1.0,1.0,0.0,1.0,0.0,1.0,1.0,1.0,0.0,2.0,2.0,5.0,5.0,4.0,5.0,1.0,4.0,4.0,4.0,2.0,5.0,4.0,5.0,1.0,1.0,5.0,5.0,3.0,5.0,5.0,1.0,3.0,4.0,4.0,4.0,2.0,2.0,2.0,2.0,4.0,4.0,4.0,4.0,4.0,4.0,4.0,5.0,4.0,5.0,5.0,26.0,23.0,43.0,10.0,34.0,16.0,40.0,7.0,82.0,45+,50+,completed undergrad uni,1.0,3.7029970472807,0.0079453507822148,3.65799631989303
368,FEMALES,82,WIDOWED,NO,SOME ADDITIONAL TRAINING,HEALTH/ILLNESS,NO,0.0,4.0,1.0,4.0,1.0,4.0,1.0,2.0,3.0,2.0,2.0,4.0,2.0,1.0,3.0,3.0,1.0,3.0,1.0,3.0,3.0,1.0,2.0,1.0,1.0,1.0,3.0,1.0,1.0,1.0,3.0,3.0,1.0,1.0,6.0,5.0,6.0,6.0,6.0,3.0,2.0,3.0,4.0,4.0,3.0,4.0,4.0,3.0,2.0,3.0,3.0,1.0,3.0,1.0,2.0,1.0,4.0,1.0,1.0,1.0,1.0,1.0,1.0,1.0,0.0,1.0,1.0,0.0,0.0,1.0,2.0,5.0,4.0,5.0,4.0,2.0,3.0,4.0,4.0,5.0,4.0,5.0,5.0,2.0,1.0,1.0,4.0,5.0,5.0,5.0,3.0,3.0,3.0,3.0,4.0,2.0,2.0,2.0,2.0,4.0,4.0,4.0,4.0,4.0,5.0,4.0,4.0,1.0,4.0,5.0,27.0,23.0,25.0,12.0,29.0,24.0,35.0,7.0,71.0,45+,50+,some additional training,1.07918124604762,0.775880876964725,1.38681081376755e-06,3.65199434812117
161,MALES,43,SINGLE,NO,SOME ADDITIONAL TRAINING,WORK,NO,0.0,3.0,3.0,4.0,3.0,4.0,2.0,2.0,3.0,1.0,1.0,4.0,1.0,2.0,4.0,1.0,1.0,3.0,1.0,4.0,5.0,2.0,4.0,1.0,2.0,4.0,4.0,1.0,1.0,1.0,3.0,4.0,1.0,1.0,4.0,4.0,2.0,2.0,4.0,3.0,3.0,3.0,4.0,4.0,3.0,3.0,3.0,3.0,4.0,4.0,4.0,1.0,4.0,1.0,3.0,3.0,3.0,2.0,2.0,1.0,1.0,1.0,0.0,1.0,0.0,1.0,1.0,1.0,0.0,2.0,3.0,5.0,3.0,4.0,3.0,2.0,3.0,4.0,3.0,3.0,3.0,3.0,2.0,3.0,3.0,3.0,4.0,3.0,3.0,4.0,3.0,4.0,4.0,4.0,3.0,2.0,2.0,3.0,3.0,4.0,4.0,2.0,3.0,3.0,4.0,3.0,4.0,3.0,3.0,3.0,21.0,25.0,36.0,12.0,16.0,29.0,34.0,7.0,60.0,30 - 44,41 - 49,some additional training,1.07918124604762,0.976323158284673,0.0014993444605918,3.62292450219731
456,FEMALES,24,SINGLE,NO,COMPLETED UNDERGRADUATE,WORK,NO,0.0,2.0,3.0,4.0,2.0,4.0,2.0,2.0,4.0,3.0,2.0,4.0,2.0,1.0,5.0,3.0,2.0,4.0,1.0,5.0,3.0,2.0,4.0,1.0,4.0,5.0,4.0,3.0,5.0,3.0,5.0,3.0,4.0,3.0,5.0,5.0,5.0,4.0,4.0,2.0,4.0,4.0,3.0,4.0,3.0,4.0,4.0,3.0,2.0,3.0,3.0,2.0,3.0,1.0,3.0,3.0,3.0,2.0,2.0,1.0,1.0,1.0,1.0,0.0,0.0,0.0,0.0,0.0,0.0,2.0,4.0,4.0,3.0,5.0,4.0,3.0,2.0,3.0,3.0,3.0,4.0,4.0,4.0,3.0,2.0,4.0,5.0,3.0,4.0,4.0,3.0,2.0,3.0,3.0,4.0,3.0,2.0,2.0,2.0,3.0,4.0,2.0,3.0,3.0,4.0,2.0,3.0,3.0,3.0,4.0,21.0,23.0,43.0,26.0,23.0,27.0,30.0,4.0,64.0,18 - 29,18 - 24,completed undergrad uni,1.41497334797082,0.116546642244687,0.0001289688814212,3.59847627589123
40,MALES,36,MARRIED FIRST TIME,YES,COMPLETED HIGHSCHOOL,WORK,NO,0.0,1.0,3.0,4.0,3.0,4.0,1.0,4.0,3.0,2.0,2.0,3.0,3.0,3.0,3.0,4.0,2.0,2.0,1.0,1.0,3.0,2.0,3.0,2.0,4.0,3.0,3.0,1.0,2.0,4.0,3.0,3.0,1.0,1.0,3.0,5.0,4.0,4.0,6.0,3.0,3.0,4.0,2.0,2.0,4.0,3.0,3.0,3.0,5.0,3.0,4.0,1.0,3.0,1.0,2.0,3.0,4.0,3.0,1.0,1.0,1.0,1.0,0.0,0.0,0.0,0.0,1.0,0.0,0.0,4.0,2.0,4.0,3.0,3.0,1.0,5.0,4.0,4.0,4.0,2.0,4.0,3.0,1.0,4.0,3.0,2.0,2.0,3.0,3.0,5.0,1.0,3.0,3.0,2.0,2.0,4.0,4.0,3.0,3.0,4.0,4.0,2.0,2.0,4.0,2.0,4.0,1.0,4.0,2.0,3.0,20.0,17.0,26.0,22.0,22.0,36.0,32.0,4.0,51.0,30 - 44,33 - 40,completed high school,1.34242268082221,1.48376011807157,0.0022866009478136,3.58369628341728
60,MALES,45,MARRIED FIRST TIME,YES,POSTGRADUATE COMPLETED,WORK,NO,0.0,3.0,1.0,4.0,1.0,5.0,1.0,1.0,4.0,1.0,1.0,4.0,1.0,1.0,4.0,1.0,1.0,4.0,1.0,5.0,5.0,1.0,5.0,3.0,3.0,4.0,4.0,1.0,4.0,1.0,4.0,5.0,1.0,1.0,5.0,5.0,5.0,4.0,3.0,2.0,1.0,1.0,5.0,4.0,2.0,4.0,4.0,2.0,2.0,4.0,4.0,1.0,1.0,1.0,4.0,1.0,4.0,1.0,1.0,1.0,1.0,1.0,0.0,0.0,1.0,1.0,0.0,0.0,0.0,1.0,1.0,3.0,5.0,5.0,5.0,1.0,5.0,5.0,5.0,1.0,5.0,5.0,5.0,1.0,1.0,5.0,5.0,5.0,5.0,5.0,4.0,4.0,4.0,4.0,4.0,1.0,2.0,2.0,2.0,4.0,4.0,4.0,4.0,4.0,5.0,5.0,5.0,5.0,5.0,5.0,27.0,28.0,44.0,14.0,22.0,17.0,37.0,5.0,88.0,45+,41 - 49,completed postgrad uni,1.14612803567824,5.41682777468433,0.0002987027740071,3.58039927348385
290,MALES,50,MARRIED FIRST TIME,YES,SOME ADDITIONAL TRAINING,MONEY/FINANCES,YES,200.0,2.0,2.0,3.0,3.0,4.0,3.0,2.0,3.0,2.0,1.0,4.0,1.0,1.0,3.0,1.0,1.0,3.0,1.0,4.0,4.0,1.0,3.0,1.0,2.0,4.0,4.0,1.0,3.0,1.0,4.0,4.0,1.0,1.0,3.0,2.0,4.0,2.0,3.0,3.0,3.0,3.0,4.0,3.0,3.0,4.0,3.0,3.0,3.0,4.0,4.0,1.0,4.0,1.0,4.0,1.0,4.0,1.0,1.0,1.0,1.0,1.0,0.0,1.0,1.0,1.0,0.0,0.0,0.0,2.0,3.0,5.0,4.0,4.0,4.0,2.0,5.0,4.0,4.0,2.0,4.0,4.0,4.0,1.0,2.0,4.0,2.0,4.0,3.0,3.0,3.0,3.0,4.0,4.0,4.0,2.0,3.0,2.0,3.0,4.0,4.0,4.0,4.0,4.0,4.0,3.0,4.0,4.0,5.0,4.0,19.0,25.0,36.0,11.0,14.0,28.0,40.0,6.0,72.0,45+,50+,some additional training,1.04139268515823,1.04216874072805,0.0024764018697468,3.55889857413033
367,MALES,27,SINGLE,NO,COMPLETED UNDERGRADUATE,WORK,YES,20.0,2.0,4.0,3.0,3.0,3.0,3.0,2.0,3.0,2.0,2.0,3.0,3.0,3.0,2.0,2.0,1.0,2.0,1.0,2.0,3.0,2.0,3.0,1.0,2.0,1.0,2.0,1.0,3.0,1.0,3.0,3.0,3.0,2.0,1.0,2.0,2.0,1.0,1.0,3.0,4.0,3.0,3.0,2.0,2.0,3.0,3.0,4.0,2.0,4.0,3.0,1.0,4.0,3.0,2.0,2.0,3.0,1.0,1.0,1.0,1.0,1.0,1.0,0.0,0.0,0.0,0.0,1.0,0.0,3.0,4.0,4.0,3.0,4.0,2.0,5.0,1.0,3.0,3.0,2.0,2.0,4.0,2.0,5.0,4.0,2.0,2.0,2.0,3.0,3.0,3.0,3.0,3.0,2.0,2.0,3.0,4.0,3.0,3.0,4.0,2.0,3.0,4.0,4.0,3.0,2.0,1.0,4.0,1.0,2.0,16.0,19.0,24.0,16.0,7.0,31.0,33.0,5.0,45.0,18 - 29,25 - 32,completed undergrad uni,1.20411998265592,1.70018191853914,4.55105392341813e-06,3.55289515038607
467,MALES,21,SINGLE,NO,COMPLETED HIGHSCHOOL,"TIME (lack of time, too much to do)",NO,0.0,4.0,1.0,4.0,1.0,4.0,2.0,1.0,4.0,2.0,1.0,4.0,1.0,1.0,5.0,2.0,1.0,2.0,1.0,5.0,5.0,1.0,5.0,2.0,2.0,5.0,5.0,1.0,5.0,1.0,5.0,5.0,1.0,1.0,6.0,7.0,5.0,4.0,3.0,3.0,2.0,3.0,5.0,5.0,2.0,5.0,5.0,5.0,2.0,4.0,4.0,1.0,4.0,3.0,4.0,1.0,3.0,1.0,1.0,1.0,1.0,1.0,0.0,1.0,0.0,1.0,1.0,0.0,1.0,1.0,1.0,5.0,4.0,5.0,4.0,4.0,3.0,3.0,5.0,1.0,5.0,1.0,1.0,1.0,1.0,5.0,4.0,5.0,5.0,4.0,4.0,3.0,4.0,4.0,4.0,1.0,1.0,1.0,1.0,4.0,2.0,4.0,4.0,4.0,5.0,5.0,2.0,5.0,5.0,5.0,26.0,27.0,47.0,13.0,25.0,21.0,37.0,7.0,72.0,18 - 29,18 - 24,completed high school,1.11394335230684,1.8343389058633,2.58569355747799e-05,3.54296517909919
32,MALES,31,LIVING WITH PARTNER,NO,POSTGRADUATE COMPLETED,"TIME (lack of time, too much to do)",NO,0.0,2.0,3.0,2.0,3.0,3.0,3.0,3.0,2.0,3.0,3.0,2.0,3.0,2.0,2.0,3.0,1.0,3.0,3.0,3.0,2.0,4.0,1.0,3.0,3.0,2.0,2.0,1.0,4.0,3.0,2.0,2.0,4.0,4.0,3.0,4.0,3.0,3.0,3.0,2.0,3.0,4.0,2.0,3.0,3.0,3.0,3.0,3.0,3.0,3.0,3.0,1.0,3.0,1.0,3.0,3.0,3.0,2.0,1.0,0.0,1.0,1.0,0.0,0.0,0.0,0.0,1.0,0.0,0.0,4.0,4.0,2.0,2.0,2.0,2.0,4.0,3.0,3.0,3.0,4.0,3.0,2.0,2.0,4.0,4.0,2.0,4.0,3.0,3.0,3.0,2.0,2.0,2.0,2.0,3.0,4.0,3.0,3.0,3.0,4.0,4.0,2.0,3.0,4.0,2.0,2.0,2.0,2.0,2.0,2.0,16.0,15.0,23.0,29.0,16.0,31.0,32.0,3.0,42.0,30 - 44,25 - 32,completed postgrad uni,1.46239799789896,3.51344660303476,0.0020572200249588,3.53223502318212
217,FEMALES,49,MARRIED FIRST TIME,YES,SOME ADDITIONAL TRAINING,CHILDREN,YES,150.0,5.0,1.0,5.0,1.0,5.0,1.0,2.0,4.0,1.0,1.0,4.0,1.0,1.0,3.0,2.0,1.0,2.0,1.0,3.0,3.0,1.0,3.0,1.0,2.0,1.0,3.0,1.0,3.0,1.0,4.0,3.0,1.0,1.0,5.0,6.0,6.0,6.0,5.0,3.0,3.0,2.0,5.0,4.0,2.0,4.0,4.0,2.0,1.0,4.0,4.0,1.0,4.0,1.0,4.0,1.0,4.0,1.0,1.0,1.0,1.0,0.0,0.0,1.0,0.0,1.0,1.0,1.0,1.0,1.0,1.0,5.0,5.0,5.0,5.0,1.0,3.0,5.0,5.0,1.0,5.0,4.0,3.0,3.0,3.0,4.0,5.0,5.0,5.0,5.0,3.0,4.0,4.0,4.0,4.0,1.0,2.0,2.0,2.0,4.0,4.0,4.0,4.0,4.0,5.0,5.0,5.0,5.0,3.0,3.0,30.0,27.0,28.0,12.0,28.0,20.0,40.0,7.0,80.0,45+,41 - 49,some additional training,1.07918124604762,2.92591924125467,5.08724353860583e-07,3.53040140817845
58,MALES,49,MARRIED FIRST TIME,YES,SOME SECONDARY,,,,3.0,4.0,4.0,4.0,4.0,4.0,3.0,3.0,2.0,2.0,3.0,4.0,4.0,5.0,4.0,1.0,4.0,1.0,5.0,5.0,2.0,3.0,5.0,3.0,2.0,4.0,1.0,5.0,1.0,5.0,5.0,5.0,2.0,5.0,5.0,5.0,4.0,4.0,3.0,3.0,2.0,4.0,3.0,2.0,4.0,4.0,3.0,3.0,2.0,1.0,4.0,3.0,3.0,4.0,2.0,2.0,2.0,2.0,0.0,1.0,1.0,1.0,0.0,1.0,0.0,0.0,1.0,0.0,1.0,3.0,1.0,2.0,3.0,3.0,4.0,3.0,2.0,2.0,1.0,3.0,2.0,3.0,3.0,2.0,3.0,3.0,2.0,2.0,2.0,2.0,3.0,3.0,1.0,1.0,2.0,3.0,2.0,2.0,1.0,2.0,3.0,3.0,3.0,5.0,3.0,2.0,5.0,3.0,4.0,17.0,16.0,43.0,25.0,23.0,25.0,24.0,5.0,52.0,45+,41 - 49,did not complete high school,1.39794000867204,2.11001931029364,0.0063442356987941,3.52549306721447
497,FEMALES,48,MARRIED FIRST TIME,NO,COMPLETED HIGHSCHOOL,MONEY/FINANCES,NO,,2.0,1.0,3.0,3.0,3.0,2.0,1.0,2.0,1.0,1.0,3.0,3.0,1.0,4.0,2.0,2.0,3.0,4.0,2.0,3.0,2.0,2.0,1.0,3.0,1.0,4.0,4.0,3.0,3.0,3.0,3.0,3.0,2.0,3.0,3.0,4.0,4.0,5.0,3.0,3.0,3.0,4.0,4.0,3.0,4.0,4.0,3.0,2.0,4.0,4.0,1.0,4.0,1.0,3.0,3.0,2.0,1.0,1.0,0.0,0.0,0.0,0.0,0.0,0.0,0.0,1.0,0.0,0.0,3.0,2.0,1.0,3.0,4.0,4.0,3.0,2.0,3.0,2.0,5.0,1.0,3.0,3.0,3.0,4.0,2.0,1.0,5.0,3.0,4.0,4.0,4.0,4.0,2.0,4.0,2.0,2.0,2.0,2.0,4.0,4.0,2.0,4.0,4.0,3.0,4.0,3.0,1.0,3.0,2.0,20.0,23.0,28.0,26.0,19.0,25.0,35.0,1.0,45.0,45+,41 - 49,completed high school,1.41497334797082,3.04492333377946,0.0024172575324039,3.45326699767039
453,FEMALES,20,SINGLE,NO,COMPLETED HIGHSCHOOL,WORK,NO,0.0,3.0,2.0,3.0,2.0,5.0,1.0,3.0,3.0,1.0,1.0,1.0,2.0,2.0,5.0,4.0,3.0,3.0,2.0,4.0,3.0,3.0,3.0,2.0,3.0,4.0,3.0,3.0,5.0,3.0,4.0,4.0,3.0,2.0,4.0,6.0,4.0,2.0,2.0,5.0,3.0,4.0,3.0,4.0,4.0,3.0,3.0,4.0,3.0,4.0,4.0,2.0,3.0,2.0,3.0,1.0,3.0,3.0,3.0,0.0,0.0,1.0,0.0,0.0,0.0,0.0,0.0,0.0,0.0,3.0,4.0,2.0,3.0,2.0,5.0,4.0,4.0,4.0,3.0,2.0,5.0,3.0,5.0,1.0,1.0,5.0,5.0,4.0,4.0,5.0,2.0,4.0,4.0,3.0,3.0,3.0,2.0,3.0,3.0,3.0,3.0,4.0,2.0,2.0,3.0,2.0,2.0,4.0,5.0,5.0,24.0,20.0,38.0,28.0,18.0,34.0,31.0,1.0,67.0,18 - 29,18 - 24,completed high school,1.44715803134222,0.996480855678994,0.0045915939797123,3.43848572021138
485,MALES,25,DIVORCED,NO,COMPLETED UNDERGRADUATE,WORK,YES,20.0,4.0,1.0,4.0,4.0,4.0,2.0,1.0,4.0,1.0,1.0,4.0,2.0,1.0,3.0,1.0,1.0,4.0,1.0,4.0,4.0,2.0,4.0,1.0,1.0,3.0,3.0,1.0,5.0,1.0,5.0,4.0,2.0,1.0,5.0,5.0,6.0,6.0,6.0,2.0,3.0,2.0,4.0,5.0,1.0,5.0,5.0,2.0,1.0,4.0,4.0,1.0,4.0,1.0,4.0,1.0,4.0,1.0,1.0,0.0,1.0,1.0,1.0,0.0,0.0,0.0,0.0,0.0,0.0,1.0,2.0,5.0,4.0,5.0,3.0,1.0,4.0,3.0,4.0,2.0,4.0,4.0,4.0,2.0,1.0,5.0,4.0,5.0,2.0,4.0,4.0,4.0,4.0,3.0,4.0,2.0,1.0,1.0,1.0,4.0,4.0,4.0,4.0,4.0,5.0,4.0,5.0,4.0,4.0,5.0,23.0,27.0,39.0,12.0,28.0,16.0,40.0,3.0,76.0,18 - 29,25 - 32,completed undergrad uni,1.07918124604762,2.22731941572012,0.0031809587757099,3.42607726116356
303,FEMALES,58,REMARRIED,NO,SOME SECONDARY,LIFE IN GENERAL,NO,0.0,5.0,1.0,5.0,2.0,5.0,1.0,2.0,4.0,2.0,2.0,2.0,1.0,1.0,4.0,2.0,1.0,5.0,1.0,5.0,5.0,1.0,5.0,1.0,1.0,4.0,5.0,1.0,4.0,1.0,4.0,5.0,1.0,1.0,6.0,6.0,6.0,6.0,3.0,2.0,2.0,3.0,5.0,5.0,2.0,4.0,5.0,4.0,2.0,4.0,4.0,1.0,4.0,1.0,4.0,1.0,4.0,1.0,1.0,1.0,1.0,1.0,1.0,1.0,0.0,0.0,0.0,0.0,0.0,2.0,2.0,3.0,4.0,4.0,4.0,2.0,4.0,4.0,4.0,1.0,4.0,2.0,4.0,2.0,2.0,4.0,4.0,5.0,4.0,5.0,3.0,3.0,3.0,4.0,4.0,1.0,1.0,2.0,1.0,4.0,4.0,4.0,4.0,4.0,4.0,4.0,4.0,5.0,4.0,4.0,29.0,23.0,46.0,11.0,27.0,20.0,40.0,5.0,70.0,45+,50+,did not complete high school,1.04139268515823,0.624386650315146,0.0013037416069965,3.41920664964076
216,MALES,31,MARRIED FIRST TIME,YES,SOME ADDITIONAL TRAINING,WORK,NO,,4.0,1.0,5.0,1.0,5.0,1.0,1.0,4.0,1.0,1.0,4.0,1.0,1.0,4.0,2.0,2.0,5.0,1.0,5.0,4.0,1.0,5.0,1.0,2.0,4.0,4.0,2.0,4.0,1.0,5.0,5.0,2.0,1.0,5.0,6.0,6.0,7.0,3.0,3.0,4.0,3.0,4.0,3.0,3.0,4.0,5.0,4.0,1.0,4.0,4.0,1.0,4.0,1.0,4.0,1.0,4.0,1.0,1.0,1.0,1.0,1.0,1.0,0.0,0.0,1.0,1.0,1.0,0.0,1.0,3.0,2.0,4.0,5.0,3.0,2.0,5.0,5.0,5.0,1.0,5.0,3.0,3.0,2.0,5.0,4.0,4.0,5.0,5.0,5.0,4.0,4.0,4.0,4.0,4.0,2.0,3.0,2.0,1.0,4.0,4.0,4.0,4.0,4.0,5.0,3.0,4.0,5.0,4.0,1.0,29.0,28.0,45.0,15.0,27.0,26.0,40.0,7.0,70.0,30 - 44,25 - 32,some additional training,1.17609125905568,2.46977178984585,0.0035110602903406,3.40479607394959
188,FEMALES,29,SINGLE,NO,SOME SECONDARY,MONEY/FINANCES,NO,0.0,3.0,1.0,5.0,1.0,5.0,1.0,1.0,4.0,1.0,1.0,4.0,1.0,1.0,5.0,1.0,1.0,4.0,1.0,5.0,4.0,1.0,5.0,1.0,1.0,4.0,4.0,1.0,5.0,1.0,5.0,4.0,1.0,1.0,5.0,5.0,5.0,4.0,7.0,2.0,2.0,3.0,5.0,5.0,2.0,3.0,4.0,3.0,2.0,4.0,4.0,1.0,4.0,1.0,4.0,1.0,4.0,1.0,1.0,1.0,1.0,1.0,0.0,1.0,0.0,1.0,1.0,1.0,1.0,1.0,2.0,4.0,5.0,5.0,5.0,1.0,3.0,4.0,2.0,2.0,4.0,3.0,3.0,3.0,3.0,3.0,5.0,5.0,5.0,5.0,4.0,4.0,4.0,4.0,4.0,1.0,1.0,3.0,2.0,4.0,4.0,4.0,4.0,4.0,5.0,4.0,5.0,4.0,3.0,3.0,28.0,28.0,45.0,10.0,26.0,21.0,40.0,8.0,70.0,18 - 29,25 - 32,did not complete high school,1.0,2.46977178984585,5.10792336185414e-06,3.39028097828858
162,MALES,22,SINGLE,NO,COMPLETED UNDERGRADUATE,LIFE IN GENERAL,NO,2.0,3.0,2.0,5.0,3.0,2.0,3.0,2.0,3.0,3.0,1.0,4.0,2.0,2.0,5.0,3.0,2.0,4.0,1.0,5.0,4.0,3.0,3.0,4.0,3.0,5.0,5.0,1.0,3.0,1.0,5.0,5.0,2.0,2.0,2.0,6.0,4.0,3.0,1.0,3.0,3.0,4.0,4.0,4.0,4.0,4.0,4.0,4.0,3.0,4.0,4.0,1.0,3.0,1.0,3.0,3.0,3.0,2.0,1.0,1.0,1.0,1.0,1.0,0.0,0.0,0.0,0.0,0.0,0.0,2.0,4.0,2.0,2.0,3.0,3.0,5.0,4.0,3.0,3.0,4.0,4.0,4.0,2.0,3.0,2.0,4.0,4.0,4.0,3.0,3.0,3.0,2.0,4.0,3.0,3.0,2.0,2.0,2.0,2.0,4.0,4.0,2.0,3.0,4.0,4.0,2.0,1.0,2.0,3.0,4.0,20.0,22.0,44.0,22.0,16.0,29.0,34.0,4.0,54.0,18 - 29,18 - 24,completed undergrad uni,1.34242268082221,0.471111182755425,0.0001004733057668,3.35364456274604
67,FEMALES,20,LIVING WITH PARTNER,NO,SOME ADDITIONAL TRAINING,MONEY/FINANCES,YES,100.0,2.0,3.0,2.0,4.0,2.0,2.0,2.0,3.0,2.0,3.0,4.0,3.0,2.0,2.0,4.0,1.0,3.0,3.0,4.0,2.0,2.0,2.0,4.0,4.0,4.0,2.0,1.0,2.0,5.0,2.0,3.0,3.0,3.0,2.0,2.0,2.0,6.0,2.0,3.0,3.0,4.0,3.0,1.0,3.0,2.0,2.0,4.0,4.0,4.0,3.0,2.0,3.0,2.0,2.0,4.0,2.0,3.0,4.0,1.0,1.0,1.0,0.0,0.0,1.0,1.0,0.0,0.0,0.0,4.0,5.0,5.0,1.0,4.0,1.0,4.0,1.0,1.0,1.0,1.0,2.0,3.0,1.0,2.0,2.0,2.0,2.0,3.0,2.0,4.0,3.0,3.0,2.0,2.0,3.0,3.0,5.0,4.0,4.0,3.0,3.0,1.0,2.0,1.0,2.0,1.0,2.0,5.0,4.0,4.0,15.0,20.0,26.0,30.0,14.0,37.0,24.0,5.0,42.0,18 - 29,18 - 24,some additional training,1.47712125471966,2.59767074719749,0.005470102044562,3.35271380786627
478,MALES,21,SINGLE,NO,COMPLETED UNDERGRADUATE,WORK,NO,,5.0,2.0,4.0,2.0,3.0,3.0,2.0,4.0,2.0,3.0,4.0,2.0,2.0,4.0,4.0,4.0,2.0,1.0,2.0,2.0,4.0,3.0,1.0,1.0,1.0,2.0,4.0,1.0,1.0,3.0,2.0,1.0,1.0,5.0,6.0,6.0,6.0,6.0,3.0,3.0,3.0,4.0,3.0,3.0,3.0,4.0,3.0,2.0,4.0,4.0,1.0,4.0,1.0,4.0,1.0,4.0,1.0,1.0,1.0,1.0,1.0,0.0,0.0,0.0,1.0,1.0,0.0,1.0,2.0,2.0,4.0,4.0,4.0,3.0,2.0,4.0,3.0,4.0,2.0,4.0,3.0,4.0,3.0,2.0,3.0,3.0,4.0,4.0,3.0,3.0,3.0,2.0,3.0,3.0,2.0,3.0,3.0,2.0,4.0,4.0,4.0,4.0,4.0,4.0,4.0,4.0,4.0,3.0,4.0,23.0,22.0,22.0,22.0,29.0,27.0,40.0,6.0,66.0,18 - 29,18 - 24,completed undergrad uni,1.34242268082221,0.242599765057913,9.95468576306257e-05,3.35089265566596
228,FEMALES,26,SINGLE,NO,COMPLETED UNDERGRADUATE,WORK,YES,3.0,4.0,2.0,5.0,2.0,4.0,2.0,1.0,4.0,1.0,1.0,4.0,1.0,2.0,5.0,1.0,1.0,4.0,1.0,5.0,5.0,2.0,4.0,1.0,1.0,5.0,4.0,1.0,4.0,1.0,5.0,5.0,2.0,2.0,6.0,6.0,7.0,7.0,5.0,3.0,2.0,3.0,5.0,4.0,2.0,4.0,4.0,4.0,2.0,4.0,4.0,1.0,4.0,1.0,4.0,1.0,4.0,2.0,2.0,1.0,1.0,1.0,1.0,1.0,0.0,1.0,1.0,0.0,0.0,3.0,1.0,5.0,5.0,5.0,5.0,3.0,5.0,3.0,3.0,4.0,5.0,2.0,5.0,1.0,1.0,5.0,5.0,4.0,4.0,4.0,4.0,4.0,4.0,4.0,3.0,1.0,2.0,2.0,2.0,4.0,4.0,4.0,3.0,3.0,3.0,5.0,3.0,2.0,5.0,5.0,25.0,27.0,46.0,13.0,31.0,23.0,38.0,7.0,76.0,18 - 29,25 - 32,completed undergrad uni,1.11394335230684,2.22731941572012,0.0007079224673835,3.34959267078166
107,MALES,39,LIVING WITH PARTNER,NO,SOME ADDITIONAL TRAINING,LIFE IN GENERAL,NO,0.0,2.0,2.0,4.0,4.0,2.0,4.0,3.0,3.0,2.0,3.0,4.0,4.0,2.0,3.0,5.0,4.0,2.0,2.0,5.0,3.0,3.0,2.0,3.0,4.0,2.0,3.0,3.0,3.0,1.0,3.0,4.0,4.0,3.0,3.0,3.0,3.0,3.0,1.0,3.0,3.0,4.0,3.0,3.0,4.0,3.0,3.0,3.0,3.0,4.0,3.0,1.0,3.0,4.0,2.0,3.0,2.0,2.0,3.0,1.0,0.0,1.0,1.0,1.0,0.0,1.0,1.0,0.0,1.0,5.0,2.0,3.0,4.0,3.0,2.0,5.0,4.0,3.0,3.0,4.0,2.0,2.0,1.0,3.0,3.0,3.0,4.0,4.0,2.0,2.0,2.0,3.0,2.0,1.0,3.0,3.0,3.0,3.0,3.0,4.0,1.0,2.0,3.0,2.0,1.0,4.0,1.0,2.0,3.0,3.0,16.0,18.0,30.0,32.0,13.0,32.0,26.0,7.0,48.0,30 - 44,33 - 40,some additional training,1.50514997831991,1.32887837549717,5.00878587512816e-05,3.32061380089244
177,FEMALES,24,SINGLE,NO,COMPLETED HIGHSCHOOL,SPOUSE OR PARTNER,NO,0.0,2.0,3.0,3.0,2.0,2.0,3.0,1.0,4.0,1.0,1.0,4.0,1.0,2.0,3.0,2.0,1.0,2.0,2.0,4.0,4.0,4.0,4.0,1.0,1.0,2.0,2.0,2.0,4.0,1.0,2.0,2.0,2.0,1.0,4.0,4.0,4.0,3.0,3.0,4.0,4.0,4.0,4.0,3.0,4.0,3.0,3.0,3.0,3.0,3.0,3.0,1.0,3.0,1.0,3.0,3.0,3.0,3.0,2.0,1.0,1.0,1.0,1.0,0.0,1.0,0.0,1.0,0.0,0.0,2.0,3.0,3.0,3.0,4.0,3.0,2.0,3.0,3.0,3.0,2.0,3.0,3.0,3.0,3.0,3.0,3.0,3.0,3.0,4.0,3.0,4.0,4.0,4.0,4.0,3.0,2.0,3.0,3.0,3.0,4.0,4.0,2.0,2.0,3.0,4.0,3.0,4.0,4.0,3.0,3.0,17.0,27.0,29.0,17.0,18.0,33.0,30.0,6.0,58.0,18 - 29,18 - 24,completed high school,1.23044892137827,2.86565923232649,0.0139474991236553,3.27410722330841
27,FEMALES,38,MARRIED FIRST TIME,YES,COMPLETED UNDERGRADUATE,,NO,0.0,3.0,1.0,5.0,1.0,5.0,1.0,3.0,4.0,3.0,2.0,3.0,2.0,1.0,5.0,5.0,1.0,4.0,1.0,4.0,4.0,1.0,4.0,1.0,4.0,1.0,1.0,1.0,2.0,1.0,2.0,4.0,1.0,1.0,6.0,6.0,6.0,6.0,6.0,5.0,4.0,5.0,5.0,5.0,5.0,4.0,5.0,5.0,4.0,4.0,4.0,1.0,4.0,1.0,4.0,1.0,4.0,1.0,1.0,1.0,1.0,0.0,0.0,0.0,0.0,0.0,0.0,0.0,0.0,2.0,3.0,3.0,3.0,5.0,5.0,3.0,2.0,2.0,2.0,2.0,2.0,3.0,3.0,3.0,5.0,3.0,3.0,5.0,5.0,5.0,2.0,2.0,3.0,3.0,4.0,1.0,1.0,2.0,1.0,4.0,4.0,4.0,4.0,4.0,4.0,3.0,3.0,4.0,3.0,1.0,28.0,21.0,31.0,17.0,30.0,33.0,40.0,2.0,54.0,30 - 44,33 - 40,completed undergrad uni,1.23044892137827,0.318098592141144,0.0012201003771869,3.25533421034953
176,FEMALES,53,DIVORCED,NO,POSTGRADUATE COMPLETED,WORK,NO,0.0,4.0,1.0,4.0,2.0,5.0,2.0,3.0,2.0,3.0,3.0,3.0,1.0,4.0,3.0,4.0,1.0,3.0,2.0,3.0,2.0,4.0,3.0,2.0,2.0,2.0,3.0,1.0,2.0,5.0,2.0,3.0,1.0,1.0,2.0,2.0,3.0,2.0,2.0,3.0,3.0,4.0,5.0,2.0,4.0,4.0,1.0,5.0,5.0,4.0,4.0,1.0,4.0,1.0,4.0,1.0,3.0,1.0,1.0,1.0,1.0,1.0,0.0,1.0,0.0,1.0,0.0,0.0,0.0,1.0,4.0,4.0,5.0,5.0,5.0,2.0,5.0,5.0,5.0,1.0,5.0,4.0,5.0,1.0,1.0,5.0,5.0,5.0,4.0,4.0,2.0,2.0,2.0,4.0,1.0,1.0,4.0,2.0,5.0,4.0,4.0,4.0,4.0,4.0,5.0,2.0,4.0,5.0,5.0,5.0,26.0,16.0,26.0,23.0,11.0,36.0,39.0,5.0,84.0,45+,50+,completed postgrad uni,1.36172783601759,12.1555241561245,0.0574122878943884,3.25426909365833
351,FEMALES,31,MARRIED FIRST TIME,YES,SOME ADDITIONAL TRAINING,MONEY/FINANCES,NO,0.0,3.0,3.0,3.0,3.0,2.0,5.0,3.0,3.0,3.0,3.0,3.0,2.0,4.0,5.0,3.0,2.0,5.0,1.0,4.0,4.0,2.0,4.0,1.0,2.0,5.0,5.0,1.0,5.0,1.0,5.0,4.0,2.0,1.0,4.0,4.0,4.0,4.0,4.0,3.0,2.0,3.0,4.0,4.0,2.0,4.0,4.0,1.0,1.0,4.0,4.0,1.0,4.0,1.0,4.0,1.0,3.0,3.0,1.0,1.0,1.0,1.0,1.0,1.0,0.0,1.0,1.0,0.0,0.0,3.0,4.0,3.0,3.0,3.0,2.0,5.0,2.0,3.0,3.0,4.0,3.0,2.0,3.0,3.0,2.0,2.0,3.0,3.0,3.0,1.0,2.0,2.0,2.0,3.0,1.0,2.0,2.0,2.0,2.0,4.0,4.0,4.0,2.0,4.0,3.0,2.0,1.0,2.0,3.0,4.0,15.0,16.0,46.0,16.0,20.0,20.0,37.0,7.0,47.0,30 - 44,25 - 32,some additional training,1.20411998265592,2.30727084689441,0.0233304427305361,3.24680179151532
143,MALES,21,SINGLE,,COMPLETED UNDERGRADUATE,WORK,NO,,2.0,1.0,4.0,1.0,5.0,1.0,2.0,4.0,1.0,1.0,4.0,3.0,2.0,5.0,4.0,1.0,2.0,5.0,4.0,3.0,3.0,1.0,1.0,4.0,4.0,4.0,1.0,3.0,1.0,3.0,4.0,1.0,1.0,4.0,4.0,5.0,7.0,6.0,1.0,1.0,3.0,5.0,3.0,2.0,3.0,4.0,2.0,3.0,4.0,4.0,1.0,4.0,1.0,4.0,1.0,4.0,1.0,1.0,1.0,1.0,1.0,0.0,0.0,0.0,0.0,0.0,0.0,0.0,4.0,2.0,3.0,4.0,5.0,3.0,4.0,2.0,4.0,3.0,2.0,3.0,4.0,3.0,2.0,2.0,3.0,3.0,5.0,5.0,5.0,3.0,4.0,4.0,2.0,3.0,1.0,3.0,3.0,2.0,4.0,4.0,4.0,4.0,4.0,2.0,4.0,2.0,4.0,4.0,4.0,26.0,24.0,33.0,22.0,26.0,21.0,40.0,3.0,60.0,18 - 29,18 - 24,completed undergrad uni,1.34242268082221,0.481107252966685,0.0012600910068689,3.21599609281013
317,FEMALES,53,MARRIED FIRST TIME,YES,SOME ADDITIONAL TRAINING,FAMILY,NO,0.0,4.0,3.0,5.0,3.0,4.0,2.0,2.0,3.0,2.0,2.0,3.0,2.0,4.0,5.0,3.0,1.0,5.0,1.0,4.0,5.0,2.0,3.0,1.0,2.0,5.0,4.0,2.0,4.0,2.0,4.0,4.0,3.0,1.0,5.0,5.0,5.0,5.0,4.0,3.0,4.0,4.0,4.0,3.0,3.0,3.0,4.0,3.0,2.0,3.0,3.0,2.0,3.0,1.0,3.0,1.0,2.0,3.0,1.0,1.0,1.0,1.0,0.0,1.0,0.0,1.0,1.0,1.0,0.0,4.0,2.0,5.0,4.0,4.0,4.0,3.0,4.0,5.0,4.0,4.0,4.0,3.0,4.0,3.0,2.0,4.0,4.0,3.0,3.0,4.0,3.0,3.0,3.0,3.0,1.0,2.0,3.0,3.0,2.0,3.0,4.0,4.0,2.0,4.0,2.0,4.0,3.0,2.0,3.0,4.0,23.0,19.0,43.0,18.0,24.0,29.0,31.0,7.0,67.0,45+,50+,some additional training,1.25527250510331,1.58204293728249,0.0003100937916021,3.21344246098154
178,FEMALES,42,MARRIED FIRST TIME,YES,COMPLETED HIGHSCHOOL,LIFE IN GENERAL,NO,0.0,3.0,1.0,3.0,3.0,3.0,2.0,2.0,3.0,1.0,2.0,4.0,3.0,1.0,4.0,3.0,4.0,2.0,4.0,2.0,2.0,3.0,2.0,2.0,2.0,2.0,3.0,3.0,2.0,4.0,2.0,2.0,2.0,2.0,2.0,2.0,2.0,5.0,2.0,3.0,4.0,5.0,3.0,3.0,4.0,3.0,3.0,3.0,4.0,3.0,4.0,2.0,2.0,3.0,2.0,4.0,1.0,4.0,4.0,1.0,1.0,0.0,0.0,0.0,0.0,0.0,1.0,0.0,0.0,4.0,3.0,2.0,2.0,2.0,3.0,4.0,2.0,2.0,2.0,4.0,3.0,2.0,3.0,4.0,3.0,2.0,3.0,5.0,3.0,4.0,3.0,4.0,3.0,2.0,4.0,3.0,3.0,3.0,3.0,3.0,2.0,1.0,1.0,1.0,2.0,3.0,2.0,2.0,2.0,3.0,21.0,23.0,23.0,29.0,13.0,35.0,20.0,3.0,42.0,30 - 44,41 - 49,completed high school,1.46239799789896,4.1376384394492,0.007542407242834,3.18017066985686
421,FEMALES,68,MARRIED FIRST TIME,NO,COMPLETED HIGHSCHOOL,HEALTH/ILLNESS,NO,,3.0,1.0,4.0,1.0,4.0,1.0,1.0,2.0,3.0,3.0,3.0,2.0,3.0,3.0,5.0,2.0,5.0,1.0,4.0,3.0,5.0,5.0,4.0,3.0,3.0,3.0,2.0,4.0,4.0,3.0,4.0,2.0,2.0,5.0,5.0,3.0,4.0,6.0,3.0,4.0,3.0,4.0,3.0,3.0,3.0,4.0,5.0,3.0,4.0,4.0,1.0,4.0,1.0,3.0,1.0,4.0,2.0,1.0,1.0,1.0,1.0,0.0,1.0,0.0,1.0,0.0,0.0,0.0,4.0,4.0,4.0,3.0,4.0,4.0,1.0,4.0,3.0,4.0,2.0,3.0,3.0,3.0,3.0,3.0,3.0,3.0,5.0,5.0,5.0,4.0,2.0,2.0,3.0,2.0,2.0,3.0,3.0,2.0,4.0,4.0,4.0,3.0,4.0,2.0,2.0,5.0,4.0,3.0,3.0,26.0,18.0,37.0,30.0,23.0,31.0,38.0,5.0,60.0,45+,50+,completed high school,1.47712125471966,1.16631993112839,0.0003074130679695,3.12291103102721
701,MALES,47,MARRIED FIRST TIME,YES,SOME ADDITIONAL TRAINING,WORK,NO,0.0,3.0,5.0,2.0,3.0,4.0,2.0,3.0,3.0,4.0,2.0,4.0,3.0,3.0,5.0,4.0,1.0,2.0,3.0,4.0,3.0,1.0,2.0,4.0,4.0,3.0,3.0,2.0,4.0,1.0,4.0,3.0,5.0,4.0,5.0,3.0,3.0,2.0,1.0,4.0,4.0,4.0,3.0,4.0,4.0,3.0,3.0,5.0,4.0,4.0,4.0,1.0,3.0,1.0,4.0,1.0,3.0,2.0,1.0,1.0,1.0,0.0,0.0,0.0,0.0,0.0,0.0,1.0,0.0,4.0,4.0,3.0,4.0,4.0,4.0,4.0,3.0,4.0,4.0,2.0,4.0,2.0,2.0,4.0,4.0,2.0,4.0,1.0,3.0,4.0,2.0,1.0,3.0,2.0,2.0,3.0,2.0,3.0,3.0,4.0,4.0,4.0,3.0,4.0,2.0,2.0,2.0,4.0,2.0,2.0,17.0,17.0,33.0,29.0,14.0,36.0,37.0,3.0,54.0,45+,41 - 49,some additional training,1.46239799789896,1.44724256781242,0.0027968814488734,3.11851478912021
504,MALES,48,MARRIED FIRST TIME,YES,SOME ADDITIONAL TRAINING,WORK,NO,0.0,3.0,1.0,4.0,1.0,4.0,3.0,2.0,4.0,1.0,1.0,3.0,1.0,1.0,5.0,2.0,1.0,4.0,1.0,5.0,5.0,2.0,3.0,1.0,1.0,4.0,4.0,1.0,4.0,1.0,5.0,4.0,1.0,1.0,4.0,4.0,4.0,5.0,6.0,3.0,1.0,3.0,4.0,4.0,2.0,3.0,4.0,5.0,2.0,4.0,4.0,1.0,4.0,1.0,4.0,1.0,3.0,2.0,1.0,1.0,1.0,1.0,1.0,0.0,1.0,0.0,1.0,0.0,1.0,1.0,3.0,2.0,4.0,5.0,3.0,4.0,3.0,5.0,4.0,2.0,4.0,4.0,3.0,2.0,2.0,4.0,4.0,5.0,5.0,3.0,3.0,4.0,4.0,4.0,4.0,2.0,2.0,3.0,2.0,4.0,4.0,4.0,3.0,4.0,5.0,3.0,2.0,4.0,4.0,4.0,24.0,26.0,43.0,12.0,23.0,25.0,38.0,7.0,67.0,45+,41 - 49,some additional training,1.07918124604762,1.13961647612768,0.0003856341805068,3.09778777307166
329,MALES,18,STEADY RELATIONSHIP,NO,COMPLETED HIGHSCHOOL,WORK,YES,35.0,2.0,5.0,3.0,4.0,3.0,3.0,3.0,2.0,4.0,2.0,2.0,3.0,2.0,3.0,2.0,1.0,2.0,2.0,3.0,4.0,1.0,2.0,4.0,3.0,3.0,4.0,1.0,1.0,1.0,2.0,3.0,3.0,3.0,3.0,4.0,2.0,3.0,1.0,4.0,4.0,4.0,3.0,2.0,3.0,4.0,3.0,4.0,4.0,3.0,3.0,2.0,3.0,3.0,3.0,2.0,2.0,4.0,3.0,0.0,0.0,1.0,1.0,0.0,0.0,0.0,0.0,1.0,0.0,4.0,4.0,2.0,2.0,2.0,3.0,5.0,1.0,1.0,2.0,3.0,1.0,3.0,2.0,4.0,4.0,1.0,4.0,1.0,2.0,3.0,2.0,1.0,3.0,2.0,3.0,3.0,4.0,2.0,3.0,3.0,2.0,3.0,1.0,2.0,2.0,2.0,1.0,3.0,2.0,2.0,14.0,15.0,27.0,21.0,13.0,35.0,25.0,3.0,36.0,18 - 29,18 - 24,completed high school,1.32221929473392,4.77336951570191,1.95252344541412e-05,3.0900827199564
128,FEMALES,39,MARRIED FIRST TIME,YES,COMPLETED UNDERGRADUATE,WORK,YES,20.0,2.0,2.0,3.0,2.0,4.0,4.0,3.0,3.0,2.0,2.0,2.0,1.0,2.0,4.0,4.0,2.0,5.0,1.0,4.0,3.0,3.0,3.0,2.0,3.0,2.0,4.0,2.0,2.0,1.0,3.0,4.0,4.0,4.0,3.0,3.0,3.0,3.0,2.0,2.0,2.0,3.0,4.0,3.0,3.0,4.0,4.0,3.0,2.0,3.0,3.0,2.0,3.0,1.0,3.0,3.0,2.0,2.0,2.0,1.0,1.0,1.0,0.0,1.0,0.0,1.0,0.0,0.0,0.0,2.0,2.0,4.0,4.0,4.0,4.0,2.0,4.0,4.0,4.0,2.0,3.0,4.0,4.0,2.0,2.0,4.0,4.0,4.0,4.0,2.0,2.0,3.0,3.0,4.0,3.0,2.0,3.0,2.0,2.0,3.0,4.0,2.0,3.0,3.0,4.0,4.0,4.0,4.0,4.0,4.0,19.0,20.0,34.0,26.0,14.0,24.0,29.0,5.0,71.0,30 - 44,33 - 40,completed undergrad uni,1.41497334797082,1.84816049236779,0.0005004329482829,3.07203655638153
309,MALES,57,REMARRIED,NO,COMPLETED HIGHSCHOOL,MONEY/FINANCES,YES,160.0,3.0,2.0,5.0,1.0,5.0,1.0,1.0,4.0,1.0,1.0,4.0,1.0,1.0,5.0,1.0,1.0,4.0,2.0,4.0,4.0,1.0,4.0,1.0,2.0,5.0,5.0,1.0,4.0,2.0,5.0,5.0,2.0,2.0,3.0,2.0,6.0,5.0,7.0,3.0,1.0,1.0,4.0,4.0,1.0,5.0,4.0,4.0,2.0,4.0,4.0,1.0,3.0,1.0,4.0,1.0,4.0,1.0,1.0,1.0,1.0,1.0,1.0,1.0,0.0,1.0,1.0,1.0,0.0,2.0,1.0,5.0,5.0,4.0,3.0,5.0,4.0,5.0,5.0,4.0,2.0,4.0,5.0,1.0,1.0,4.0,5.0,4.0,5.0,5.0,4.0,4.0,4.0,4.0,4.0,2.0,2.0,1.0,2.0,4.0,4.0,4.0,4.0,4.0,4.0,5.0,1.0,2.0,5.0,5.0,27.0,28.0,45.0,15.0,23.0,19.0,39.0,8.0,73.0,45+,50+,completed high school,1.17609125905568,2.53117062464713,0.0004232464906908,3.06383471148173
406,MALES,34,LIVING WITH PARTNER,NO,SOME ADDITIONAL TRAINING,WORK,YES,210.0,4.0,4.0,3.0,3.0,4.0,2.0,1.0,4.0,1.0,1.0,4.0,3.0,4.0,4.0,3.0,3.0,5.0,1.0,4.0,5.0,2.0,3.0,1.0,5.0,4.0,3.0,3.0,3.0,3.0,4.0,3.0,4.0,4.0,4.0,4.0,6.0,4.0,6.0,4.0,3.0,5.0,3.0,4.0,2.0,4.0,4.0,3.0,3.0,4.0,4.0,1.0,4.0,1.0,4.0,1.0,3.0,2.0,3.0,1.0,0.0,1.0,1.0,0.0,0.0,1.0,0.0,0.0,0.0,4.0,4.0,3.0,2.0,3.0,5.0,4.0,4.0,5.0,5.0,5.0,4.0,5.0,3.0,4.0,4.0,3.0,5.0,2.0,3.0,4.0,4.0,4.0,4.0,2.0,1.0,3.0,2.0,2.0,2.0,4.0,4.0,4.0,3.0,2.0,2.0,2.0,2.0,1.0,2.0,2.0,20.0,23.0,38.0,29.0,24.0,29.0,36.0,4.0,58.0,30 - 44,33 - 40,some additional training,1.46239799789896,0.296350094449108,0.0003735281803627,3.05593562321602
134,FEMALES,41,DIVORCED,YES,SOME ADDITIONAL TRAINING,FAMILY,NO,,3.0,1.0,5.0,1.0,5.0,1.0,1.0,4.0,1.0,1.0,4.0,4.0,3.0,4.0,4.0,2.0,1.0,1.0,4.0,5.0,3.0,5.0,2.0,4.0,4.0,3.0,2.0,5.0,2.0,5.0,4.0,3.0,3.0,2.0,3.0,6.0,4.0,3.0,3.0,3.0,5.0,4.0,4.0,4.0,3.0,3.0,3.0,4.0,4.0,4.0,1.0,4.0,1.0,3.0,4.0,4.0,1.0,1.0,1.0,1.0,1.0,0.0,0.0,0.0,1.0,1.0,0.0,0.0,4.0,4.0,5.0,5.0,5.0,5.0,3.0,3.0,5.0,5.0,2.0,5.0,5.0,5.0,1.0,1.0,5.0,5.0,5.0,5.0,5.0,4.0,4.0,4.0,1.0,2.0,2.0,2.0,3.0,3.0,4.0,4.0,1.0,4.0,4.0,2.0,2.0,3.0,4.0,5.0,5.0,28.0,23.0,40.0,26.0,18.0,32.0,36.0,5.0,79.0,30 - 44,41 - 49,some additional training,1.41497334797082,2.67547815043623,0.0137895688480088,3.01700539716422
70,FEMALES,30,MARRIED FIRST TIME,YES,SOME SECONDARY,MONEY/FINANCES,YES,10.0,1.0,2.0,3.0,3.0,3.0,5.0,3.0,3.0,4.0,4.0,1.0,1.0,2.0,3.0,1.0,1.0,2.0,1.0,3.0,5.0,1.0,3.0,1.0,1.0,2.0,2.0,1.0,3.0,1.0,5.0,4.0,1.0,1.0,2.0,2.0,4.0,2.0,1.0,2.0,3.0,3.0,4.0,3.0,3.0,4.0,2.0,2.0,2.0,4.0,4.0,1.0,3.0,3.0,4.0,1.0,3.0,3.0,1.0,1.0,1.0,0.0,1.0,1.0,0.0,0.0,1.0,0.0,0.0,1.0,2.0,2.0,4.0,4.0,5.0,3.0,4.0,4.0,4.0,4.0,4.0,4.0,4.0,2.0,2.0,4.0,4.0,4.0,3.0,1.0,2.0,1.0,1.0,4.0,3.0,2.0,3.0,2.0,4.0,4.0,2.0,4.0,2.0,4.0,5.0,4.0,3.0,2.0,4.0,4.0,15.0,15.0,32.0,10.0,11.0,26.0,34.0,5.0,69.0,30 - 44,25 - 32,did not complete high school,1.0,6.35338131693422,0.0039747953720027,2.97756734965952
63,FEMALES,19,STEADY RELATIONSHIP,NO,COMPLETED HIGHSCHOOL,WORK,NO,0.0,1.0,3.0,2.0,3.0,3.0,2.0,2.0,4.0,3.0,2.0,4.0,3.0,4.0,3.0,4.0,2.0,1.0,1.0,2.0,1.0,3.0,2.0,3.0,3.0,3.0,3.0,4.0,2.0,3.0,3.0,2.0,2.0,1.0,5.0,3.0,5.0,5.0,5.0,4.0,3.0,4.0,3.0,3.0,3.0,3.0,3.0,4.0,4.0,4.0,3.0,1.0,3.0,2.0,2.0,4.0,3.0,3.0,3.0,0.0,1.0,0.0,1.0,0.0,0.0,0.0,0.0,0.0,0.0,5.0,5.0,2.0,2.0,2.0,2.0,5.0,2.0,3.0,3.0,4.0,3.0,2.0,2.0,4.0,5.0,3.0,3.0,3.0,3.0,4.0,3.0,2.0,3.0,2.0,1.0,3.0,3.0,3.0,3.0,4.0,3.0,1.0,2.0,2.0,1.0,1.0,1.0,2.0,2.0,1.0,16.0,19.0,22.0,26.0,23.0,34.0,27.0,2.0,37.0,18 - 29,18 - 24,completed high school,1.41497334797082,4.03528641566995,0.0004334956629329,2.9573500723852
372,MALES,26,LIVING WITH PARTNER,NO,SOME ADDITIONAL TRAINING,RELATIONSHIPS,NO,0.0,2.0,3.0,3.0,3.0,3.0,3.0,2.0,3.0,3.0,2.0,3.0,3.0,2.0,3.0,2.0,1.0,1.0,1.0,3.0,3.0,1.0,3.0,1.0,3.0,3.0,4.0,1.0,3.0,1.0,3.0,3.0,1.0,1.0,4.0,4.0,3.0,3.0,3.0,3.0,3.0,4.0,3.0,4.0,3.0,3.0,3.0,3.0,2.0,3.0,4.0,1.0,4.0,3.0,3.0,1.0,3.0,1.0,1.0,1.0,1.0,1.0,1.0,0.0,0.0,0.0,0.0,0.0,0.0,3.0,4.0,3.0,3.0,3.0,2.0,2.0,2.0,3.0,3.0,3.0,2.0,2.0,2.0,4.0,4.0,2.0,3.0,3.0,3.0,3.0,3.0,2.0,3.0,2.0,3.0,3.0,2.0,3.0,3.0,4.0,2.0,4.0,4.0,4.0,3.0,2.0,4.0,3.0,2.0,2.0,17.0,19.0,29.0,13.0,17.0,29.0,35.0,4.0,46.0,18 - 29,25 - 32,some additional training,1.11394335230684,1.49424928893215,0.0004424584643668,2.94153528590939
181,MALES,46,MARRIED FIRST TIME,YES,COMPLETED UNDERGRADUATE,WORK,NO,0.0,4.0,1.0,5.0,1.0,5.0,1.0,1.0,4.0,1.0,1.0,4.0,1.0,1.0,4.0,1.0,1.0,1.0,1.0,4.0,5.0,1.0,4.0,1.0,1.0,5.0,5.0,1.0,4.0,1.0,5.0,4.0,1.0,1.0,6.0,6.0,6.0,7.0,6.0,2.0,2.0,1.0,5.0,4.0,2.0,4.0,5.0,2.0,2.0,4.0,4.0,1.0,4.0,2.0,4.0,1.0,4.0,1.0,1.0,1.0,1.0,1.0,1.0,1.0,1.0,1.0,1.0,0.0,0.0,4.0,3.0,5.0,5.0,5.0,5.0,3.0,4.0,4.0,4.0,1.0,5.0,3.0,4.0,2.0,2.0,5.0,5.0,5.0,5.0,5.0,4.0,4.0,4.0,4.0,4.0,1.0,2.0,2.0,1.0,4.0,3.0,4.0,4.0,4.0,2.0,3.0,3.0,5.0,4.0,4.0,29.0,28.0,41.0,10.0,31.0,17.0,39.0,8.0,75.0,45+,41 - 49,completed undergrad uni,1.0,2.6676092173306,0.0017508301075726,2.93850593802675
158,FEMALES,58,MARRIED FIRST TIME,NO,COMPLETED UNDERGRADUATE,LIFE IN GENERAL,NO,0.0,4.0,1.0,4.0,2.0,5.0,1.0,2.0,3.0,1.0,1.0,4.0,1.0,1.0,4.0,2.0,1.0,3.0,1.0,2.0,4.0,2.0,3.0,1.0,2.0,2.0,4.0,1.0,3.0,2.0,4.0,3.0,2.0,1.0,4.0,6.0,4.0,6.0,4.0,3.0,3.0,4.0,4.0,3.0,4.0,3.0,4.0,4.0,3.0,3.0,3.0,1.0,4.0,1.0,3.0,2.0,4.0,2.0,1.0,0.0,1.0,1.0,0.0,1.0,0.0,1.0,1.0,0.0,1.0,3.0,3.0,3.0,3.0,3.0,2.0,4.0,3.0,4.0,3.0,2.0,2.0,4.0,2.0,3.0,3.0,3.0,3.0,5.0,4.0,5.0,3.0,4.0,4.0,4.0,4.0,2.0,3.0,3.0,2.0,4.0,4.0,3.0,3.0,4.0,3.0,3.0,2.0,4.0,3.0,3.0,27.0,26.0,32.0,15.0,24.0,31.0,35.0,6.0,53.0,45+,50+,completed undergrad uni,1.17609125905568,3.08765967296636,0.0055753700905472,2.84476862794427
192,FEMALES,44,WIDOWED,YES,SOME ADDITIONAL TRAINING,WORK,NO,0.0,4.0,1.0,5.0,1.0,5.0,1.0,2.0,3.0,4.0,1.0,3.0,1.0,1.0,3.0,1.0,1.0,2.0,1.0,3.0,3.0,1.0,2.0,1.0,1.0,4.0,3.0,1.0,3.0,1.0,4.0,4.0,1.0,1.0,7.0,6.0,6.0,5.0,5.0,2.0,2.0,3.0,4.0,5.0,3.0,4.0,4.0,2.0,1.0,4.0,4.0,1.0,3.0,1.0,4.0,2.0,4.0,1.0,2.0,1.0,1.0,1.0,0.0,1.0,0.0,1.0,1.0,0.0,1.0,1.0,2.0,5.0,5.0,5.0,4.0,1.0,4.0,4.0,4.0,2.0,3.0,3.0,2.0,2.0,1.0,2.0,5.0,5.0,5.0,5.0,3.0,1.0,4.0,4.0,4.0,2.0,1.0,2.0,2.0,4.0,4.0,3.0,4.0,3.0,5.0,4.0,5.0,4.0,4.0,5.0,29.0,22.0,31.0,10.0,29.0,20.0,37.0,7.0,73.0,30 - 44,41 - 49,some additional training,1.0,1.37953171885324,0.0020065324964391,2.84383484048539
227,FEMALES,30,MARRIED FIRST TIME,NO,COMPLETED HIGHSCHOOL,MONEY/FINANCES,NO,0.0,2.0,3.0,5.0,2.0,4.0,3.0,3.0,3.0,2.0,2.0,3.0,3.0,2.0,3.0,4.0,4.0,5.0,1.0,3.0,2.0,5.0,2.0,3.0,4.0,2.0,2.0,3.0,5.0,1.0,2.0,3.0,3.0,2.0,4.0,5.0,5.0,6.0,5.0,5.0,4.0,4.0,3.0,2.0,3.0,3.0,3.0,4.0,3.0,4.0,4.0,2.0,3.0,2.0,3.0,3.0,2.0,4.0,3.0,0.0,1.0,1.0,0.0,0.0,0.0,0.0,0.0,0.0,0.0,3.0,4.0,3.0,3.0,3.0,3.0,3.0,3.0,3.0,3.0,4.0,3.0,2.0,3.0,3.0,3.0,3.0,4.0,3.0,4.0,3.0,2.0,3.0,3.0,2.0,3.0,3.0,4.0,3.0,3.0,3.0,3.0,2.0,1.0,2.0,3.0,2.0,3.0,2.0,3.0,3.0,21.0,19.0,29.0,30.0,25.0,36.0,27.0,2.0,52.0,30 - 44,25 - 32,completed high school,1.47712125471966,0.659778863117218,0.002609312051741,2.84206930178832
312,MALES,21,STEADY RELATIONSHIP,NO,COMPLETED HIGHSCHOOL,WORK,YES,3.0,3.0,2.0,4.0,2.0,5.0,1.0,2.0,4.0,2.0,2.0,4.0,2.0,3.0,4.0,2.0,2.0,4.0,2.0,4.0,5.0,2.0,4.0,3.0,3.0,4.0,3.0,2.0,4.0,3.0,4.0,3.0,4.0,4.0,4.0,7.0,5.0,6.0,5.0,4.0,4.0,4.0,3.0,4.0,3.0,4.0,3.0,4.0,3.0,4.0,4.0,1.0,4.0,1.0,4.0,2.0,4.0,2.0,1.0,0.0,0.0,1.0,0.0,0.0,0.0,0.0,0.0,0.0,0.0,3.0,1.0,3.0,4.0,3.0,5.0,3.0,2.0,2.0,3.0,4.0,4.0,2.0,4.0,2.0,1.0,4.0,4.0,4.0,4.0,5.0,3.0,3.0,3.0,3.0,2.0,3.0,2.0,2.0,3.0,4.0,4.0,3.0,3.0,4.0,3.0,5.0,3.0,2.0,4.0,5.0,25.0,22.0,39.0,27.0,27.0,32.0,38.0,1.0,62.0,18 - 29,18 - 24,completed high school,1.43136376415899,0.0131509219460255,0.0013978663967154,2.80331884856816
36,FEMALES,22,SINGLE,NO,COMPLETED HIGHSCHOOL,WORK,YES,1.0,5.0,2.0,4.0,2.0,3.0,3.0,2.0,3.0,3.0,1.0,2.0,3.0,4.0,3.0,4.0,2.0,4.0,4.0,3.0,4.0,3.0,4.0,4.0,4.0,2.0,3.0,2.0,3.0,4.0,3.0,3.0,2.0,2.0,4.0,6.0,5.0,5.0,3.0,3.0,4.0,3.0,3.0,3.0,3.0,3.0,3.0,4.0,3.0,3.0,3.0,2.0,2.0,2.0,2.0,4.0,2.0,3.0,3.0,0.0,1.0,1.0,0.0,0.0,0.0,1.0,1.0,0.0,0.0,2.0,4.0,4.0,3.0,3.0,3.0,4.0,3.0,3.0,3.0,3.0,2.0,3.0,2.0,3.0,2.0,3.0,4.0,4.0,4.0,3.0,3.0,2.0,4.0,2.0,1.0,3.0,3.0,3.0,3.0,3.0,3.0,1.0,2.0,2.0,4.0,2.0,2.0,3.0,3.0,4.0,23.0,17.0,32.0,31.0,23.0,32.0,23.0,4.0,54.0,18 - 29,18 - 24,completed high school,1.49136169383427,1.44724256781242,0.0001360135502713,2.77261115732949
126,FEMALES,35,MARRIED FIRST TIME,YES,POSTGRADUATE COMPLETED,WORK,YES,50.0,3.0,1.0,4.0,2.0,4.0,1.0,3.0,2.0,3.0,2.0,3.0,2.0,3.0,5.0,3.0,2.0,4.0,1.0,5.0,4.0,3.0,4.0,3.0,3.0,4.0,3.0,1.0,4.0,2.0,5.0,3.0,3.0,2.0,4.0,4.0,6.0,6.0,4.0,3.0,3.0,5.0,4.0,4.0,4.0,4.0,3.0,4.0,3.0,4.0,4.0,1.0,3.0,1.0,4.0,1.0,4.0,3.0,3.0,1.0,1.0,1.0,0.0,0.0,0.0,0.0,0.0,0.0,0.0,3.0,2.0,2.0,4.0,3.0,2.0,3.0,3.0,3.0,4.0,2.0,2.0,2.0,2.0,4.0,4.0,2.0,2.0,5.0,4.0,5.0,2.0,2.0,3.0,3.0,2.0,2.0,2.0,2.0,3.0,4.0,4.0,4.0,2.0,2.0,3.0,4.0,3.0,4.0,2.0,2.0,25.0,17.0,41.0,23.0,24.0,31.0,35.0,3.0,49.0,30 - 44,33 - 40,completed postgrad uni,1.36172783601759,1.60361118772695,6.28657691407975e-05,2.75824280290451
326,MALES,46,SEPARATED,NO,SOME ADDITIONAL TRAINING,RELATIONSHIPS,NO,0.0,5.0,1.0,4.0,1.0,4.0,1.0,2.0,4.0,2.0,2.0,3.0,2.0,2.0,4.0,2.0,1.0,1.0,1.0,3.0,4.0,1.0,3.0,2.0,2.0,3.0,3.0,1.0,3.0,2.0,3.0,4.0,1.0,1.0,4.0,6.0,6.0,6.0,4.0,3.0,3.0,3.0,3.0,3.0,3.0,3.0,3.0,3.0,3.0,4.0,4.0,1.0,4.0,1.0,4.0,1.0,4.0,3.0,3.0,1.0,1.0,1.0,1.0,0.0,1.0,0.0,1.0,0.0,0.0,2.0,2.0,5.0,4.0,3.0,3.0,2.0,4.0,3.0,3.0,1.0,4.0,3.0,2.0,3.0,1.0,5.0,5.0,5.0,5.0,5.0,3.0,3.0,3.0,3.0,3.0,3.0,3.0,3.0,3.0,4.0,4.0,4.0,2.0,2.0,4.0,4.0,4.0,5.0,3.0,5.0,28.0,22.0,31.0,14.0,26.0,30.0,36.0,6.0,69.0,45+,41 - 49,some additional training,1.14612803567824,0.615249073305335,0.0016685091728142,2.73734238502141
163,FEMALES,22,SINGLE,NO,COMPLETED UNDERGRADUATE,WORK,YES,5.0,5.0,1.0,4.0,1.0,5.0,1.0,4.0,4.0,1.0,1.0,4.0,1.0,1.0,5.0,2.0,1.0,4.0,1.0,5.0,4.0,1.0,4.0,2.0,2.0,4.0,3.0,1.0,5.0,1.0,5.0,4.0,1.0,1.0,6.0,6.0,6.0,5.0,6.0,2.0,3.0,2.0,4.0,4.0,1.0,4.0,5.0,2.0,1.0,4.0,4.0,1.0,4.0,1.0,4.0,1.0,4.0,2.0,1.0,1.0,1.0,1.0,0.0,0.0,0.0,0.0,1.0,0.0,1.0,3.0,2.0,4.0,4.0,4.0,2.0,1.0,5.0,5.0,4.0,2.0,4.0,3.0,2.0,1.0,1.0,2.0,4.0,5.0,5.0,5.0,1.0,4.0,4.0,4.0,4.0,2.0,2.0,2.0,1.0,4.0,4.0,4.0,3.0,4.0,3.0,4.0,5.0,4.0,5.0,5.0,29.0,25.0,43.0,13.0,29.0,18.0,39.0,5.0,69.0,18 - 29,18 - 24,completed undergrad uni,1.11394335230684,0.767841047514124,0.0020949591237022,2.73011492482638
452,FEMALES,27,MARRIED FIRST TIME,NO,COMPLETED UNDERGRADUATE,WORK,NO,0.0,3.0,2.0,4.0,2.0,3.0,2.0,1.0,3.0,1.0,1.0,4.0,1.0,1.0,5.0,2.0,1.0,3.0,1.0,5.0,4.0,1.0,3.0,1.0,2.0,5.0,5.0,1.0,4.0,1.0,5.0,5.0,2.0,1.0,5.0,6.0,6.0,6.0,6.0,3.0,2.0,3.0,4.0,3.0,3.0,4.0,4.0,2.0,2.0,4.0,4.0,1.0,3.0,1.0,3.0,3.0,3.0,1.0,1.0,1.0,1.0,1.0,1.0,1.0,0.0,0.0,1.0,1.0,1.0,2.0,3.0,3.0,4.0,4.0,3.0,4.0,1.0,4.0,3.0,1.0,4.0,4.0,3.0,2.0,3.0,3.0,3.0,4.0,4.0,4.0,4.0,4.0,4.0,4.0,4.0,2.0,3.0,2.0,2.0,4.0,4.0,2.0,4.0,4.0,4.0,3.0,2.0,5.0,4.0,3.0,22.0,27.0,44.0,13.0,29.0,24.0,35.0,8.0,60.0,18 - 29,25 - 32,completed undergrad uni,1.11394335230684,2.48911327035917,2.90139239048445e-05,2.72953731074261
81,FEMALES,20,SINGLE,NO,COMPLETED HIGHSCHOOL,HEALTH/ILLNESS,YES,125.0,2.0,4.0,3.0,2.0,3.0,2.0,2.0,4.0,2.0,2.0,3.0,1.0,4.0,2.0,2.0,4.0,2.0,1.0,5.0,3.0,2.0,4.0,4.0,5.0,2.0,4.0,2.0,1.0,1.0,2.0,3.0,4.0,3.0,3.0,5.0,2.0,3.0,3.0,2.0,4.0,5.0,3.0,3.0,2.0,4.0,3.0,3.0,1.0,2.0,4.0,2.0,4.0,3.0,2.0,3.0,1.0,4.0,4.0,1.0,1.0,1.0,1.0,0.0,0.0,0.0,0.0,0.0,0.0,2.0,4.0,2.0,2.0,4.0,3.0,4.0,2.0,4.0,4.0,4.0,4.0,5.0,2.0,4.0,4.0,2.0,5.0,2.0,4.0,4.0,3.0,3.0,3.0,4.0,1.0,3.0,3.0,2.0,3.0,3.0,2.0,2.0,1.0,1.0,4.0,2.0,2.0,2.0,2.0,2.0,18.0,21.0,28.0,28.0,16.0,28.0,22.0,4.0,53.0,18 - 29,18 - 24,completed high school,1.44715803134222,0.43127322615421,1.82082824387744e-05,2.706321808261
455,FEMALES,42,SEPARATED,NO,POSTGRADUATE COMPLETED,MONEY/FINANCES,YES,7.0,5.0,2.0,2.0,2.0,5.0,3.0,3.0,4.0,2.0,4.0,4.0,4.0,4.0,4.0,1.0,1.0,4.0,1.0,5.0,5.0,1.0,4.0,3.0,1.0,3.0,3.0,2.0,2.0,1.0,3.0,5.0,1.0,1.0,1.0,4.0,1.0,7.0,1.0,3.0,3.0,3.0,4.0,3.0,3.0,4.0,3.0,3.0,3.0,4.0,4.0,1.0,4.0,4.0,4.0,4.0,3.0,3.0,4.0,1.0,1.0,1.0,1.0,0.0,0.0,0.0,0.0,0.0,1.0,2.0,3.0,3.0,3.0,3.0,2.0,5.0,1.0,2.0,3.0,1.0,1.0,3.0,1.0,3.0,2.0,3.0,5.0,4.0,4.0,3.0,2.0,3.0,1.0,1.0,1.0,2.0,3.0,2.0,3.0,4.0,1.0,1.0,2.0,1.0,4.0,3.0,1.0,5.0,3.0,4.0,23.0,16.0,38.0,13.0,14.0,28.0,28.0,5.0,50.0,30 - 44,41 - 49,completed postgrad uni,1.11394335230684,2.13161630324438,0.002400447811798,2.70257987719923
78,FEMALES,25,MARRIED FIRST TIME,NO,SOME ADDITIONAL TRAINING,WORK,YES,3.0,3.0,2.0,4.0,2.0,4.0,1.0,2.0,4.0,1.0,1.0,4.0,2.0,3.0,5.0,1.0,1.0,3.0,1.0,4.0,4.0,1.0,4.0,1.0,1.0,4.0,4.0,1.0,4.0,1.0,4.0,4.0,1.0,1.0,6.0,6.0,6.0,6.0,5.0,2.0,3.0,3.0,4.0,4.0,3.0,4.0,4.0,3.0,2.0,4.0,4.0,1.0,4.0,1.0,4.0,1.0,4.0,2.0,2.0,1.0,1.0,1.0,0.0,0.0,0.0,1.0,0.0,0.0,0.0,1.0,2.0,4.0,3.0,4.0,2.0,2.0,2.0,3.0,3.0,4.0,2.0,4.0,3.0,3.0,3.0,3.0,4.0,4.0,4.0,5.0,3.0,4.0,4.0,3.0,2.0,2.0,2.0,2.0,2.0,4.0,4.0,4.0,3.0,3.0,5.0,4.0,4.0,2.0,3.0,3.0,24.0,24.0,40.0,10.0,29.0,24.0,38.0,4.0,58.0,18 - 29,25 - 32,some additional training,1.0,0.677498228199194,0.0002323125121826,2.68435632060875
332,FEMALES,31,MARRIED FIRST TIME,YES,COMPLETED UNDERGRADUATE,CHILDREN,NO,0.0,3.0,1.0,4.0,1.0,5.0,2.0,1.0,4.0,1.0,1.0,4.0,2.0,1.0,4.0,2.0,3.0,5.0,1.0,4.0,3.0,2.0,5.0,1.0,2.0,4.0,4.0,2.0,5.0,1.0,4.0,4.0,2.0,1.0,6.0,6.0,7.0,6.0,7.0,1.0,1.0,3.0,5.0,4.0,3.0,4.0,3.0,1.0,2.0,4.0,4.0,1.0,4.0,1.0,3.0,2.0,4.0,1.0,2.0,1.0,1.0,0.0,0.0,0.0,0.0,0.0,1.0,0.0,0.0,1.0,4.0,4.0,2.0,4.0,4.0,1.0,3.0,3.0,3.0,2.0,4.0,4.0,3.0,2.0,2.0,3.0,5.0,5.0,5.0,4.0,4.0,4.0,4.0,3.0,4.0,1.0,2.0,2.0,3.0,4.0,4.0,3.0,4.0,3.0,5.0,2.0,5.0,4.0,4.0,4.0,26.0,27.0,42.0,17.0,32.0,19.0,37.0,3.0,66.0,30 - 44,25 - 32,completed undergrad uni,1.23044892137827,1.81790435797379,0.0015101493189731,2.68430672076288
506,FEMALES,60,DIVORCED,NO,SOME ADDITIONAL TRAINING,WORK,YES,150.0,3.0,2.0,3.0,4.0,4.0,2.0,3.0,3.0,1.0,3.0,4.0,2.0,4.0,4.0,2.0,1.0,2.0,1.0,3.0,3.0,2.0,3.0,1.0,1.0,1.0,4.0,1.0,3.0,1.0,3.0,3.0,1.0,1.0,3.0,1.0,2.0,3.0,2.0,2.0,2.0,2.0,4.0,3.0,1.0,3.0,4.0,2.0,2.0,3.0,4.0,1.0,4.0,2.0,3.0,4.0,2.0,2.0,1.0,1.0,1.0,0.0,0.0,1.0,0.0,1.0,1.0,0.0,0.0,2.0,2.0,5.0,4.0,3.0,4.0,3.0,4.0,5.0,5.0,1.0,3.0,4.0,3.0,2.0,1.0,4.0,3.0,4.0,2.0,4.0,2.0,4.0,2.0,3.0,1.0,2.0,3.0,3.0,2.0,4.0,3.0,1.0,3.0,4.0,4.0,4.0,3.0,5.0,4.0,5.0,20.0,19.0,29.0,12.0,11.0,21.0,31.0,5.0,72.0,45+,50+,some additional training,1.07918124604762,2.84452465683046,0.00500855762213,2.67745919844464
39,FEMALES,24,SINGLE,NO,COMPLETED HIGHSCHOOL,WORK,NO,0.0,4.0,2.0,4.0,2.0,4.0,4.0,2.0,3.0,2.0,2.0,2.0,3.0,3.0,3.0,3.0,1.0,3.0,1.0,4.0,4.0,2.0,3.0,1.0,1.0,3.0,3.0,1.0,3.0,1.0,3.0,3.0,1.0,1.0,4.0,4.0,3.0,3.0,4.0,3.0,3.0,2.0,3.0,3.0,3.0,3.0,2.0,3.0,2.0,4.0,3.0,3.0,3.0,3.0,3.0,2.0,3.0,2.0,2.0,1.0,1.0,1.0,0.0,0.0,0.0,0.0,1.0,0.0,1.0,3.0,3.0,4.0,3.0,2.0,2.0,3.0,4.0,4.0,4.0,2.0,1.0,2.0,1.0,3.0,3.0,1.0,1.0,4.0,4.0,2.0,3.0,3.0,3.0,2.0,2.0,3.0,3.0,3.0,4.0,2.0,2.0,3.0,3.0,3.0,3.0,3.0,3.0,4.0,3.0,3.0,22.0,18.0,32.0,13.0,18.0,29.0,29.0,5.0,48.0,18 - 29,18 - 24,completed high school,1.11394335230684,1.32887837549717,0.0005324046489154,2.67267196447754
156,FEMALES,36,MARRIED FIRST TIME,YES,SOME ADDITIONAL TRAINING,CHILDREN,NO,0.0,2.0,2.0,3.0,2.0,5.0,2.0,3.0,3.0,2.0,2.0,3.0,3.0,2.0,3.0,4.0,2.0,2.0,2.0,3.0,4.0,4.0,3.0,4.0,4.0,3.0,3.0,2.0,3.0,3.0,3.0,3.0,3.0,3.0,4.0,4.0,5.0,5.0,5.0,3.0,3.0,4.0,3.0,3.0,4.0,3.0,3.0,4.0,3.0,3.0,3.0,1.0,3.0,1.0,3.0,3.0,3.0,2.0,1.0,0.0,1.0,1.0,0.0,0.0,0.0,1.0,0.0,1.0,0.0,4.0,4.0,3.0,2.0,3.0,2.0,5.0,1.0,2.0,2.0,4.0,2.0,3.0,2.0,5.0,5.0,2.0,2.0,4.0,4.0,4.0,2.0,3.0,3.0,2.0,3.0,3.0,3.0,3.0,3.0,4.0,4.0,2.0,3.0,4.0,2.0,2.0,1.0,2.0,1.0,1.0,22.0,19.0,30.0,31.0,23.0,33.0,32.0,4.0,35.0,30 - 44,33 - 40,some additional training,1.49136169383427,4.81007461225123,6.04799021333583e-07,2.6677390192243
206,MALES,36,SINGLE,NO,POSTGRADUATE COMPLETED,LIFE IN GENERAL,NO,,4.0,3.0,3.0,2.0,5.0,1.0,2.0,4.0,1.0,1.0,4.0,1.0,2.0,3.0,2.0,1.0,3.0,1.0,3.0,2.0,2.0,3.0,3.0,2.0,2.0,2.0,2.0,2.0,1.0,3.0,2.0,1.0,2.0,4.0,4.0,4.0,4.0,4.0,3.0,2.0,2.0,4.0,4.0,2.0,3.0,3.0,3.0,2.0,4.0,4.0,1.0,4.0,1.0,4.0,1.0,4.0,1.0,1.0,1.0,1.0,0.0,1.0,1.0,0.0,1.0,1.0,1.0,0.0,2.0,1.0,5.0,5.0,3.0,3.0,2.0,3.0,5.0,5.0,2.0,4.0,3.0,3.0,3.0,3.0,3.0,3.0,3.0,4.0,5.0,3.0,4.0,4.0,4.0,3.0,2.0,2.0,3.0,3.0,4.0,4.0,4.0,4.0,4.0,4.0,5.0,4.0,4.0,3.0,3.0,24.0,26.0,25.0,17.0,20.0,24.0,40.0,7.0,68.0,30 - 44,33 - 40,completed postgrad uni,1.23044892137827,1.14372958772028,0.0001371159045183,2.66589641722619
428,FEMALES,24,STEADY RELATIONSHIP,NO,COMPLETED HIGHSCHOOL,MONEY/FINANCES,YES,25.0,1.0,2.0,3.0,4.0,4.0,3.0,2.0,3.0,2.0,2.0,3.0,1.0,2.0,4.0,3.0,2.0,2.0,1.0,3.0,2.0,2.0,3.0,2.0,2.0,3.0,3.0,2.0,3.0,1.0,2.0,3.0,4.0,4.0,4.0,4.0,5.0,5.0,5.0,3.0,3.0,3.0,4.0,4.0,2.0,4.0,4.0,3.0,2.0,4.0,4.0,1.0,3.0,1.0,4.0,1.0,4.0,2.0,1.0,1.0,1.0,0.0,0.0,0.0,0.0,0.0,1.0,0.0,1.0,3.0,3.0,4.0,4.0,4.0,4.0,4.0,2.0,4.0,4.0,3.0,3.0,4.0,2.0,3.0,3.0,3.0,3.0,4.0,2.0,3.0,3.0,3.0,3.0,4.0,3.0,2.0,2.0,2.0,2.0,4.0,4.0,4.0,3.0,4.0,3.0,3.0,2.0,3.0,3.0,3.0,17.0,22.0,28.0,23.0,23.0,24.0,38.0,4.0,58.0,18 - 29,18 - 24,completed high school,1.36172783601759,0.0893213945118627,0.0004337147496158,2.66175751592801
466,MALES,47,REMARRIED,YES,POSTGRADUATE COMPLETED,WORK,NO,0.0,4.0,2.0,4.0,2.0,4.0,3.0,1.0,4.0,1.0,1.0,4.0,1.0,1.0,4.0,1.0,1.0,2.0,1.0,3.0,4.0,1.0,3.0,1.0,3.0,3.0,3.0,1.0,3.0,1.0,3.0,4.0,1.0,1.0,5.0,5.0,5.0,6.0,3.0,1.0,2.0,2.0,5.0,4.0,2.0,4.0,4.0,3.0,2.0,4.0,4.0,1.0,4.0,1.0,3.0,3.0,3.0,3.0,1.0,0.0,1.0,1.0,0.0,1.0,1.0,0.0,0.0,0.0,0.0,1.0,2.0,4.0,4.0,4.0,4.0,2.0,4.0,4.0,4.0,2.0,4.0,4.0,4.0,2.0,2.0,4.0,4.0,4.0,4.0,3.0,4.0,4.0,4.0,4.0,4.0,1.0,2.0,2.0,2.0,4.0,4.0,2.0,2.0,4.0,5.0,4.0,4.0,4.0,4.0,4.0,23.0,28.0,32.0,12.0,24.0,19.0,34.0,4.0,73.0,45+,41 - 49,completed postgrad uni,1.07918124604762,2.53117062464713,0.0004232464906908,2.61258802298891
435,FEMALES,34,SINGLE,YES,SOME ADDITIONAL TRAINING,MONEY/FINANCES,YES,,3.0,2.0,4.0,3.0,3.0,3.0,2.0,4.0,2.0,2.0,3.0,2.0,1.0,4.0,3.0,1.0,3.0,1.0,4.0,4.0,1.0,3.0,1.0,3.0,2.0,4.0,1.0,5.0,1.0,4.0,4.0,1.0,1.0,3.0,3.0,4.0,4.0,4.0,3.0,3.0,4.0,3.0,3.0,3.0,4.0,3.0,3.0,2.0,4.0,4.0,1.0,3.0,1.0,3.0,3.0,3.0,1.0,1.0,1.0,1.0,1.0,0.0,1.0,0.0,1.0,1.0,0.0,0.0,2.0,1.0,3.0,3.0,3.0,2.0,4.0,2.0,3.0,4.0,3.0,3.0,3.0,3.0,3.0,3.0,3.0,3.0,4.0,3.0,3.0,3.0,3.0,3.0,3.0,4.0,3.0,3.0,2.0,3.0,4.0,4.0,2.0,4.0,4.0,4.0,5.0,2.0,3.0,3.0,3.0,20.0,23.0,37.0,14.0,18.0,29.0,35.0,6.0,55.0,30 - 44,33 - 40,some additional training,1.14612803567824,0.644118118154399,0.000301051965373,2.60284001275523
259,MALES,54,MARRIED FIRST TIME,YES,SOME ADDITIONAL TRAINING,WORK,NO,0.0,3.0,3.0,4.0,3.0,4.0,3.0,2.0,3.0,2.0,2.0,3.0,2.0,2.0,4.0,2.0,1.0,3.0,1.0,3.0,3.0,1.0,1.0,1.0,1.0,2.0,3.0,1.0,3.0,1.0,3.0,3.0,2.0,1.0,3.0,3.0,4.0,4.0,4.0,3.0,2.0,3.0,3.0,3.0,2.0,3.0,4.0,3.0,2.0,4.0,4.0,1.0,3.0,2.0,4.0,2.0,4.0,1.0,1.0,1.0,1.0,1.0,0.0,1.0,0.0,1.0,1.0,1.0,,4.0,2.0,4.0,4.0,4.0,2.0,2.0,2.0,4.0,4.0,3.0,3.0,4.0,2.0,2.0,2.0,3.0,3.0,3.0,3.0,3.0,3.0,3.0,3.0,3.0,3.0,3.0,3.0,3.0,2.0,4.0,3.0,3.0,4.0,4.0,2.0,4.0,4.0,3.0,4.0,4.0,20.0,21.0,28.0,12.0,18.0,26.0,37.0,,60.0,45+,50+,some additional training,1.07918124604762,0.0401761398897601,7.74164482851318e-05,2.59625199370037
405,MALES,20,SINGLE,YES,COMPLETED HIGHSCHOOL,WORK,NO,,3.0,2.0,4.0,2.0,4.0,2.0,2.0,4.0,1.0,1.0,3.0,1.0,2.0,5.0,1.0,1.0,3.0,1.0,5.0,4.0,1.0,5.0,1.0,2.0,4.0,4.0,1.0,2.0,1.0,4.0,4.0,1.0,1.0,3.0,4.0,3.0,3.0,6.0,3.0,2.0,2.0,4.0,3.0,3.0,4.0,3.0,3.0,2.0,4.0,4.0,2.0,4.0,2.0,3.0,1.0,3.0,1.0,1.0,0.0,1.0,1.0,1.0,1.0,1.0,1.0,1.0,0.0,0.0,2.0,3.0,4.0,4.0,3.0,4.0,2.0,4.0,4.0,3.0,2.0,4.0,4.0,3.0,2.0,2.0,3.0,4.0,4.0,4.0,4.0,3.0,4.0,4.0,4.0,3.0,2.0,3.0,2.0,3.0,3.0,3.0,4.0,4.0,4.0,4.0,3.0,4.0,4.0,4.0,4.0,23.0,25.0,40.0,11.0,19.0,25.0,36.0,7.0,67.0,18 - 29,18 - 24,completed high school,1.04139268515823,0.680461954854131,0.0001452834248752,2.59221648511505
266,MALES,55,MARRIED FIRST TIME,NO,POSTGRADUATE COMPLETED,LIFE IN GENERAL,NO,0.0,4.0,3.0,4.0,3.0,5.0,2.0,2.0,4.0,3.0,4.0,4.0,1.0,1.0,5.0,1.0,1.0,4.0,1.0,4.0,5.0,1.0,4.0,1.0,1.0,4.0,5.0,1.0,2.0,1.0,4.0,4.0,1.0,1.0,5.0,5.0,5.0,5.0,4.0,3.0,2.0,1.0,4.0,4.0,1.0,4.0,5.0,3.0,1.0,2.0,4.0,1.0,4.0,1.0,4.0,1.0,4.0,1.0,1.0,1.0,1.0,1.0,1.0,1.0,1.0,0.0,0.0,0.0,1.0,1.0,1.0,5.0,5.0,5.0,5.0,1.0,3.0,3.0,3.0,1.0,5.0,4.0,5.0,1.0,1.0,5.0,5.0,3.0,3.0,4.0,3.0,2.0,1.0,4.0,4.0,2.0,2.0,2.0,1.0,4.0,4.0,4.0,4.0,4.0,5.0,5.0,5.0,5.0,5.0,5.0,23.0,22.0,41.0,10.0,24.0,18.0,38.0,7.0,83.0,45+,50+,completed postgrad uni,1.0,4.62732283881305,0.0053737340904738,2.57419165133902
454,MALES,30,MARRIED FIRST TIME,YES,SOME ADDITIONAL TRAINING,MONEY/FINANCES,NO,0.0,3.0,3.0,4.0,2.0,4.0,2.0,2.0,4.0,2.0,2.0,2.0,3.0,3.0,3.0,3.0,1.0,3.0,1.0,3.0,5.0,4.0,4.0,3.0,4.0,3.0,3.0,2.0,3.0,1.0,3.0,2.0,3.0,1.0,3.0,2.0,2.0,6.0,4.0,4.0,3.0,4.0,3.0,3.0,3.0,3.0,3.0,5.0,4.0,4.0,4.0,1.0,4.0,4.0,2.0,3.0,2.0,3.0,2.0,1.0,1.0,1.0,1.0,0.0,1.0,0.0,0.0,0.0,0.0,3.0,4.0,3.0,2.0,5.0,4.0,5.0,1.0,2.0,2.0,2.0,3.0,4.0,3.0,4.0,4.0,2.0,2.0,3.0,4.0,4.0,3.0,3.0,3.0,2.0,2.0,3.0,3.0,3.0,3.0,4.0,1.0,2.0,2.0,3.0,3.0,2.0,1.0,4.0,2.0,2.0,22.0,19.0,32.0,23.0,17.0,35.0,28.0,5.0,47.0,30 - 44,25 - 32,some additional training,1.36172783601759,1.30741786655502,0.0017267157261815,2.5685654601836
354,FEMALES,41,LIVING WITH PARTNER,NO,COMPLETED UNDERGRADUATE,,NO,0.0,5.0,3.0,3.0,3.0,3.0,2.0,4.0,4.0,2.0,1.0,4.0,3.0,2.0,2.0,4.0,2.0,1.0,1.0,3.0,3.0,4.0,3.0,3.0,3.0,2.0,3.0,2.0,2.0,1.0,2.0,3.0,4.0,4.0,2.0,3.0,1.0,2.0,2.0,4.0,3.0,5.0,3.0,3.0,3.0,2.0,3.0,4.0,2.0,4.0,4.0,3.0,3.0,1.0,3.0,1.0,1.0,3.0,2.0,0.0,1.0,1.0,0.0,0.0,0.0,1.0,0.0,0.0,0.0,2.0,5.0,1.0,1.0,3.0,2.0,4.0,2.0,2.0,1.0,5.0,3.0,3.0,2.0,3.0,3.0,3.0,3.0,3.0,3.0,4.0,1.0,3.0,4.0,2.0,3.0,3.0,3.0,4.0,3.0,2.0,4.0,4.0,2.0,3.0,4.0,1.0,2.0,1.0,3.0,3.0,21.0,21.0,24.0,28.0,10.0,34.0,30.0,3.0,40.0,30 - 44,41 - 49,completed undergrad uni,1.44715803134222,3.64075332624113,0.0020541067670298,2.56290118724642
193,FEMALES,23,SINGLE,NO,COMPLETED HIGHSCHOOL,WORK,NO,0.0,4.0,1.0,5.0,1.0,5.0,1.0,1.0,4.0,1.0,1.0,3.0,1.0,1.0,4.0,1.0,1.0,2.0,2.0,4.0,3.0,1.0,4.0,1.0,2.0,5.0,4.0,1.0,4.0,3.0,5.0,5.0,2.0,1.0,6.0,7.0,6.0,6.0,7.0,2.0,1.0,2.0,5.0,5.0,4.0,4.0,5.0,3.0,1.0,4.0,4.0,1.0,4.0,1.0,4.0,3.0,4.0,1.0,1.0,0.0,1.0,1.0,0.0,0.0,0.0,0.0,0.0,0.0,1.0,4.0,3.0,5.0,4.0,5.0,5.0,3.0,3.0,5.0,4.0,1.0,4.0,3.0,4.0,1.0,1.0,5.0,4.0,5.0,5.0,5.0,4.0,4.0,4.0,4.0,4.0,1.0,1.0,2.0,1.0,4.0,4.0,2.0,4.0,4.0,2.0,3.0,3.0,5.0,5.0,5.0,29.0,27.0,40.0,15.0,32.0,18.0,38.0,3.0,74.0,18 - 29,18 - 24,completed high school,1.17609125905568,1.99262674633199,0.001257342607084,2.54044036838582
376,MALES,22,SINGLE,NO,SOME ADDITIONAL TRAINING,FAMILY,NO,0.0,3.0,2.0,4.0,2.0,4.0,5.0,2.0,4.0,1.0,1.0,4.0,2.0,2.0,4.0,2.0,1.0,5.0,2.0,4.0,4.0,2.0,4.0,4.0,3.0,4.0,4.0,2.0,5.0,3.0,5.0,4.0,3.0,1.0,2.0,3.0,3.0,1.0,7.0,2.0,3.0,3.0,5.0,4.0,3.0,3.0,3.0,3.0,3.0,4.0,4.0,1.0,4.0,1.0,3.0,1.0,3.0,3.0,2.0,1.0,1.0,1.0,1.0,1.0,1.0,0.0,0.0,0.0,0.0,1.0,3.0,5.0,3.0,5.0,5.0,3.0,4.0,5.0,5.0,1.0,5.0,5.0,5.0,1.0,3.0,4.0,5.0,4.0,4.0,1.0,3.0,4.0,4.0,3.0,3.0,1.0,2.0,3.0,3.0,4.0,4.0,4.0,2.0,3.0,5.0,3.0,3.0,5.0,5.0,3.0,20.0,25.0,43.0,23.0,16.0,26.0,35.0,6.0,80.0,18 - 29,18 - 24,some additional training,1.36172783601759,2.61416237407892,0.0034779173587004,2.53743595204445
700,FEMALES,44,MARRIED FIRST TIME,YES,COMPLETED UNDERGRADUATE,WORK,NO,0.0,4.0,4.0,4.0,3.0,3.0,3.0,4.0,4.0,2.0,2.0,4.0,2.0,2.0,5.0,3.0,2.0,4.0,1.0,5.0,5.0,2.0,5.0,3.0,3.0,3.0,5.0,2.0,3.0,2.0,4.0,5.0,2.0,1.0,5.0,5.0,5.0,5.0,4.0,3.0,4.0,3.0,5.0,4.0,2.0,4.0,4.0,3.0,4.0,4.0,4.0,1.0,1.0,3.0,3.0,3.0,2.0,2.0,2.0,1.0,1.0,1.0,0.0,0.0,0.0,1.0,1.0,1.0,0.0,1.0,1.0,5.0,4.0,4.0,5.0,3.0,3.0,4.0,4.0,2.0,4.0,4.0,3.0,2.0,2.0,4.0,4.0,2.0,3.0,3.0,1.0,3.0,3.0,3.0,3.0,1.0,2.0,2.0,2.0,4.0,2.0,2.0,3.0,3.0,5.0,5.0,3.0,4.0,4.0,4.0,19.0,21.0,44.0,21.0,24.0,26.0,28.0,6.0,73.0,30 - 44,41 - 49,completed undergrad uni,1.32221929473392,1.79700991956587,0.0001134922049225,2.52686635296166
519,FEMALES,21,STEADY RELATIONSHIP,NO,COMPLETED UNDERGRADUATE,WORK,NO,0.0,4.0,2.0,4.0,2.0,4.0,3.0,2.0,4.0,2.0,4.0,3.0,1.0,1.0,4.0,1.0,1.0,5.0,1.0,5.0,4.0,3.0,4.0,3.0,3.0,5.0,4.0,1.0,5.0,2.0,4.0,2.0,3.0,3.0,5.0,5.0,6.0,6.0,5.0,2.0,2.0,4.0,5.0,4.0,2.0,4.0,4.0,3.0,2.0,4.0,4.0,1.0,4.0,2.0,3.0,1.0,3.0,3.0,2.0,0.0,1.0,0.0,0.0,0.0,0.0,0.0,0.0,0.0,1.0,3.0,4.0,4.0,4.0,4.0,3.0,4.0,3.0,3.0,3.0,4.0,4.0,2.0,3.0,2.0,2.0,3.0,4.0,4.0,4.0,3.0,3.0,3.0,1.0,4.0,4.0,1.0,2.0,2.0,2.0,4.0,3.0,4.0,2.0,3.0,3.0,2.0,2.0,2.0,4.0,4.0,23.0,22.0,42.0,21.0,27.0,22.0,34.0,2.0,57.0,18 - 29,18 - 24,completed undergrad uni,1.32221929473392,0.156117030727966,0.0013552684631805,2.50354014803296
131,FEMALES,23,SINGLE,NO,SOME ADDITIONAL TRAINING,WORK,NO,,2.0,3.0,5.0,3.0,3.0,3.0,2.0,4.0,3.0,2.0,4.0,2.0,3.0,3.0,4.0,1.0,3.0,1.0,5.0,5.0,3.0,5.0,2.0,4.0,2.0,2.0,1.0,5.0,1.0,4.0,5.0,1.0,1.0,4.0,6.0,6.0,6.0,5.0,3.0,4.0,3.0,4.0,3.0,3.0,3.0,3.0,4.0,3.0,4.0,4.0,1.0,4.0,1.0,3.0,4.0,3.0,4.0,1.0,0.0,0.0,1.0,1.0,0.0,0.0,0.0,0.0,0.0,0.0,1.0,1.0,1.0,2.0,3.0,4.0,1.0,1.0,5.0,5.0,5.0,5.0,4.0,4.0,4.0,1.0,5.0,4.0,3.0,3.0,3.0,3.0,2.0,3.0,3.0,2.0,2.0,3.0,3.0,3.0,4.0,4.0,1.0,1.0,4.0,5.0,5.0,5.0,1.0,2.0,5.0,19.0,21.0,39.0,19.0,27.0,31.0,32.0,2.0,66.0,18 - 29,18 - 24,some additional training,1.27875360095283,0.449897147913257,0.0014049578630014,2.50307841884269
201,MALES,66,MARRIED FIRST TIME,NO,SOME ADDITIONAL TRAINING,HEALTH/ILLNESS,NO,,1.0,1.0,5.0,1.0,4.0,2.0,1.0,4.0,1.0,1.0,4.0,1.0,2.0,4.0,1.0,1.0,4.0,1.0,5.0,5.0,1.0,5.0,1.0,1.0,3.0,4.0,1.0,3.0,1.0,4.0,5.0,1.0,1.0,7.0,7.0,7.0,7.0,7.0,3.0,1.0,3.0,4.0,4.0,2.0,5.0,5.0,2.0,2.0,4.0,4.0,1.0,4.0,1.0,4.0,1.0,4.0,1.0,1.0,0.0,1.0,1.0,0.0,0.0,0.0,1.0,0.0,0.0,0.0,1.0,2.0,5.0,5.0,4.0,4.0,1.0,5.0,5.0,5.0,1.0,4.0,5.0,4.0,1.0,1.0,4.0,4.0,5.0,5.0,4.0,4.0,4.0,4.0,4.0,3.0,2.0,2.0,1.0,1.0,4.0,4.0,4.0,4.0,4.0,5.0,4.0,5.0,5.0,5.0,5.0,24.0,27.0,42.0,10.0,35.0,19.0,40.0,3.0,83.0,45+,50+,some additional training,1.0,3.65043178631909,5.6903573696736e-05,2.50290285460551
534,MALES,39,MARRIED FIRST TIME,YES,SOME ADDITIONAL TRAINING,MONEY/FINANCES,NO,0.0,1.0,1.0,4.0,2.0,3.0,3.0,1.0,1.0,2.0,1.0,4.0,2.0,2.0,5.0,2.0,1.0,4.0,1.0,4.0,5.0,1.0,4.0,3.0,3.0,5.0,5.0,1.0,4.0,1.0,4.0,5.0,1.0,2.0,5.0,6.0,5.0,6.0,2.0,3.0,2.0,3.0,4.0,3.0,1.0,4.0,4.0,3.0,2.0,4.0,4.0,1.0,4.0,4.0,4.0,1.0,3.0,1.0,1.0,1.0,1.0,1.0,0.0,0.0,0.0,1.0,0.0,0.0,0.0,1.0,1.0,2.0,4.0,4.0,5.0,3.0,3.0,4.0,5.0,2.0,4.0,4.0,5.0,1.0,1.0,5.0,5.0,5.0,4.0,3.0,4.0,3.0,4.0,3.0,3.0,2.0,3.0,2.0,2.0,4.0,1.0,4.0,4.0,4.0,5.0,5.0,3.0,4.0,5.0,5.0,20.0,22.0,45.0,16.0,24.0,23.0,36.0,4.0,77.0,30 - 44,33 - 40,some additional training,1.20411998265592,2.44943368007887,7.518726340044e-05,2.46251009509246
510,FEMALES,50,SEPARATED,NO,COMPLETED UNDERGRADUATE,CHILDREN,NO,0.0,2.0,3.0,3.0,3.0,3.0,4.0,2.0,3.0,3.0,2.0,4.0,1.0,1.0,4.0,3.0,1.0,2.0,1.0,3.0,4.0,1.0,5.0,2.0,2.0,1.0,1.0,1.0,2.0,1.0,1.0,3.0,1.0,1.0,3.0,1.0,5.0,5.0,3.0,3.0,3.0,3.0,4.0,4.0,2.0,4.0,4.0,4.0,3.0,4.0,4.0,1.0,4.0,1.0,4.0,1.0,4.0,1.0,1.0,1.0,1.0,0.0,0.0,1.0,0.0,0.0,0.0,1.0,1.0,2.0,4.0,4.0,4.0,4.0,4.0,3.0,4.0,4.0,4.0,2.0,3.0,5.0,4.0,2.0,2.0,4.0,4.0,3.0,3.0,2.0,3.0,2.0,3.0,4.0,4.0,2.0,2.0,2.0,2.0,4.0,4.0,4.0,4.0,4.0,4.0,2.0,3.0,4.0,4.0,4.0,16.0,23.0,26.0,14.0,17.0,26.0,40.0,5.0,69.0,45+,50+,completed undergrad uni,1.14612803567824,0.491993630895425,0.0001478051394306,2.41098448013297
457,MALES,51,REMARRIED,YES,POSTGRADUATE COMPLETED,HEALTH/ILLNESS,YES,80.0,3.0,1.0,3.0,3.0,4.0,2.0,3.0,3.0,3.0,2.0,2.0,2.0,3.0,1.0,4.0,4.0,5.0,1.0,4.0,3.0,4.0,3.0,3.0,4.0,1.0,4.0,3.0,2.0,1.0,1.0,3.0,3.0,2.0,3.0,3.0,6.0,6.0,1.0,3.0,3.0,4.0,3.0,3.0,5.0,3.0,2.0,3.0,4.0,4.0,4.0,1.0,4.0,1.0,3.0,2.0,3.0,3.0,1.0,1.0,1.0,0.0,0.0,0.0,0.0,1.0,0.0,0.0,0.0,4.0,3.0,2.0,4.0,3.0,3.0,3.0,4.0,4.0,3.0,2.0,3.0,2.0,2.0,3.0,3.0,3.0,4.0,5.0,3.0,4.0,2.0,2.0,3.0,3.0,2.0,3.0,3.0,3.0,4.0,4.0,4.0,3.0,2.0,4.0,2.0,3.0,3.0,4.0,3.0,3.0,22.0,17.0,27.0,29.0,19.0,35.0,35.0,3.0,55.0,45+,50+,completed postgrad uni,1.46239799789896,1.47327246551909,0.0019915094372222,2.39501489682865
411,FEMALES,49,STEADY RELATIONSHIP,YES,POSTGRADUATE COMPLETED,HEALTH/ILLNESS,NO,,3.0,2.0,4.0,2.0,4.0,2.0,2.0,3.0,2.0,3.0,3.0,1.0,1.0,5.0,2.0,2.0,2.0,1.0,4.0,5.0,2.0,5.0,1.0,1.0,4.0,5.0,2.0,3.0,1.0,4.0,5.0,1.0,1.0,7.0,7.0,7.0,7.0,3.0,3.0,3.0,3.0,4.0,4.0,2.0,3.0,4.0,3.0,3.0,4.0,4.0,1.0,4.0,1.0,4.0,1.0,4.0,1.0,1.0,1.0,1.0,1.0,0.0,0.0,0.0,1.0,1.0,0.0,0.0,3.0,2.0,4.0,2.0,3.0,4.0,4.0,3.0,2.0,2.0,2.0,3.0,3.0,2.0,3.0,3.0,3.0,4.0,4.0,4.0,4.0,3.0,3.0,2.0,4.0,4.0,2.0,2.0,3.0,2.0,4.0,4.0,4.0,4.0,4.0,3.0,4.0,2.0,4.0,3.0,3.0,23.0,22.0,42.0,14.0,31.0,26.0,40.0,5.0,54.0,45+,41 - 49,completed postgrad uni,1.14612803567824,0.471111182755425,0.0001927786833511,2.37793560640129
104,FEMALES,51,STEADY RELATIONSHIP,NO,COMPLETED HIGHSCHOOL,WORK,NO,0.0,3.0,1.0,3.0,1.0,3.0,1.0,1.0,4.0,1.0,2.0,3.0,1.0,1.0,4.0,2.0,1.0,2.0,1.0,4.0,3.0,1.0,3.0,1.0,1.0,2.0,4.0,1.0,2.0,1.0,4.0,4.0,1.0,1.0,3.0,4.0,4.0,5.0,3.0,2.0,2.0,3.0,4.0,3.0,4.0,4.0,3.0,3.0,2.0,4.0,4.0,1.0,3.0,1.0,3.0,1.0,4.0,2.0,1.0,1.0,0.0,1.0,1.0,1.0,0.0,1.0,1.0,1.0,1.0,2.0,1.0,5.0,4.0,5.0,4.0,2.0,3.0,4.0,4.0,3.0,4.0,4.0,3.0,1.0,1.0,4.0,4.0,5.0,5.0,5.0,4.0,4.0,3.0,4.0,4.0,2.0,3.0,2.0,3.0,4.0,4.0,4.0,3.0,4.0,4.0,5.0,4.0,3.0,5.0,5.0,24.0,26.0,32.0,11.0,19.0,26.0,37.0,8.0,74.0,45+,50+,completed high school,1.04139268515823,1.56953360910289,0.002032287386798,2.36704518673433
115,FEMALES,38,MARRIED FIRST TIME,YES,POSTGRADUATE COMPLETED,CHILDREN,NO,0.0,3.0,1.0,4.0,2.0,5.0,1.0,1.0,4.0,1.0,1.0,4.0,1.0,1.0,4.0,2.0,1.0,4.0,1.0,2.0,4.0,1.0,4.0,1.0,2.0,3.0,3.0,1.0,3.0,1.0,3.0,3.0,1.0,1.0,5.0,7.0,5.0,6.0,5.0,3.0,2.0,2.0,4.0,4.0,2.0,4.0,5.0,2.0,1.0,3.0,4.0,1.0,4.0,1.0,3.0,3.0,2.0,3.0,3.0,0.0,1.0,1.0,0.0,0.0,0.0,0.0,0.0,0.0,1.0,2.0,3.0,2.0,4.0,3.0,4.0,1.0,3.0,5.0,4.0,1.0,3.0,4.0,3.0,2.0,1.0,4.0,4.0,5.0,4.0,5.0,4.0,4.0,4.0,4.0,4.0,2.0,2.0,2.0,1.0,4.0,4.0,2.0,2.0,2.0,4.0,3.0,5.0,5.0,4.0,5.0,26.0,28.0,33.0,12.0,28.0,19.0,30.0,3.0,69.0,30 - 44,33 - 40,completed postgrad uni,1.07918124604762,2.48750792603847,0.0008467902161796,2.35660204866285
129,MALES,50,DIVORCED,NO,COMPLETED UNDERGRADUATE,WORK,NO,0.0,2.0,3.0,2.0,3.0,3.0,4.0,2.0,3.0,3.0,2.0,2.0,3.0,3.0,4.0,3.0,2.0,2.0,1.0,3.0,3.0,1.0,3.0,2.0,3.0,1.0,3.0,2.0,2.0,1.0,2.0,3.0,3.0,2.0,2.0,1.0,4.0,3.0,2.0,3.0,3.0,4.0,3.0,3.0,4.0,3.0,3.0,3.0,4.0,4.0,4.0,1.0,3.0,1.0,3.0,3.0,3.0,2.0,2.0,1.0,1.0,0.0,0.0,1.0,0.0,0.0,0.0,0.0,0.0,2.0,4.0,3.0,3.0,3.0,3.0,4.0,2.0,3.0,3.0,2.0,2.0,3.0,3.0,2.0,2.0,3.0,3.0,3.0,3.0,2.0,3.0,2.0,3.0,2.0,2.0,3.0,3.0,3.0,3.0,4.0,4.0,2.0,3.0,3.0,4.0,2.0,2.0,4.0,4.0,4.0,15.0,17.0,26.0,20.0,12.0,33.0,33.0,3.0,54.0,45+,50+,completed undergrad uni,1.30102999566398,1.44724256781242,0.0004826040595596,2.33005807685342
153,MALES,49,MARRIED FIRST TIME,YES,COMPLETED UNDERGRADUATE,WORK,NO,0.0,3.0,1.0,4.0,1.0,5.0,1.0,1.0,3.0,1.0,1.0,4.0,1.0,1.0,5.0,3.0,1.0,3.0,1.0,4.0,5.0,1.0,4.0,1.0,1.0,4.0,5.0,1.0,3.0,1.0,4.0,5.0,1.0,1.0,4.0,4.0,4.0,6.0,5.0,3.0,2.0,2.0,5.0,4.0,3.0,4.0,3.0,3.0,3.0,4.0,4.0,1.0,4.0,2.0,4.0,3.0,3.0,1.0,1.0,1.0,1.0,1.0,0.0,0.0,1.0,0.0,1.0,0.0,1.0,2.0,1.0,5.0,5.0,5.0,3.0,1.0,4.0,5.0,5.0,1.0,3.0,4.0,3.0,1.0,1.0,4.0,5.0,5.0,5.0,5.0,4.0,4.0,4.0,4.0,4.0,1.0,2.0,2.0,3.0,4.0,3.0,2.0,4.0,4.0,4.0,5.0,5.0,5.0,5.0,5.0,27.0,27.0,42.0,12.0,23.0,24.0,36.0,6.0,80.0,45+,41 - 49,completed undergrad uni,1.07918124604762,2.92591924125467,0.0026720454386831,2.32963659563636
318,FEMALES,25,LIVING WITH PARTNER,NO,POSTGRADUATE COMPLETED,MONEY/FINANCES,YES,140.0,3.0,3.0,4.0,2.0,5.0,1.0,2.0,4.0,1.0,1.0,4.0,2.0,3.0,4.0,5.0,2.0,3.0,4.0,4.0,3.0,4.0,3.0,1.0,3.0,2.0,4.0,1.0,3.0,4.0,3.0,4.0,4.0,1.0,5.0,4.0,4.0,3.0,2.0,5.0,3.0,4.0,4.0,4.0,4.0,4.0,4.0,3.0,2.0,3.0,3.0,2.0,1.0,1.0,3.0,3.0,3.0,2.0,1.0,1.0,0.0,1.0,1.0,0.0,0.0,0.0,1.0,0.0,1.0,2.0,2.0,2.0,4.0,5.0,3.0,2.0,2.0,4.0,4.0,2.0,4.0,3.0,2.0,2.0,3.0,3.0,3.0,3.0,4.0,5.0,3.0,4.0,4.0,3.0,2.0,2.0,2.0,2.0,2.0,3.0,4.0,2.0,3.0,4.0,4.0,4.0,4.0,4.0,4.0,3.0,24.0,24.0,33.0,29.0,18.0,29.0,29.0,5.0,62.0,18 - 29,25 - 32,completed postgrad uni,1.46239799789896,0.361121106653607,0.0008986136291735,2.32955585853766
93,MALES,47,MARRIED FIRST TIME,YES,COMPLETED UNDERGRADUATE,WORK,NO,0.0,3.0,3.0,2.0,3.0,2.0,3.0,2.0,3.0,2.0,2.0,3.0,2.0,4.0,3.0,3.0,2.0,4.0,1.0,4.0,3.0,3.0,4.0,2.0,2.0,3.0,3.0,3.0,2.0,1.0,2.0,2.0,3.0,2.0,3.0,3.0,5.0,5.0,4.0,3.0,2.0,3.0,4.0,4.0,2.0,3.0,5.0,2.0,3.0,4.0,4.0,1.0,4.0,1.0,3.0,1.0,3.0,2.0,2.0,1.0,1.0,1.0,0.0,1.0,1.0,0.0,1.0,1.0,0.0,2.0,3.0,3.0,2.0,2.0,3.0,3.0,2.0,4.0,4.0,3.0,2.0,3.0,2.0,3.0,3.0,3.0,4.0,3.0,3.0,3.0,3.0,3.0,3.0,3.0,1.0,2.0,2.0,3.0,1.0,4.0,4.0,4.0,3.0,3.0,4.0,3.0,3.0,3.0,3.0,3.0,16.0,19.0,30.0,22.0,20.0,23.0,36.0,7.0,53.0,45+,41 - 49,completed undergrad uni,1.34242268082221,0.587554684119231,0.003165114177382,2.32871691218285
185,FEMALES,36,MARRIED FIRST TIME,YES,COMPLETED UNDERGRADUATE,WORK,NO,0.0,3.0,3.0,5.0,3.0,4.0,2.0,2.0,4.0,2.0,2.0,4.0,2.0,2.0,4.0,3.0,3.0,4.0,1.0,5.0,2.0,3.0,4.0,1.0,3.0,3.0,4.0,2.0,3.0,2.0,4.0,4.0,4.0,4.0,6.0,6.0,6.0,6.0,6.0,3.0,3.0,5.0,4.0,4.0,4.0,3.0,3.0,4.0,4.0,4.0,4.0,1.0,4.0,1.0,3.0,3.0,3.0,1.0,1.0,1.0,1.0,1.0,0.0,1.0,0.0,1.0,1.0,1.0,0.0,4.0,4.0,2.0,2.0,3.0,2.0,3.0,1.0,3.0,2.0,3.0,3.0,3.0,3.0,4.0,4.0,2.0,2.0,3.0,3.0,4.0,3.0,3.0,3.0,3.0,3.0,2.0,2.0,3.0,3.0,4.0,4.0,2.0,4.0,4.0,2.0,2.0,3.0,3.0,2.0,2.0,22.0,23.0,37.0,26.0,30.0,33.0,36.0,7.0,42.0,30 - 44,33 - 40,completed undergrad uni,1.41497334797082,4.1376384394492,0.0032243921505687,2.31388600455224
365,FEMALES,52,MARRIED FIRST TIME,YES,PRIMARY,HEALTH/ILLNESS,NO,0.0,5.0,4.0,4.0,2.0,4.0,5.0,3.0,1.0,3.0,4.0,1.0,4.0,4.0,3.0,4.0,2.0,3.0,1.0,3.0,2.0,5.0,3.0,1.0,3.0,1.0,3.0,1.0,2.0,1.0,3.0,1.0,2.0,2.0,1.0,3.0,1.0,3.0,1.0,2.0,3.0,4.0,3.0,1.0,3.0,2.0,2.0,3.0,2.0,4.0,4.0,3.0,4.0,4.0,4.0,1.0,3.0,1.0,1.0,1.0,1.0,0.0,0.0,1.0,0.0,1.0,0.0,0.0,0.0,4.0,4.0,4.0,5.0,2.0,4.0,5.0,1.0,3.0,5.0,3.0,3.0,4.0,2.0,3.0,3.0,4.0,4.0,2.0,4.0,1.0,2.0,2.0,1.0,1.0,1.0,3.0,5.0,4.0,4.0,2.0,1.0,4.0,4.0,4.0,2.0,2.0,1.0,3.0,3.0,3.0,20.0,9.0,24.0,22.0,9.0,33.0,34.0,4.0,55.0,45+,50+,did not complete high school,1.34242268082221,12.3294998888577,0.0044291631331898,2.30540988664325
378,MALES,25,SINGLE,NO,COMPLETED UNDERGRADUATE,WORK,NO,0.0,4.0,3.0,4.0,4.0,4.0,2.0,2.0,4.0,2.0,4.0,3.0,3.0,3.0,3.0,3.0,1.0,3.0,2.0,3.0,2.0,1.0,2.0,1.0,3.0,3.0,2.0,1.0,4.0,2.0,3.0,2.0,2.0,1.0,4.0,4.0,3.0,3.0,3.0,3.0,3.0,3.0,2.0,3.0,3.0,3.0,3.0,2.0,4.0,4.0,3.0,2.0,3.0,1.0,3.0,4.0,3.0,4.0,3.0,0.0,1.0,1.0,1.0,0.0,0.0,0.0,0.0,0.0,0.0,2.0,2.0,3.0,3.0,2.0,3.0,3.0,3.0,4.0,4.0,3.0,3.0,3.0,2.0,2.0,2.0,2.0,3.0,3.0,2.0,4.0,3.0,3.0,1.0,2.0,2.0,4.0,3.0,3.0,3.0,3.0,4.0,1.0,1.0,2.0,4.0,4.0,3.0,3.0,4.0,4.0,21.0,18.0,27.0,17.0,17.0,31.0,27.0,3.0,57.0,18 - 29,25 - 32,completed undergrad uni,1.23044892137827,0.949093244617508,0.0001389269751586,2.25780057128695
500,MALES,22,SINGLE,NO,SOME ADDITIONAL TRAINING,MONEY/FINANCES,YES,60.0,1.0,3.0,3.0,3.0,3.0,4.0,2.0,4.0,1.0,1.0,4.0,3.0,1.0,5.0,3.0,2.0,1.0,1.0,4.0,5.0,1.0,1.0,3.0,3.0,4.0,2.0,1.0,2.0,1.0,3.0,2.0,3.0,3.0,2.0,2.0,2.0,3.0,1.0,3.0,3.0,4.0,4.0,3.0,4.0,3.0,2.0,5.0,3.0,4.0,4.0,2.0,4.0,2.0,2.0,4.0,2.0,4.0,4.0,0.0,1.0,1.0,0.0,0.0,1.0,0.0,0.0,0.0,0.0,5.0,5.0,3.0,2.0,3.0,2.0,3.0,3.0,3.0,3.0,2.0,1.0,3.0,2.0,4.0,3.0,2.0,4.0,3.0,3.0,2.0,3.0,4.0,4.0,2.0,4.0,2.0,3.0,3.0,4.0,3.0,3.0,1.0,1.0,1.0,1.0,1.0,3.0,4.0,2.0,3.0,15.0,25.0,29.0,21.0,10.0,34.0,25.0,3.0,45.0,18 - 29,18 - 24,some additional training,1.32221929473392,4.76201064427666,0.010919550648614,2.25546403095038
282,FEMALES,51,MARRIED FIRST TIME,NO,COMPLETED UNDERGRADUATE,FAMILY,NO,0.0,5.0,1.0,5.0,1.0,5.0,1.0,1.0,4.0,2.0,1.0,4.0,4.0,2.0,5.0,3.0,1.0,5.0,1.0,5.0,5.0,1.0,5.0,1.0,1.0,2.0,3.0,1.0,1.0,1.0,3.0,4.0,1.0,1.0,6.0,6.0,6.0,7.0,7.0,1.0,1.0,2.0,5.0,4.0,3.0,4.0,4.0,1.0,3.0,4.0,4.0,1.0,4.0,1.0,4.0,1.0,4.0,1.0,1.0,1.0,1.0,1.0,1.0,1.0,1.0,1.0,1.0,0.0,1.0,1.0,2.0,5.0,5.0,5.0,5.0,3.0,3.0,4.0,4.0,2.0,4.0,4.0,5.0,2.0,2.0,4.0,4.0,5.0,5.0,5.0,4.0,3.0,4.0,1.0,3.0,1.0,2.0,2.0,2.0,4.0,4.0,4.0,4.0,4.0,5.0,4.0,3.0,4.0,4.0,4.0,30.0,23.0,38.0,12.0,32.0,18.0,40.0,9.0,76.0,45+,50+,completed undergrad uni,1.07918124604762,1.81987011866049,0.0033886935086571,2.22957624317594
451,MALES,42,MARRIED FIRST TIME,YES,COMPLETED UNDERGRADUATE,MONEY/FINANCES,NO,0.0,4.0,3.0,2.0,3.0,3.0,2.0,3.0,3.0,3.0,2.0,3.0,3.0,2.0,4.0,2.0,1.0,2.0,2.0,3.0,2.0,1.0,3.0,1.0,1.0,4.0,3.0,1.0,4.0,2.0,3.0,3.0,2.0,2.0,3.0,2.0,4.0,3.0,3.0,3.0,3.0,3.0,4.0,3.0,4.0,3.0,3.0,3.0,3.0,4.0,4.0,3.0,3.0,1.0,3.0,3.0,2.0,4.0,3.0,1.0,1.0,0.0,0.0,1.0,0.0,0.0,1.0,0.0,0.0,4.0,2.0,2.0,3.0,3.0,4.0,5.0,3.0,4.0,2.0,3.0,3.0,2.0,2.0,4.0,2.0,3.0,3.0,3.0,3.0,4.0,2.0,2.0,3.0,2.0,3.0,2.0,3.0,3.0,3.0,2.0,4.0,2.0,1.0,2.0,2.0,4.0,1.0,3.0,2.0,4.0,19.0,18.0,31.0,15.0,15.0,30.0,27.0,4.0,50.0,30 - 44,41 - 49,completed undergrad uni,1.17609125905568,1.11077322913713,8.16508085723915e-05,2.18051046241001
95,FEMALES,41,STEADY RELATIONSHIP,NO,COMPLETED UNDERGRADUATE,WORK,YES,7.0,3.0,2.0,3.0,1.0,4.0,1.0,2.0,3.0,2.0,1.0,4.0,1.0,1.0,5.0,2.0,1.0,3.0,2.0,4.0,4.0,1.0,3.0,2.0,2.0,4.0,4.0,1.0,4.0,2.0,5.0,4.0,2.0,1.0,6.0,6.0,6.0,6.0,7.0,3.0,2.0,3.0,5.0,4.0,2.0,4.0,5.0,2.0,1.0,3.0,3.0,1.0,4.0,1.0,4.0,1.0,4.0,1.0,1.0,1.0,1.0,1.0,0.0,0.0,0.0,1.0,1.0,1.0,0.0,3.0,2.0,4.0,4.0,5.0,5.0,1.0,3.0,3.0,3.0,2.0,4.0,3.0,4.0,2.0,2.0,4.0,4.0,4.0,5.0,5.0,3.0,3.0,4.0,4.0,4.0,1.0,2.0,2.0,1.0,4.0,4.0,4.0,4.0,4.0,3.0,4.0,5.0,4.0,4.0,4.0,24.0,25.0,40.0,16.0,31.0,19.0,38.0,6.0,70.0,30 - 44,41 - 49,completed undergrad uni,1.20411998265592,0.840182404688908,0.0013118335365917,2.14509433756074
302,MALES,43,MARRIED FIRST TIME,YES,SOME ADDITIONAL TRAINING,WORK,NO,0.0,4.0,3.0,4.0,4.0,5.0,3.0,3.0,3.0,3.0,4.0,4.0,3.0,3.0,5.0,2.0,1.0,3.0,1.0,3.0,3.0,1.0,3.0,2.0,3.0,3.0,3.0,1.0,2.0,1.0,4.0,2.0,1.0,1.0,5.0,5.0,2.0,2.0,1.0,3.0,3.0,2.0,3.0,3.0,3.0,4.0,2.0,4.0,2.0,3.0,3.0,2.0,3.0,2.0,3.0,2.0,3.0,2.0,1.0,1.0,0.0,1.0,1.0,0.0,0.0,0.0,0.0,0.0,1.0,1.0,4.0,3.0,4.0,4.0,2.0,4.0,4.0,4.0,4.0,2.0,3.0,1.0,2.0,3.0,3.0,4.0,4.0,3.0,2.0,3.0,2.0,2.0,1.0,2.0,2.0,3.0,3.0,2.0,4.0,3.0,3.0,3.0,3.0,4.0,5.0,2.0,2.0,4.0,3.0,3.0,21.0,16.0,31.0,14.0,15.0,29.0,31.0,4.0,58.0,30 - 44,41 - 49,some additional training,1.14612803567824,2.50365730495803,0.000490768026979,2.14460643034425
113,FEMALES,35,REMARRIED,YES,SOME SECONDARY,LIFE IN GENERAL,NO,0.0,3.0,2.0,4.0,1.0,4.0,2.0,2.0,4.0,2.0,2.0,3.0,3.0,3.0,4.0,5.0,2.0,4.0,1.0,4.0,4.0,4.0,4.0,2.0,3.0,3.0,3.0,1.0,3.0,4.0,4.0,3.0,3.0,3.0,3.0,3.0,4.0,4.0,3.0,3.0,3.0,4.0,4.0,3.0,4.0,3.0,3.0,3.0,4.0,3.0,4.0,2.0,4.0,1.0,4.0,2.0,4.0,1.0,1.0,0.0,1.0,1.0,0.0,0.0,0.0,0.0,1.0,1.0,1.0,4.0,2.0,3.0,3.0,4.0,4.0,4.0,2.0,3.0,2.0,3.0,3.0,3.0,3.0,3.0,3.0,3.0,4.0,4.0,5.0,4.0,3.0,3.0,3.0,2.0,2.0,2.0,3.0,3.0,3.0,3.0,4.0,3.0,4.0,4.0,2.0,4.0,2.0,3.0,3.0,3.0,24.0,20.0,36.0,28.0,17.0,32.0,37.0,5.0,54.0,30 - 44,33 - 40,did not complete high school,1.44715803134222,0.339205435339703,0.0005224809569837,2.12042981124844
205,FEMALES,28,MARRIED FIRST TIME,NO,SOME SECONDARY,WORK,NO,,3.0,4.0,2.0,3.0,3.0,3.0,3.0,3.0,4.0,3.0,3.0,2.0,2.0,3.0,4.0,4.0,3.0,1.0,3.0,2.0,2.0,2.0,2.0,2.0,2.0,3.0,4.0,3.0,2.0,3.0,2.0,3.0,4.0,6.0,5.0,6.0,6.0,6.0,3.0,4.0,5.0,3.0,4.0,3.0,3.0,3.0,4.0,4.0,3.0,4.0,3.0,3.0,4.0,3.0,3.0,3.0,3.0,3.0,1.0,1.0,0.0,0.0,1.0,0.0,1.0,1.0,1.0,0.0,4.0,2.0,3.0,3.0,3.0,3.0,4.0,3.0,3.0,3.0,3.0,3.0,2.0,3.0,3.0,3.0,3.0,3.0,2.0,3.0,3.0,2.0,1.0,2.0,3.0,3.0,3.0,2.0,3.0,3.0,2.0,1.0,2.0,2.0,2.0,2.0,4.0,2.0,3.0,3.0,3.0,16.0,17.0,26.0,28.0,29.0,34.0,25.0,6.0,52.0,18 - 29,25 - 32,did not complete high school,1.44715803134222,1.45248639408866,0.0008230486313564,2.11833836866483
545,FEMALES,28,MARRIED FIRST TIME,YES,COMPLETED HIGHSCHOOL,FAMILY,NO,0.0,5.0,3.0,4.0,3.0,4.0,4.0,1.0,3.0,4.0,3.0,4.0,1.0,2.0,4.0,3.0,2.0,5.0,1.0,5.0,5.0,1.0,3.0,1.0,1.0,3.0,3.0,1.0,4.0,1.0,4.0,4.0,1.0,1.0,6.0,6.0,7.0,7.0,7.0,2.0,3.0,2.0,4.0,3.0,3.0,3.0,3.0,3.0,2.0,4.0,4.0,1.0,4.0,1.0,3.0,4.0,3.0,2.0,3.0,1.0,1.0,1.0,1.0,1.0,0.0,0.0,0.0,0.0,0.0,4.0,2.0,5.0,4.0,4.0,2.0,1.0,3.0,4.0,5.0,3.0,3.0,3.0,3.0,4.0,3.0,3.0,5.0,3.0,3.0,2.0,4.0,1.0,2.0,4.0,3.0,2.0,3.0,3.0,3.0,4.0,4.0,1.0,3.0,2.0,2.0,4.0,5.0,3.0,2.0,3.0,21.0,21.0,40.0,13.0,33.0,26.0,32.0,5.0,63.0,18 - 29,25 - 32,completed high school,1.11394335230684,0.159081211367148,3.10457048136892e-05,2.10973096553388
493,FEMALES,28,MARRIED FIRST TIME,YES,POSTGRADUATE COMPLETED,SPOUSE OR PARTNER,NO,,3.0,3.0,5.0,1.0,5.0,2.0,2.0,4.0,3.0,2.0,4.0,1.0,2.0,4.0,2.0,1.0,4.0,1.0,5.0,3.0,1.0,3.0,1.0,2.0,4.0,5.0,1.0,3.0,1.0,4.0,3.0,1.0,1.0,2.0,2.0,2.0,5.0,3.0,3.0,3.0,2.0,4.0,3.0,3.0,4.0,3.0,3.0,2.0,4.0,4.0,1.0,3.0,1.0,3.0,2.0,3.0,2.0,1.0,1.0,1.0,1.0,1.0,1.0,0.0,1.0,1.0,1.0,0.0,1.0,2.0,5.0,5.0,4.0,3.0,3.0,5.0,5.0,3.0,5.0,4.0,4.0,4.0,1.0,1.0,4.0,4.0,3.0,5.0,4.0,3.0,2.0,3.0,4.0,3.0,2.0,3.0,2.0,3.0,4.0,4.0,3.0,3.0,4.0,5.0,4.0,3.0,1.0,5.0,5.0,25.0,23.0,38.0,12.0,14.0,26.0,35.0,8.0,73.0,18 - 29,25 - 32,completed postgrad uni,1.07918124604762,1.13617295195346,0.0004547399442725,2.10396064649015
488,MALES,41,MARRIED FIRST TIME,YES,COMPLETED HIGHSCHOOL,LIFE IN GENERAL,NO,,3.0,1.0,5.0,4.0,4.0,2.0,1.0,4.0,1.0,2.0,4.0,1.0,1.0,5.0,1.0,2.0,4.0,1.0,4.0,5.0,1.0,3.0,1.0,3.0,4.0,5.0,2.0,5.0,1.0,5.0,4.0,2.0,1.0,1.0,5.0,4.0,7.0,4.0,3.0,2.0,2.0,4.0,4.0,2.0,4.0,4.0,3.0,2.0,4.0,3.0,1.0,4.0,2.0,4.0,1.0,4.0,1.0,1.0,0.0,1.0,1.0,0.0,1.0,1.0,0.0,0.0,0.0,0.0,2.0,5.0,3.0,4.0,5.0,4.0,3.0,3.0,4.0,4.0,3.0,3.0,3.0,4.0,1.0,3.0,4.0,4.0,5.0,2.0,4.0,4.0,4.0,3.0,4.0,4.0,2.0,2.0,2.0,2.0,4.0,3.0,4.0,4.0,4.0,4.0,1.0,3.0,3.0,5.0,3.0,23.0,27.0,44.0,15.0,21.0,22.0,38.0,4.0,64.0,30 - 44,41 - 49,completed high school,1.17609125905568,1.96523583318282,9.57882583133543e-05,2.0895046127121
483,MALES,40,MARRIED FIRST TIME,YES,COMPLETED UNDERGRADUATE,RELATIONSHIPS,NO,,2.0,4.0,3.0,2.0,5.0,3.0,3.0,2.0,2.0,2.0,2.0,3.0,3.0,5.0,3.0,1.0,4.0,2.0,3.0,5.0,3.0,3.0,3.0,3.0,2.0,4.0,1.0,4.0,2.0,4.0,4.0,3.0,3.0,2.0,2.0,2.0,2.0,2.0,3.0,2.0,2.0,3.0,3.0,2.0,3.0,3.0,2.0,1.0,4.0,4.0,1.0,4.0,1.0,3.0,1.0,4.0,3.0,2.0,1.0,1.0,1.0,0.0,1.0,1.0,0.0,0.0,1.0,1.0,2.0,2.0,5.0,5.0,3.0,2.0,2.0,4.0,5.0,5.0,4.0,2.0,2.0,3.0,2.0,2.0,4.0,3.0,2.0,4.0,3.0,2.0,3.0,3.0,2.0,2.0,3.0,3.0,3.0,3.0,4.0,4.0,4.0,2.0,3.0,4.0,4.0,4.0,2.0,4.0,4.0,19.0,16.0,38.0,24.0,10.0,24.0,36.0,7.0,65.0,30 - 44,33 - 40,completed undergrad uni,1.38021124171161,3.832006561025,0.0065682740798807,2.08894553310038
423,FEMALES,27,SINGLE,NO,COMPLETED UNDERGRADUATE,"TIME (lack of time, too much to do)",NO,,4.0,1.0,4.0,2.0,4.0,2.0,2.0,4.0,2.0,2.0,4.0,2.0,2.0,4.0,2.0,1.0,4.0,1.0,5.0,5.0,2.0,4.0,1.0,3.0,5.0,3.0,1.0,4.0,2.0,4.0,4.0,1.0,1.0,5.0,5.0,5.0,5.0,5.0,3.0,4.0,3.0,4.0,4.0,2.0,3.0,4.0,3.0,2.0,4.0,4.0,1.0,4.0,1.0,4.0,1.0,4.0,1.0,1.0,0.0,1.0,1.0,0.0,0.0,0.0,0.0,1.0,0.0,1.0,2.0,2.0,4.0,4.0,4.0,3.0,2.0,4.0,5.0,3.0,2.0,3.0,4.0,2.0,2.0,2.0,4.0,4.0,5.0,4.0,4.0,3.0,3.0,3.0,3.0,3.0,2.0,2.0,3.0,2.0,4.0,4.0,4.0,4.0,4.0,4.0,4.0,4.0,4.0,4.0,4.0,25.0,23.0,42.0,15.0,25.0,26.0,40.0,4.0,68.0,18 - 29,25 - 32,completed undergrad uni,1.17609125905568,0.378701818705562,0.000106703125186,2.05854314020064
321,MALES,23,LIVING WITH PARTNER,NO,COMPLETED UNDERGRADUATE,WORK,NO,0.0,3.0,2.0,4.0,2.0,5.0,3.0,2.0,3.0,2.0,2.0,4.0,2.0,2.0,4.0,3.0,2.0,4.0,1.0,4.0,3.0,3.0,2.0,1.0,3.0,4.0,4.0,3.0,4.0,1.0,4.0,4.0,3.0,3.0,5.0,5.0,5.0,4.0,5.0,2.0,3.0,3.0,4.0,4.0,2.0,3.0,4.0,2.0,2.0,4.0,4.0,1.0,4.0,1.0,3.0,2.0,4.0,2.0,1.0,1.0,1.0,0.0,0.0,0.0,0.0,1.0,1.0,0.0,1.0,4.0,4.0,2.0,2.0,4.0,3.0,4.0,3.0,3.0,2.0,2.0,3.0,3.0,3.0,2.0,2.0,4.0,4.0,4.0,4.0,3.0,3.0,3.0,3.0,3.0,3.0,2.0,2.0,3.0,2.0,4.0,4.0,3.0,3.0,4.0,2.0,2.0,2.0,4.0,4.0,4.0,23.0,22.0,37.0,23.0,24.0,23.0,37.0,5.0,54.0,18 - 29,18 - 24,completed undergrad uni,1.36172783601759,0.471111182755425,0.0014282798619625,2.03650145661505
13,FEMALES,45,MARRIED FIRST TIME,YES,COMPLETED UNDERGRADUATE,WORK,NO,0.0,5.0,1.0,5.0,1.0,5.0,1.0,2.0,4.0,1.0,1.0,4.0,1.0,1.0,5.0,2.0,1.0,3.0,1.0,5.0,5.0,3.0,4.0,1.0,3.0,4.0,4.0,1.0,3.0,1.0,4.0,4.0,3.0,1.0,7.0,7.0,7.0,7.0,7.0,3.0,2.0,4.0,4.0,5.0,4.0,3.0,4.0,4.0,3.0,4.0,4.0,1.0,4.0,1.0,4.0,1.0,4.0,1.0,1.0,0.0,1.0,1.0,0.0,0.0,0.0,0.0,0.0,0.0,0.0,2.0,4.0,1.0,3.0,2.0,3.0,3.0,4.0,2.0,1.0,4.0,4.0,3.0,3.0,3.0,3.0,3.0,3.0,5.0,5.0,5.0,3.0,4.0,4.0,4.0,4.0,2.0,1.0,3.0,2.0,4.0,4.0,4.0,4.0,4.0,4.0,2.0,3.0,2.0,3.0,3.0,30.0,27.0,41.0,17.0,35.0,28.0,40.0,2.0,49.0,45+,41 - 49,completed undergrad uni,1.23044892137827,5.5056258190574,0.0018096845013154,2.02810388118389
410,FEMALES,48,REMARRIED,NO,SOME SECONDARY,WORK,NO,,4.0,3.0,5.0,1.0,5.0,1.0,1.0,4.0,1.0,1.0,4.0,1.0,2.0,4.0,1.0,1.0,4.0,1.0,5.0,5.0,2.0,4.0,1.0,2.0,3.0,3.0,1.0,3.0,1.0,5.0,5.0,1.0,1.0,5.0,4.0,6.0,6.0,6.0,3.0,3.0,3.0,5.0,4.0,3.0,4.0,4.0,3.0,2.0,4.0,4.0,1.0,4.0,1.0,4.0,1.0,4.0,1.0,1.0,0.0,1.0,1.0,0.0,1.0,0.0,1.0,1.0,0.0,0.0,1.0,2.0,3.0,5.0,4.0,4.0,4.0,4.0,5.0,4.0,3.0,4.0,2.0,2.0,2.0,2.0,3.0,4.0,3.0,5.0,5.0,4.0,4.0,4.0,4.0,3.0,1.0,2.0,2.0,2.0,4.0,4.0,4.0,4.0,4.0,5.0,4.0,2.0,3.0,4.0,4.0,27.0,27.0,41.0,12.0,27.0,24.0,40.0,5.0,66.0,45+,41 - 49,did not complete high school,1.07918124604762,1.81790435797379,0.0002717554466403,2.02765813025528
286,MALES,33,MARRIED FIRST TIME,YES,SOME ADDITIONAL TRAINING,WORK,YES,20.0,4.0,1.0,4.0,1.0,5.0,1.0,1.0,4.0,1.0,2.0,4.0,3.0,3.0,2.0,3.0,1.0,4.0,3.0,5.0,3.0,3.0,5.0,2.0,2.0,4.0,5.0,1.0,4.0,4.0,5.0,4.0,3.0,2.0,2.0,2.0,3.0,3.0,2.0,3.0,3.0,3.0,4.0,4.0,3.0,4.0,5.0,5.0,3.0,3.0,4.0,1.0,3.0,1.0,4.0,2.0,2.0,2.0,2.0,1.0,1.0,1.0,1.0,0.0,0.0,0.0,0.0,0.0,0.0,4.0,5.0,4.0,4.0,4.0,3.0,3.0,5.0,5.0,4.0,3.0,4.0,2.0,3.0,3.0,2.0,2.0,4.0,5.0,5.0,5.0,4.0,4.0,3.0,2.0,2.0,2.0,2.0,2.0,1.0,4.0,4.0,3.0,3.0,3.0,2.0,1.0,3.0,3.0,3.0,4.0,28.0,23.0,41.0,24.0,12.0,27.0,33.0,4.0,60.0,30 - 44,33 - 40,some additional training,1.38021124171161,0.160010781461537,4.37624562704791e-05,2.01602399260899
208,FEMALES,27,MARRIED FIRST TIME,NO,SOME SECONDARY,WORK,NO,,5.0,3.0,4.0,4.0,5.0,4.0,4.0,4.0,4.0,4.0,3.0,3.0,3.0,5.0,3.0,3.0,4.0,1.0,5.0,5.0,3.0,3.0,2.0,2.0,3.0,3.0,3.0,3.0,2.0,5.0,4.0,2.0,2.0,6.0,6.0,6.0,6.0,3.0,3.0,2.0,2.0,4.0,4.0,2.0,3.0,4.0,3.0,3.0,4.0,4.0,4.0,3.0,1.0,4.0,1.0,4.0,1.0,4.0,1.0,1.0,1.0,1.0,1.0,0.0,1.0,0.0,0.0,0.0,3.0,4.0,3.0,4.0,4.0,1.0,2.0,4.0,2.0,4.0,4.0,4.0,4.0,2.0,3.0,3.0,2.0,3.0,3.0,2.0,2.0,1.0,1.0,1.0,2.0,2.0,2.0,2.0,3.0,2.0,1.0,4.0,4.0,4.0,1.0,3.0,2.0,4.0,2.0,3.0,3.0,21.0,14.0,40.0,23.0,27.0,24.0,33.0,6.0,54.0,18 - 29,25 - 32,did not complete high school,1.36172783601759,4.1223546046007,0.0172230598885456,1.992893185164
490,FEMALES,22,SINGLE,NO,COMPLETED UNDERGRADUATE,WORK,NO,,5.0,1.0,5.0,1.0,5.0,1.0,1.0,4.0,1.0,1.0,4.0,1.0,2.0,4.0,2.0,3.0,4.0,1.0,4.0,4.0,2.0,4.0,2.0,2.0,3.0,4.0,2.0,4.0,1.0,3.0,4.0,3.0,2.0,5.0,7.0,7.0,7.0,7.0,2.0,3.0,3.0,5.0,4.0,3.0,5.0,5.0,3.0,2.0,4.0,4.0,1.0,1.0,1.0,4.0,2.0,4.0,1.0,3.0,0.0,1.0,0.0,1.0,0.0,0.0,1.0,1.0,1.0,1.0,1.0,1.0,3.0,4.0,4.0,4.0,2.0,4.0,3.0,5.0,2.0,4.0,4.0,4.0,2.0,2.0,4.0,3.0,5.0,5.0,5.0,4.0,4.0,4.0,4.0,3.0,1.0,2.0,1.0,1.0,4.0,4.0,3.0,4.0,2.0,5.0,5.0,4.0,4.0,4.0,4.0,30.0,27.0,38.0,20.0,33.0,21.0,34.0,6.0,72.0,18 - 29,18 - 24,completed undergrad uni,1.30102999566398,1.8343389058633,2.58569355747799e-05,1.99048843393235
164,MALES,31,STEADY RELATIONSHIP,NO,COMPLETED UNDERGRADUATE,WORK,NO,0.0,3.0,3.0,2.0,3.0,3.0,3.0,2.0,3.0,3.0,2.0,4.0,3.0,3.0,3.0,2.0,2.0,2.0,1.0,3.0,3.0,2.0,3.0,1.0,3.0,3.0,2.0,2.0,3.0,2.0,3.0,2.0,2.0,2.0,4.0,4.0,3.0,4.0,3.0,3.0,3.0,4.0,3.0,3.0,3.0,3.0,3.0,3.0,4.0,3.0,3.0,3.0,3.0,2.0,2.0,3.0,2.0,3.0,3.0,1.0,1.0,1.0,0.0,0.0,0.0,0.0,1.0,0.0,0.0,4.0,3.0,3.0,4.0,3.0,4.0,4.0,3.0,4.0,4.0,2.0,4.0,3.0,3.0,2.0,2.0,4.0,5.0,3.0,3.0,3.0,3.0,2.0,3.0,2.0,2.0,3.0,3.0,3.0,3.0,2.0,3.0,2.0,2.0,2.0,2.0,3.0,2.0,4.0,4.0,4.0,17.0,19.0,27.0,19.0,18.0,32.0,24.0,4.0,63.0,30 - 44,25 - 32,completed undergrad uni,1.27875360095283,0.915879291781543,0.0013010186565364,1.97014560230515
82,FEMALES,49,DIVORCED,NO,COMPLETED HIGHSCHOOL,WORK,NO,0.0,2.0,3.0,3.0,4.0,3.0,3.0,3.0,3.0,1.0,1.0,3.0,2.0,2.0,3.0,4.0,1.0,2.0,2.0,4.0,3.0,4.0,4.0,4.0,4.0,2.0,2.0,2.0,2.0,3.0,2.0,3.0,2.0,2.0,2.0,2.0,2.0,3.0,3.0,3.0,3.0,4.0,4.0,2.0,3.0,2.0,3.0,4.0,4.0,3.0,3.0,3.0,3.0,3.0,3.0,4.0,3.0,4.0,2.0,1.0,1.0,1.0,0.0,1.0,0.0,0.0,0.0,1.0,1.0,4.0,4.0,2.0,2.0,4.0,2.0,5.0,2.0,2.0,2.0,3.0,3.0,4.0,3.0,3.0,3.0,3.0,3.0,3.0,2.0,3.0,2.0,4.0,4.0,3.0,3.0,2.0,4.0,4.0,3.0,2.0,2.0,1.0,1.0,3.0,2.0,2.0,1.0,3.0,3.0,3.0,16.0,22.0,27.0,28.0,12.0,34.0,24.0,6.0,46.0,45+,41 - 49,completed high school,1.44715803134222,2.15154870627572,0.0032343100324084,1.96726274978539
293,MALES,34,MARRIED FIRST TIME,YES,SOME ADDITIONAL TRAINING,WORK,YES,20.0,3.0,1.0,4.0,1.0,5.0,4.0,1.0,4.0,1.0,1.0,4.0,1.0,3.0,5.0,3.0,2.0,4.0,2.0,5.0,4.0,2.0,4.0,1.0,3.0,4.0,4.0,2.0,5.0,2.0,4.0,4.0,2.0,1.0,5.0,4.0,4.0,4.0,3.0,3.0,3.0,4.0,3.0,5.0,2.0,4.0,4.0,4.0,2.0,4.0,4.0,1.0,4.0,1.0,4.0,1.0,4.0,2.0,1.0,1.0,1.0,1.0,0.0,0.0,1.0,0.0,1.0,0.0,0.0,2.0,3.0,5.0,4.0,4.0,4.0,2.0,3.0,4.0,4.0,2.0,4.0,3.0,4.0,2.0,2.0,4.0,4.0,5.0,5.0,2.0,4.0,4.0,4.0,4.0,2.0,3.0,1.0,2.0,2.0,4.0,4.0,4.0,3.0,4.0,4.0,3.0,4.0,4.0,4.0,4.0,24.0,26.0,43.0,20.0,20.0,26.0,39.0,5.0,70.0,30 - 44,33 - 40,some additional training,1.30102999566398,1.20925943259505,0.0012176482703918,1.95958550884672
292,FEMALES,33,MARRIED FIRST TIME,YES,COMPLETED HIGHSCHOOL,CHILDREN,YES,70.0,4.0,3.0,5.0,1.0,1.0,5.0,2.0,3.0,2.0,3.0,3.0,4.0,4.0,3.0,2.0,2.0,4.0,2.0,2.0,2.0,2.0,2.0,2.0,3.0,2.0,2.0,2.0,3.0,2.0,2.0,2.0,4.0,4.0,4.0,5.0,6.0,6.0,6.0,4.0,3.0,3.0,3.0,3.0,3.0,3.0,3.0,4.0,3.0,3.0,3.0,1.0,3.0,1.0,2.0,4.0,2.0,3.0,3.0,1.0,1.0,1.0,1.0,1.0,0.0,1.0,1.0,0.0,0.0,4.0,4.0,2.0,2.0,2.0,1.0,2.0,2.0,4.0,3.0,3.0,2.0,2.0,1.0,4.0,4.0,2.0,3.0,3.0,5.0,1.0,3.0,3.0,2.0,1.0,1.0,3.0,3.0,3.0,3.0,4.0,4.0,1.0,2.0,2.0,2.0,2.0,4.0,3.0,2.0,2.0,19.0,16.0,24.0,25.0,27.0,32.0,26.0,7.0,41.0,30 - 44,33 - 40,completed high school,1.39794000867204,3.17431252940064,0.0005753163143416,1.95906209733182
536,FEMALES,24,MARRIED FIRST TIME,NO,SOME ADDITIONAL TRAINING,WORK,NO,0.0,5.0,1.0,5.0,1.0,4.0,4.0,1.0,4.0,2.0,2.0,4.0,1.0,1.0,4.0,1.0,1.0,3.0,1.0,4.0,4.0,1.0,2.0,1.0,1.0,3.0,3.0,1.0,5.0,1.0,4.0,4.0,1.0,1.0,7.0,7.0,7.0,7.0,7.0,1.0,1.0,3.0,4.0,4.0,2.0,3.0,4.0,2.0,2.0,4.0,4.0,1.0,4.0,1.0,4.0,2.0,4.0,1.0,1.0,0.0,1.0,1.0,1.0,1.0,1.0,1.0,0.0,0.0,0.0,3.0,2.0,3.0,2.0,2.0,4.0,2.0,4.0,3.0,3.0,2.0,3.0,4.0,4.0,2.0,2.0,4.0,4.0,5.0,5.0,2.0,4.0,3.0,3.0,4.0,4.0,2.0,2.0,3.0,2.0,4.0,4.0,3.0,4.0,4.0,3.0,4.0,4.0,4.0,4.0,4.0,26.0,26.0,36.0,10.0,35.0,20.0,39.0,6.0,63.0,18 - 29,18 - 24,some additional training,1.0,1.31417610205586,0.0013461352651752,1.93352203493918
214,MALES,56,MARRIED FIRST TIME,NO,SOME SECONDARY,MONEY/FINANCES,NO,,3.0,3.0,4.0,2.0,4.0,4.0,2.0,4.0,1.0,1.0,3.0,1.0,2.0,3.0,2.0,1.0,4.0,1.0,3.0,3.0,2.0,3.0,2.0,2.0,3.0,3.0,1.0,4.0,1.0,4.0,3.0,2.0,2.0,6.0,6.0,6.0,6.0,6.0,2.0,2.0,2.0,4.0,4.0,2.0,4.0,4.0,3.0,1.0,4.0,4.0,1.0,4.0,1.0,3.0,2.0,3.0,2.0,1.0,1.0,1.0,1.0,0.0,0.0,0.0,0.0,1.0,0.0,0.0,3.0,3.0,4.0,4.0,4.0,2.0,2.0,2.0,4.0,4.0,1.0,2.0,4.0,2.0,2.0,2.0,2.0,3.0,3.0,4.0,2.0,3.0,4.0,4.0,4.0,3.0,2.0,2.0,2.0,2.0,4.0,4.0,3.0,3.0,4.0,3.0,3.0,4.0,5.0,4.0,4.0,20.0,25.0,33.0,16.0,30.0,20.0,36.0,4.0,60.0,45+,50+,did not complete high school,1.20411998265592,0.976323158284673,0.0019827240866237,1.92288491084124
402,FEMALES,23,SINGLE,YES,COMPLETED UNDERGRADUATE,WORK,NO,,4.0,3.0,4.0,2.0,4.0,2.0,2.0,3.0,2.0,2.0,3.0,2.0,2.0,3.0,4.0,1.0,3.0,1.0,3.0,2.0,2.0,3.0,3.0,4.0,1.0,2.0,1.0,2.0,1.0,2.0,3.0,3.0,4.0,5.0,5.0,4.0,6.0,6.0,4.0,2.0,4.0,4.0,5.0,4.0,3.0,4.0,5.0,3.0,4.0,3.0,1.0,3.0,2.0,3.0,1.0,3.0,2.0,1.0,1.0,0.0,1.0,1.0,1.0,0.0,0.0,0.0,0.0,1.0,2.0,3.0,3.0,2.0,4.0,4.0,4.0,2.0,3.0,3.0,3.0,3.0,4.0,4.0,4.0,4.0,3.0,4.0,3.0,4.0,4.0,3.0,3.0,3.0,3.0,3.0,2.0,1.0,3.0,2.0,4.0,3.0,4.0,3.0,4.0,4.0,3.0,2.0,3.0,2.0,2.0,23.0,21.0,24.0,24.0,26.0,30.0,34.0,5.0,55.0,18 - 29,18 - 24,completed undergrad uni,1.38021124171161,0.224025165357935,0.0001724806015831,1.9145226986544
56,FEMALES,48,MARRIED FIRST TIME,YES,SOME ADDITIONAL TRAINING,FAMILY,NO,0.0,3.0,3.0,3.0,3.0,4.0,1.0,3.0,4.0,3.0,4.0,3.0,4.0,4.0,4.0,4.0,2.0,3.0,1.0,5.0,5.0,4.0,3.0,2.0,2.0,2.0,2.0,2.0,4.0,2.0,4.0,3.0,3.0,5.0,4.0,3.0,2.0,3.0,2.0,3.0,4.0,5.0,4.0,3.0,3.0,3.0,4.0,5.0,3.0,4.0,4.0,1.0,4.0,1.0,4.0,4.0,4.0,1.0,1.0,1.0,1.0,1.0,0.0,1.0,0.0,0.0,1.0,0.0,1.0,4.0,3.0,4.0,4.0,4.0,2.0,1.0,4.0,2.0,1.0,1.0,1.0,1.0,1.0,5.0,4.0,1.0,1.0,3.0,3.0,5.0,2.0,2.0,1.0,1.0,1.0,2.0,3.0,3.0,2.0,4.0,4.0,1.0,4.0,4.0,2.0,3.0,5.0,5.0,1.0,2.0,21.0,14.0,35.0,27.0,14.0,33.0,37.0,6.0,44.0,45+,41 - 49,some additional training,1.43136376415899,4.01184709150215,0.0004946570419923,1.90697694402695
105,MALES,48,MARRIED FIRST TIME,YES,SOME ADDITIONAL TRAINING,,NO,0.0,4.0,2.0,4.0,4.0,4.0,4.0,3.0,3.0,2.0,2.0,3.0,1.0,1.0,4.0,1.0,1.0,4.0,1.0,3.0,4.0,1.0,4.0,1.0,1.0,3.0,3.0,1.0,4.0,1.0,3.0,4.0,1.0,1.0,5.0,5.0,5.0,5.0,4.0,2.0,2.0,2.0,4.0,3.0,1.0,4.0,4.0,4.0,3.0,4.0,4.0,2.0,4.0,1.0,4.0,1.0,3.0,1.0,1.0,0.0,0.0,1.0,0.0,0.0,0.0,1.0,1.0,0.0,1.0,4.0,2.0,4.0,4.0,4.0,3.0,3.0,4.0,4.0,4.0,2.0,3.0,3.0,3.0,4.0,2.0,3.0,3.0,4.0,2.0,2.0,2.0,3.0,3.0,4.0,4.0,2.0,3.0,2.0,2.0,3.0,4.0,4.0,4.0,4.0,2.0,4.0,3.0,4.0,2.0,4.0,20.0,22.0,36.0,10.0,24.0,23.0,38.0,4.0,61.0,45+,41 - 49,some additional training,1.0,0.0035417292426981,0.0005334352898469,1.90602738296725
101,FEMALES,25,LIVING WITH PARTNER,NO,COMPLETED HIGHSCHOOL,WORK,YES,140.0,4.0,2.0,4.0,2.0,5.0,2.0,2.0,4.0,2.0,1.0,4.0,2.0,1.0,4.0,2.0,1.0,3.0,1.0,3.0,3.0,2.0,5.0,1.0,2.0,4.0,4.0,1.0,5.0,1.0,4.0,4.0,2.0,2.0,6.0,6.0,6.0,4.0,7.0,2.0,2.0,1.0,4.0,4.0,2.0,4.0,4.0,2.0,2.0,4.0,4.0,1.0,3.0,1.0,4.0,1.0,4.0,4.0,4.0,1.0,1.0,1.0,0.0,0.0,0.0,0.0,1.0,0.0,0.0,2.0,3.0,2.0,4.0,5.0,5.0,3.0,3.0,4.0,3.0,3.0,3.0,3.0,3.0,2.0,2.0,4.0,5.0,4.0,4.0,4.0,3.0,3.0,4.0,3.0,4.0,2.0,2.0,2.0,2.0,4.0,4.0,4.0,1.0,1.0,4.0,3.0,3.0,3.0,4.0,4.0,25.0,25.0,39.0,15.0,29.0,19.0,33.0,4.0,65.0,18 - 29,25 - 32,completed high school,1.17609125905568,0.669487691113568,0.0017584690113576,1.89669304325948
246,MALES,65,MARRIED FIRST TIME,YES,SOME ADDITIONAL TRAINING,FAMILY,NO,0.0,3.0,4.0,4.0,2.0,4.0,3.0,1.0,2.0,3.0,3.0,3.0,2.0,2.0,4.0,1.0,1.0,4.0,1.0,4.0,4.0,1.0,3.0,1.0,1.0,3.0,4.0,1.0,3.0,1.0,4.0,4.0,1.0,1.0,3.0,5.0,5.0,3.0,2.0,2.0,2.0,2.0,4.0,4.0,2.0,4.0,4.0,2.0,2.0,3.0,3.0,3.0,3.0,3.0,3.0,2.0,3.0,2.0,1.0,1.0,1.0,1.0,1.0,1.0,1.0,0.0,0.0,1.0,0.0,2.0,3.0,4.0,4.0,4.0,4.0,3.0,3.0,4.0,4.0,3.0,4.0,4.0,4.0,2.0,2.0,4.0,4.0,2.0,4.0,3.0,4.0,2.0,2.0,3.0,3.0,2.0,2.0,2.0,2.0,2.0,2.0,3.0,3.0,4.0,4.0,3.0,3.0,3.0,4.0,4.0,20.0,19.0,37.0,10.0,18.0,20.0,29.0,7.0,68.0,45+,50+,some additional training,1.0,1.79633686673237,0.0062354225923797,1.89387105465265
111,MALES,32,MARRIED FIRST TIME,YES,COMPLETED UNDERGRADUATE,CHILDREN,NO,0.0,3.0,2.0,4.0,2.0,4.0,2.0,2.0,4.0,1.0,2.0,3.0,1.0,2.0,4.0,2.0,1.0,4.0,1.0,4.0,5.0,1.0,5.0,2.0,2.0,4.0,4.0,1.0,4.0,2.0,4.0,5.0,1.0,1.0,6.0,6.0,6.0,6.0,5.0,3.0,2.0,2.0,4.0,4.0,2.0,4.0,5.0,3.0,2.0,3.0,4.0,1.0,4.0,2.0,4.0,1.0,4.0,1.0,2.0,1.0,1.0,1.0,0.0,1.0,1.0,1.0,1.0,0.0,1.0,2.0,3.0,5.0,4.0,5.0,4.0,2.0,4.0,4.0,4.0,1.0,4.0,3.0,4.0,1.0,1.0,4.0,4.0,4.0,4.0,4.0,3.0,4.0,3.0,4.0,3.0,2.0,2.0,2.0,1.0,4.0,3.0,4.0,4.0,3.0,4.0,3.0,4.0,5.0,5.0,5.0,23.0,24.0,43.0,14.0,29.0,21.0,37.0,8.0,75.0,30 - 44,25 - 32,completed undergrad uni,1.14612803567824,1.44357886052974,0.0003464100394154,1.89102664005773
83,FEMALES,42,MARRIED FIRST TIME,YES,SOME SECONDARY,"TIME (lack of time, too much to do)",NO,0.0,3.0,3.0,3.0,3.0,4.0,4.0,2.0,1.0,1.0,1.0,1.0,1.0,1.0,4.0,1.0,2.0,4.0,1.0,4.0,3.0,2.0,4.0,1.0,2.0,3.0,3.0,2.0,4.0,1.0,4.0,4.0,2.0,1.0,7.0,7.0,7.0,7.0,7.0,1.0,5.0,2.0,5.0,5.0,2.0,4.0,5.0,2.0,2.0,4.0,4.0,1.0,4.0,4.0,4.0,1.0,4.0,1.0,4.0,1.0,1.0,1.0,1.0,1.0,0.0,1.0,1.0,0.0,0.0,4.0,2.0,4.0,5.0,3.0,1.0,4.0,4.0,5.0,4.0,5.0,2.0,4.0,1.0,4.0,4.0,1.0,2.0,3.0,3.0,2.0,3.0,4.0,4.0,4.0,4.0,1.0,1.0,2.0,1.0,4.0,1.0,4.0,4.0,1.0,2.0,4.0,2.0,1.0,2.0,2.0,18.0,21.0,37.0,15.0,35.0,19.0,34.0,7.0,49.0,30 - 44,41 - 49,did not complete high school,1.17609125905568,1.07498383450505,0.0094331538683895,1.88741003604597
191,FEMALES,49,MARRIED FIRST TIME,YES,SOME SECONDARY,CHILDREN,NO,0.0,3.0,1.0,5.0,1.0,5.0,1.0,2.0,3.0,1.0,1.0,4.0,1.0,2.0,4.0,2.0,1.0,4.0,2.0,4.0,4.0,1.0,4.0,1.0,1.0,3.0,4.0,1.0,4.0,1.0,4.0,4.0,1.0,1.0,6.0,6.0,6.0,6.0,6.0,3.0,3.0,3.0,4.0,4.0,3.0,4.0,4.0,3.0,2.0,4.0,4.0,1.0,4.0,1.0,4.0,1.0,4.0,1.0,1.0,1.0,0.0,1.0,0.0,1.0,0.0,1.0,0.0,0.0,0.0,2.0,2.0,4.0,4.0,4.0,4.0,3.0,4.0,3.0,4.0,3.0,4.0,4.0,4.0,2.0,2.0,4.0,4.0,5.0,5.0,5.0,3.0,4.0,4.0,4.0,3.0,2.0,2.0,2.0,2.0,4.0,4.0,4.0,4.0,4.0,4.0,4.0,3.0,3.0,4.0,4.0,28.0,25.0,39.0,12.0,30.0,25.0,40.0,4.0,69.0,45+,41 - 49,did not complete high school,1.07918124604762,0.767841047514124,0.000238202430341,1.88023120763796
486,MALES,24,SINGLE,NO,COMPLETED HIGHSCHOOL,WORK,NO,,5.0,4.0,4.0,2.0,4.0,3.0,2.0,4.0,2.0,2.0,2.0,2.0,3.0,4.0,3.0,1.0,2.0,2.0,3.0,3.0,2.0,2.0,1.0,2.0,2.0,3.0,1.0,4.0,1.0,2.0,2.0,2.0,1.0,6.0,7.0,5.0,4.0,3.0,4.0,3.0,2.0,4.0,3.0,2.0,3.0,2.0,3.0,3.0,4.0,4.0,1.0,4.0,1.0,3.0,3.0,3.0,2.0,2.0,1.0,1.0,0.0,0.0,1.0,0.0,0.0,0.0,0.0,1.0,2.0,4.0,3.0,4.0,4.0,3.0,2.0,1.0,2.0,4.0,4.0,3.0,3.0,2.0,3.0,3.0,3.0,4.0,2.0,4.0,3.0,3.0,3.0,3.0,3.0,2.0,2.0,3.0,3.0,4.0,4.0,4.0,2.0,3.0,3.0,4.0,2.0,4.0,2.0,3.0,3.0,22.0,20.0,27.0,16.0,25.0,29.0,34.0,4.0,54.0,18 - 29,18 - 24,completed high school,1.20411998265592,0.339205435339703,3.0961140708952e-09,1.86882179601034
94,FEMALES,21,SINGLE,NO,COMPLETED UNDERGRADUATE,WORK,NO,0.0,4.0,2.0,4.0,2.0,3.0,2.0,2.0,3.0,2.0,2.0,3.0,3.0,4.0,3.0,3.0,1.0,3.0,1.0,4.0,2.0,3.0,3.0,1.0,3.0,2.0,3.0,1.0,2.0,1.0,3.0,2.0,1.0,1.0,3.0,3.0,3.0,3.0,3.0,3.0,3.0,3.0,3.0,3.0,3.0,3.0,3.0,3.0,2.0,4.0,4.0,1.0,3.0,1.0,2.0,2.0,4.0,1.0,2.0,0.0,1.0,1.0,1.0,0.0,0.0,1.0,0.0,0.0,1.0,2.0,2.0,4.0,3.0,4.0,3.0,4.0,3.0,3.0,4.0,4.0,4.0,2.0,3.0,2.0,3.0,4.0,4.0,4.0,4.0,4.0,3.0,3.0,3.0,2.0,1.0,3.0,3.0,3.0,3.0,4.0,4.0,3.0,4.0,3.0,4.0,4.0,2.0,2.0,4.0,3.0,23.0,18.0,27.0,16.0,15.0,29.0,35.0,5.0,60.0,18 - 29,18 - 24,completed undergrad uni,1.20411998265592,1.16631993112839,3.40468337514813e-06,1.86882179601034
89,MALES,22,STEADY RELATIONSHIP,NO,COMPLETED UNDERGRADUATE,WORK,NO,0.0,4.0,1.0,4.0,1.0,5.0,1.0,1.0,4.0,1.0,1.0,4.0,1.0,1.0,5.0,5.0,1.0,4.0,1.0,2.0,5.0,1.0,5.0,2.0,3.0,2.0,5.0,1.0,5.0,2.0,4.0,3.0,2.0,1.0,6.0,6.0,6.0,6.0,2.0,4.0,2.0,4.0,5.0,5.0,3.0,4.0,5.0,1.0,2.0,4.0,4.0,1.0,4.0,1.0,4.0,2.0,4.0,1.0,1.0,1.0,1.0,1.0,1.0,1.0,1.0,1.0,1.0,0.0,0.0,2.0,2.0,3.0,2.0,3.0,5.0,1.0,4.0,4.0,4.0,2.0,4.0,2.0,4.0,2.0,2.0,4.0,4.0,5.0,5.0,5.0,4.0,4.0,4.0,4.0,4.0,1.0,1.0,2.0,1.0,4.0,4.0,3.0,4.0,4.0,4.0,4.0,5.0,4.0,4.0,4.0,28.0,28.0,40.0,19.0,26.0,21.0,39.0,8.0,68.0,18 - 29,18 - 24,completed undergrad uni,1.27875360095283,2.52434526946095,4.39505951265845e-05,1.85210691951272
211,MALES,33,MARRIED FIRST TIME,YES,COMPLETED HIGHSCHOOL,FAMILY,NO,,3.0,2.0,4.0,3.0,5.0,3.0,2.0,2.0,2.0,3.0,4.0,1.0,2.0,3.0,2.0,1.0,2.0,1.0,2.0,3.0,2.0,4.0,2.0,3.0,1.0,2.0,1.0,3.0,1.0,4.0,2.0,2.0,1.0,5.0,6.0,5.0,7.0,2.0,3.0,3.0,3.0,4.0,4.0,2.0,4.0,3.0,4.0,2.0,3.0,4.0,1.0,3.0,2.0,3.0,2.0,3.0,3.0,1.0,0.0,1.0,1.0,1.0,0.0,0.0,1.0,1.0,1.0,0.0,2.0,4.0,4.0,3.0,5.0,3.0,3.0,3.0,4.0,4.0,2.0,3.0,4.0,2.0,3.0,2.0,4.0,4.0,4.0,3.0,3.0,3.0,3.0,2.0,4.0,3.0,2.0,2.0,2.0,3.0,4.0,3.0,3.0,2.0,4.0,4.0,2.0,3.0,4.0,3.0,4.0,22.0,21.0,26.0,16.0,25.0,26.0,32.0,6.0,63.0,30 - 44,33 - 40,completed high school,1.20411998265592,0.159081211367148,3.10457048136892e-05,1.85027680469777
42,MALES,50,REMARRIED,YES,POSTGRADUATE COMPLETED,MONEY/FINANCES,NO,0.0,4.0,2.0,4.0,1.0,5.0,1.0,1.0,3.0,1.0,1.0,4.0,2.0,1.0,5.0,4.0,2.0,3.0,1.0,4.0,3.0,3.0,4.0,4.0,3.0,4.0,4.0,2.0,3.0,1.0,4.0,5.0,3.0,1.0,7.0,6.0,6.0,7.0,6.0,2.0,3.0,3.0,4.0,4.0,3.0,3.0,4.0,3.0,2.0,4.0,4.0,1.0,4.0,1.0,4.0,1.0,4.0,4.0,3.0,1.0,1.0,1.0,0.0,0.0,0.0,0.0,0.0,0.0,0.0,3.0,2.0,5.0,5.0,5.0,4.0,1.0,4.0,4.0,4.0,1.0,4.0,3.0,3.0,2.0,1.0,4.0,4.0,4.0,5.0,5.0,4.0,4.0,4.0,3.0,4.0,2.0,2.0,3.0,2.0,4.0,4.0,4.0,1.0,2.0,3.0,4.0,5.0,5.0,4.0,5.0,27.0,26.0,39.0,24.0,32.0,25.0,35.0,3.0,75.0,45+,50+,completed postgrad uni,1.38021124171161,1.70735517130449,0.0013947637685139,1.84340617211606
515,FEMALES,26,LIVING WITH PARTNER,NO,COMPLETED UNDERGRADUATE,WORK,NO,0.0,5.0,1.0,4.0,2.0,5.0,2.0,1.0,4.0,1.0,1.0,4.0,3.0,3.0,4.0,4.0,3.0,2.0,2.0,4.0,5.0,4.0,4.0,2.0,3.0,1.0,4.0,2.0,3.0,3.0,2.0,2.0,3.0,2.0,5.0,5.0,6.0,6.0,3.0,2.0,3.0,5.0,4.0,4.0,5.0,3.0,3.0,5.0,4.0,4.0,4.0,1.0,4.0,1.0,4.0,2.0,4.0,3.0,3.0,1.0,1.0,0.0,0.0,1.0,0.0,1.0,1.0,0.0,0.0,2.0,4.0,4.0,4.0,4.0,4.0,5.0,2.0,3.0,3.0,2.0,4.0,3.0,2.0,4.0,3.0,2.0,2.0,5.0,4.0,4.0,4.0,4.0,4.0,2.0,2.0,2.0,2.0,3.0,3.0,4.0,4.0,3.0,2.0,2.0,4.0,2.0,1.0,4.0,2.0,3.0,27.0,24.0,31.0,28.0,25.0,34.0,35.0,5.0,53.0,18 - 29,25 - 32,completed undergrad uni,1.44715803134222,1.50274679280298,0.0058419801151038,1.83766554367671
251,MALES,45,MARRIED FIRST TIME,YES,SOME ADDITIONAL TRAINING,WORK,NO,0.0,4.0,2.0,4.0,2.0,5.0,1.0,4.0,3.0,2.0,2.0,4.0,2.0,2.0,3.0,3.0,2.0,1.0,2.0,3.0,3.0,2.0,3.0,2.0,2.0,3.0,2.0,1.0,4.0,1.0,3.0,2.0,1.0,1.0,3.0,5.0,4.0,3.0,2.0,2.0,4.0,3.0,3.0,4.0,3.0,3.0,3.0,4.0,3.0,4.0,4.0,3.0,3.0,3.0,4.0,2.0,2.0,2.0,1.0,1.0,0.0,1.0,1.0,0.0,0.0,0.0,1.0,1.0,0.0,2.0,3.0,1.0,3.0,1.0,1.0,2.0,1.0,2.0,2.0,2.0,2.0,2.0,2.0,2.0,4.0,2.0,2.0,4.0,4.0,5.0,1.0,3.0,3.0,3.0,3.0,3.0,2.0,3.0,3.0,2.0,2.0,3.0,3.0,4.0,4.0,3.0,4.0,4.0,4.0,2.0,26.0,20.0,27.0,17.0,17.0,30.0,31.0,5.0,42.0,45+,41 - 49,some additional training,1.23044892137827,2.59767074719749,0.0001893480885936,1.827524347391
516,MALES,40,MARRIED FIRST TIME,NO,COMPLETED HIGHSCHOOL,WORK,NO,0.0,2.0,3.0,4.0,2.0,4.0,4.0,2.0,3.0,2.0,1.0,4.0,3.0,1.0,4.0,2.0,1.0,3.0,1.0,4.0,5.0,2.0,3.0,1.0,1.0,3.0,5.0,1.0,4.0,1.0,3.0,2.0,2.0,1.0,5.0,4.0,5.0,2.0,1.0,2.0,1.0,2.0,4.0,4.0,3.0,3.0,4.0,1.0,1.0,3.0,3.0,1.0,3.0,4.0,3.0,2.0,3.0,2.0,1.0,0.0,1.0,1.0,0.0,1.0,0.0,1.0,1.0,1.0,1.0,2.0,2.0,5.0,4.0,4.0,4.0,3.0,3.0,4.0,4.0,2.0,4.0,3.0,3.0,2.0,4.0,3.0,3.0,3.0,4.0,2.0,3.0,3.0,4.0,2.0,4.0,2.0,2.0,3.0,2.0,4.0,1.0,3.0,3.0,4.0,4.0,4.0,3.0,4.0,4.0,2.0,19.0,23.0,36.0,13.0,17.0,19.0,30.0,7.0,65.0,30 - 44,33 - 40,completed high school,1.11394335230684,0.153433625515119,0.001902491862344,1.82713685812065
476,FEMALES,61,MARRIED FIRST TIME,NO,SOME SECONDARY,LIFE IN GENERAL,YES,,5.0,1.0,5.0,1.0,5.0,1.0,4.0,3.0,1.0,2.0,4.0,1.0,1.0,5.0,1.0,1.0,3.0,1.0,4.0,4.0,1.0,3.0,1.0,1.0,4.0,4.0,1.0,3.0,1.0,3.0,3.0,1.0,1.0,5.0,6.0,7.0,7.0,7.0,3.0,3.0,2.0,4.0,3.0,2.0,5.0,4.0,1.0,2.0,4.0,4.0,1.0,4.0,1.0,4.0,1.0,4.0,1.0,1.0,1.0,1.0,1.0,0.0,1.0,0.0,1.0,1.0,0.0,1.0,1.0,1.0,4.0,4.0,4.0,4.0,4.0,5.0,5.0,5.0,5.0,5.0,4.0,5.0,4.0,1.0,4.0,4.0,5.0,5.0,5.0,1.0,4.0,3.0,4.0,4.0,2.0,3.0,1.0,2.0,4.0,4.0,4.0,4.0,4.0,5.0,5.0,2.0,1.0,2.0,5.0,30.0,23.0,36.0,10.0,32.0,21.0,40.0,7.0,73.0,45+,50+,did not complete high school,1.0,1.13617295195346,0.0007171277062007,1.80288737596452
86,MALES,22,SINGLE,NO,COMPLETED UNDERGRADUATE,WORK,NO,0.0,4.0,2.0,4.0,3.0,3.0,4.0,3.0,4.0,2.0,2.0,4.0,1.0,1.0,5.0,1.0,2.0,5.0,1.0,3.0,5.0,1.0,4.0,1.0,2.0,3.0,5.0,3.0,5.0,2.0,4.0,4.0,4.0,2.0,6.0,5.0,5.0,5.0,1.0,1.0,2.0,4.0,4.0,4.0,3.0,3.0,4.0,3.0,2.0,4.0,4.0,1.0,3.0,1.0,4.0,2.0,4.0,2.0,1.0,1.0,1.0,1.0,1.0,1.0,1.0,1.0,1.0,1.0,0.0,2.0,3.0,2.0,4.0,5.0,4.0,4.0,5.0,4.0,4.0,2.0,3.0,3.0,3.0,3.0,2.0,3.0,4.0,4.0,3.0,2.0,2.0,3.0,3.0,4.0,4.0,2.0,2.0,3.0,2.0,4.0,4.0,3.0,3.0,4.0,4.0,3.0,2.0,4.0,3.0,4.0,20.0,24.0,43.0,19.0,22.0,24.0,37.0,9.0,64.0,18 - 29,18 - 24,completed undergrad uni,1.27875360095283,0.31753978925996,3.0892409347622e-05,1.7913735885482
110,FEMALES,27,SINGLE,NO,COMPLETED UNDERGRADUATE,RELATIONSHIPS,YES,50.0,3.0,3.0,4.0,2.0,4.0,4.0,2.0,4.0,1.0,1.0,4.0,1.0,2.0,2.0,4.0,2.0,4.0,1.0,2.0,3.0,2.0,2.0,3.0,3.0,2.0,3.0,2.0,2.0,1.0,2.0,3.0,1.0,2.0,2.0,3.0,3.0,2.0,1.0,3.0,2.0,3.0,3.0,3.0,2.0,4.0,3.0,4.0,2.0,4.0,4.0,1.0,1.0,1.0,3.0,3.0,4.0,2.0,2.0,0.0,1.0,1.0,1.0,1.0,0.0,0.0,0.0,0.0,0.0,2.0,3.0,3.0,3.0,3.0,2.0,3.0,4.0,4.0,4.0,2.0,2.0,2.0,2.0,4.0,4.0,2.0,4.0,3.0,4.0,2.0,3.0,4.0,4.0,4.0,3.0,3.0,3.0,2.0,3.0,4.0,4.0,2.0,3.0,3.0,4.0,3.0,3.0,4.0,2.0,2.0,20.0,26.0,25.0,21.0,11.0,27.0,32.0,4.0,53.0,18 - 29,25 - 32,completed undergrad uni,1.32221929473392,3.08765967296636,0.0004483187678273,1.78853142974786
80,FEMALES,22,SINGLE,NO,COMPLETED HIGHSCHOOL,"TIME (lack of time, too much to do)",NO,0.0,5.0,1.0,5.0,1.0,5.0,1.0,2.0,2.0,2.0,1.0,1.0,2.0,3.0,4.0,2.0,1.0,4.0,1.0,5.0,4.0,1.0,4.0,1.0,1.0,4.0,3.0,1.0,4.0,1.0,5.0,4.0,1.0,2.0,6.0,7.0,7.0,7.0,7.0,2.0,2.0,3.0,4.0,5.0,2.0,3.0,4.0,2.0,1.0,4.0,4.0,1.0,4.0,1.0,4.0,1.0,4.0,1.0,1.0,1.0,1.0,1.0,0.0,0.0,0.0,0.0,1.0,0.0,0.0,5.0,4.0,3.0,3.0,4.0,4.0,2.0,5.0,2.0,4.0,2.0,4.0,4.0,3.0,1.0,2.0,3.0,4.0,5.0,5.0,5.0,3.0,3.0,4.0,3.0,2.0,2.0,1.0,3.0,2.0,4.0,4.0,4.0,4.0,4.0,1.0,2.0,4.0,4.0,5.0,4.0,30.0,18.0,41.0,12.0,34.0,20.0,40.0,4.0,63.0,18 - 29,18 - 24,completed high school,1.07918124604762,1.555457482708,0.0083298725861512,1.77671465522461
433,FEMALES,49,REMARRIED,YES,SOME ADDITIONAL TRAINING,MONEY/FINANCES,NO,0.0,4.0,2.0,4.0,1.0,4.0,1.0,1.0,4.0,1.0,2.0,4.0,1.0,1.0,4.0,2.0,1.0,4.0,1.0,5.0,5.0,2.0,5.0,2.0,3.0,4.0,3.0,1.0,4.0,1.0,5.0,4.0,1.0,1.0,6.0,6.0,6.0,6.0,6.0,3.0,3.0,3.0,4.0,4.0,2.0,4.0,4.0,2.0,2.0,4.0,4.0,1.0,4.0,1.0,4.0,1.0,4.0,1.0,1.0,1.0,1.0,1.0,1.0,1.0,0.0,0.0,1.0,0.0,1.0,3.0,3.0,4.0,4.0,4.0,4.0,3.0,4.0,4.0,3.0,2.0,4.0,4.0,4.0,2.0,2.0,4.0,4.0,4.0,5.0,5.0,4.0,4.0,3.0,4.0,4.0,2.0,2.0,2.0,2.0,4.0,4.0,4.0,4.0,4.0,3.0,3.0,3.0,4.0,4.0,4.0,26.0,27.0,43.0,15.0,30.0,23.0,40.0,7.0,68.0,45+,41 - 49,some additional training,1.17609125905568,1.7469777116842,8.42830026567921e-05,1.74175427975821
220,MALES,36,MARRIED FIRST TIME,YES,SOME ADDITIONAL TRAINING,WORK,NO,,5.0,2.0,5.0,1.0,5.0,1.0,1.0,4.0,1.0,1.0,4.0,1.0,2.0,5.0,2.0,1.0,4.0,1.0,4.0,4.0,2.0,5.0,2.0,2.0,4.0,4.0,1.0,4.0,1.0,4.0,5.0,3.0,1.0,6.0,6.0,7.0,7.0,7.0,2.0,2.0,3.0,4.0,4.0,2.0,4.0,4.0,3.0,2.0,4.0,4.0,1.0,4.0,1.0,4.0,1.0,4.0,1.0,1.0,1.0,1.0,1.0,1.0,0.0,0.0,0.0,0.0,0.0,0.0,4.0,3.0,4.0,4.0,5.0,2.0,2.0,3.0,4.0,5.0,2.0,4.0,5.0,2.0,4.0,3.0,3.0,4.0,4.0,5.0,5.0,4.0,4.0,4.0,4.0,3.0,2.0,2.0,2.0,2.0,4.0,4.0,4.0,4.0,4.0,2.0,3.0,4.0,4.0,2.0,3.0,29.0,27.0,43.0,16.0,33.0,22.0,40.0,4.0,63.0,30 - 44,33 - 40,some additional training,1.20411998265592,2.06755338163212,0.0001436318568662,1.73808522465392
409,MALES,46,MARRIED FIRST TIME,NO,COMPLETED UNDERGRADUATE,WORK,NO,,3.0,3.0,3.0,2.0,4.0,3.0,4.0,4.0,4.0,4.0,2.0,2.0,3.0,3.0,4.0,2.0,3.0,2.0,4.0,3.0,2.0,2.0,3.0,3.0,2.0,2.0,2.0,3.0,3.0,2.0,3.0,2.0,2.0,4.0,4.0,4.0,3.0,3.0,4.0,4.0,3.0,3.0,2.0,3.0,3.0,3.0,4.0,3.0,2.0,4.0,2.0,3.0,2.0,3.0,2.0,3.0,2.0,1.0,0.0,1.0,1.0,0.0,1.0,1.0,1.0,0.0,0.0,0.0,3.0,3.0,3.0,2.0,4.0,3.0,3.0,3.0,2.0,3.0,2.0,3.0,3.0,2.0,4.0,4.0,3.0,3.0,3.0,4.0,3.0,1.0,1.0,1.0,3.0,2.0,3.0,4.0,3.0,3.0,3.0,3.0,3.0,3.0,4.0,3.0,3.0,3.0,4.0,2.0,2.0,20.0,14.0,27.0,25.0,18.0,34.0,31.0,5.0,51.0,45+,41 - 49,completed undergrad uni,1.39794000867204,3.88863967475762,0.0001143177968379,1.71931995076102
537,FEMALES,27,STEADY RELATIONSHIP,NO,POSTGRADUATE COMPLETED,WORK,YES,60.0,1.0,5.0,4.0,1.0,5.0,1.0,4.0,4.0,1.0,1.0,4.0,1.0,1.0,4.0,2.0,1.0,4.0,1.0,4.0,4.0,1.0,5.0,2.0,2.0,4.0,4.0,1.0,4.0,1.0,5.0,4.0,1.0,1.0,5.0,6.0,6.0,6.0,6.0,2.0,2.0,2.0,4.0,4.0,2.0,4.0,4.0,3.0,2.0,4.0,4.0,1.0,4.0,1.0,4.0,1.0,4.0,1.0,1.0,1.0,1.0,0.0,1.0,1.0,0.0,0.0,1.0,0.0,1.0,1.0,3.0,5.0,4.0,5.0,5.0,4.0,3.0,5.0,5.0,1.0,5.0,4.0,5.0,1.0,1.0,5.0,5.0,1.0,5.0,5.0,1.0,4.0,4.0,4.0,4.0,2.0,2.0,2.0,2.0,4.0,4.0,4.0,4.0,4.0,5.0,3.0,2.0,5.0,5.0,5.0,21.0,25.0,42.0,13.0,29.0,21.0,40.0,6.0,81.0,18 - 29,25 - 32,completed postgrad uni,1.11394335230684,2.89661701078214,2.85404861994675e-06,1.71397140686745
529,FEMALES,41,REMARRIED,YES,SOME ADDITIONAL TRAINING,WORK,NO,1.0,2.0,4.0,4.0,4.0,3.0,4.0,2.0,4.0,2.0,3.0,4.0,3.0,3.0,3.0,2.0,2.0,4.0,1.0,4.0,3.0,2.0,3.0,2.0,2.0,2.0,2.0,2.0,2.0,1.0,3.0,3.0,3.0,2.0,2.0,2.0,3.0,5.0,3.0,3.0,3.0,3.0,3.0,2.0,3.0,3.0,3.0,4.0,3.0,4.0,4.0,1.0,4.0,1.0,4.0,1.0,4.0,2.0,1.0,1.0,1.0,1.0,1.0,1.0,0.0,0.0,1.0,1.0,0.0,2.0,2.0,4.0,4.0,4.0,3.0,2.0,3.0,3.0,3.0,3.0,3.0,4.0,3.0,3.0,3.0,2.0,2.0,2.0,2.0,2.0,3.0,3.0,2.0,2.0,2.0,3.0,4.0,3.0,3.0,4.0,4.0,4.0,3.0,4.0,4.0,4.0,4.0,3.0,3.0,3.0,15.0,20.0,29.0,19.0,15.0,32.0,39.0,7.0,59.0,30 - 44,41 - 49,some additional training,1.27875360095283,0.209979529334582,0.00078700955169,1.70858470903083
461,FEMALES,21,SINGLE,NO,SOME ADDITIONAL TRAINING,MONEY/FINANCES,YES,50.0,1.0,4.0,2.0,4.0,2.0,5.0,1.0,4.0,2.0,2.0,4.0,3.0,2.0,4.0,4.0,1.0,3.0,1.0,4.0,3.0,3.0,4.0,2.0,3.0,3.0,3.0,2.0,4.0,2.0,3.0,4.0,3.0,4.0,3.0,3.0,4.0,4.0,2.0,4.0,4.0,5.0,4.0,3.0,3.0,4.0,3.0,4.0,3.0,4.0,4.0,1.0,4.0,1.0,3.0,1.0,3.0,2.0,2.0,1.0,1.0,1.0,1.0,0.0,1.0,0.0,1.0,0.0,0.0,1.0,3.0,3.0,4.0,4.0,5.0,3.0,5.0,3.0,4.0,4.0,3.0,2.0,3.0,2.0,4.0,4.0,5.0,2.0,2.0,1.0,4.0,3.0,3.0,2.0,3.0,2.0,3.0,2.0,3.0,4.0,4.0,4.0,3.0,3.0,5.0,3.0,3.0,2.0,4.0,2.0,10.0,23.0,35.0,25.0,16.0,33.0,36.0,6.0,64.0,18 - 29,18 - 24,some additional training,1.39794000867204,0.116546642244687,0.0028056436195871,1.69773959503586
464,MALES,36,MARRIED FIRST TIME,YES,POSTGRADUATE COMPLETED,MONEY/FINANCES,NO,0.0,4.0,1.0,5.0,1.0,4.0,4.0,1.0,3.0,1.0,1.0,4.0,1.0,2.0,4.0,2.0,1.0,3.0,1.0,3.0,5.0,1.0,5.0,3.0,3.0,4.0,4.0,1.0,4.0,1.0,4.0,4.0,4.0,3.0,6.0,6.0,6.0,6.0,5.0,2.0,2.0,3.0,4.0,4.0,2.0,4.0,4.0,3.0,2.0,4.0,4.0,1.0,4.0,1.0,4.0,1.0,4.0,2.0,1.0,1.0,1.0,1.0,0.0,0.0,0.0,0.0,0.0,0.0,0.0,2.0,1.0,5.0,4.0,4.0,4.0,2.0,3.0,4.0,4.0,1.0,4.0,4.0,4.0,1.0,1.0,4.0,4.0,5.0,5.0,2.0,4.0,4.0,4.0,4.0,3.0,2.0,2.0,2.0,2.0,4.0,4.0,4.0,3.0,4.0,4.0,5.0,4.0,5.0,5.0,5.0,25.0,26.0,40.0,20.0,29.0,22.0,39.0,3.0,76.0,30 - 44,33 - 40,completed postgrad uni,1.30102999566398,1.86427794073595,4.76597649755551e-05,1.69536123256541
357,MALES,36,MARRIED FIRST TIME,YES,POSTGRADUATE COMPLETED,"TIME (lack of time, too much to do)",NO,0.0,2.0,2.0,4.0,2.0,5.0,3.0,2.0,4.0,1.0,1.0,4.0,2.0,2.0,3.0,1.0,1.0,3.0,1.0,4.0,4.0,3.0,4.0,3.0,3.0,3.0,4.0,1.0,1.0,1.0,3.0,3.0,2.0,1.0,5.0,6.0,5.0,5.0,5.0,2.0,2.0,3.0,5.0,4.0,3.0,4.0,4.0,2.0,2.0,4.0,4.0,1.0,3.0,3.0,3.0,1.0,3.0,2.0,1.0,1.0,1.0,1.0,0.0,1.0,1.0,1.0,0.0,1.0,1.0,1.0,2.0,4.0,4.0,4.0,4.0,1.0,4.0,5.0,5.0,1.0,5.0,4.0,4.0,2.0,2.0,4.0,5.0,4.0,4.0,3.0,3.0,4.0,4.0,3.0,3.0,1.0,2.0,2.0,2.0,4.0,2.0,4.0,3.0,4.0,5.0,4.0,5.0,5.0,4.0,4.0,22.0,25.0,32.0,17.0,26.0,21.0,34.0,8.0,79.0,30 - 44,33 - 40,completed postgrad uni,1.23044892137827,2.35080894460556,3.37055400515796e-05,1.68681298999101
44,MALES,40,MARRIED FIRST TIME,YES,COMPLETED UNDERGRADUATE,MONEY/FINANCES,NO,0.0,4.0,1.0,5.0,2.0,5.0,4.0,3.0,4.0,1.0,2.0,4.0,1.0,1.0,5.0,1.0,3.0,4.0,1.0,4.0,3.0,1.0,4.0,1.0,1.0,4.0,5.0,2.0,4.0,1.0,4.0,4.0,3.0,1.0,6.0,6.0,6.0,6.0,7.0,2.0,2.0,3.0,4.0,5.0,2.0,4.0,4.0,2.0,2.0,4.0,4.0,1.0,4.0,1.0,4.0,1.0,4.0,1.0,1.0,1.0,1.0,1.0,0.0,1.0,1.0,0.0,1.0,1.0,1.0,1.0,4.0,5.0,4.0,5.0,4.0,1.0,5.0,5.0,4.0,3.0,5.0,4.0,4.0,1.0,1.0,4.0,5.0,5.0,4.0,2.0,2.0,4.0,3.0,4.0,4.0,2.0,1.0,2.0,2.0,4.0,4.0,4.0,4.0,4.0,5.0,2.0,5.0,3.0,5.0,5.0,25.0,25.0,41.0,15.0,31.0,20.0,40.0,8.0,79.0,30 - 44,33 - 40,completed undergrad uni,1.17609125905568,2.35080894460556,0.0003201308652176,1.6755738415602
204,MALES,35,MARRIED FIRST TIME,NO,COMPLETED UNDERGRADUATE,WORK,YES,5.0,4.0,2.0,4.0,2.0,4.0,2.0,2.0,4.0,3.0,3.0,3.0,3.0,3.0,4.0,4.0,1.0,2.0,1.0,4.0,4.0,2.0,4.0,4.0,3.0,2.0,3.0,1.0,3.0,1.0,3.0,3.0,1.0,1.0,5.0,5.0,5.0,4.0,6.0,3.0,4.0,4.0,3.0,4.0,4.0,3.0,3.0,3.0,3.0,4.0,4.0,1.0,1.0,1.0,4.0,2.0,4.0,3.0,1.0,0.0,1.0,1.0,0.0,0.0,1.0,0.0,0.0,0.0,0.0,2.0,4.0,2.0,2.0,2.0,1.0,5.0,3.0,3.0,3.0,5.0,3.0,2.0,2.0,4.0,4.0,2.0,2.0,4.0,4.0,4.0,3.0,2.0,2.0,2.0,2.0,3.0,2.0,3.0,3.0,4.0,4.0,3.0,2.0,4.0,4.0,2.0,1.0,1.0,2.0,2.0,24.0,18.0,32.0,19.0,25.0,32.0,34.0,3.0,39.0,30 - 44,33 - 40,completed undergrad uni,1.27875360095283,3.25586129199531,0.0001426427129307,1.67227232117613
117,MALES,54,MARRIED FIRST TIME,YES,POSTGRADUATE COMPLETED,CHILDREN,NO,0.0,3.0,2.0,3.0,1.0,3.0,1.0,1.0,3.0,3.0,3.0,3.0,1.0,2.0,4.0,1.0,1.0,2.0,1.0,4.0,4.0,1.0,3.0,1.0,2.0,4.0,4.0,1.0,3.0,1.0,3.0,3.0,1.0,1.0,4.0,4.0,4.0,4.0,3.0,3.0,3.0,3.0,4.0,4.0,2.0,4.0,4.0,3.0,2.0,3.0,3.0,1.0,3.0,1.0,3.0,1.0,3.0,2.0,1.0,1.0,1.0,0.0,0.0,0.0,0.0,0.0,0.0,0.0,1.0,1.0,2.0,3.0,4.0,3.0,3.0,2.0,3.0,3.0,3.0,1.0,3.0,3.0,3.0,2.0,2.0,3.0,3.0,4.0,5.0,5.0,4.0,2.0,2.0,4.0,3.0,2.0,2.0,2.0,2.0,4.0,4.0,4.0,3.0,4.0,5.0,4.0,4.0,5.0,4.0,4.0,23.0,21.0,34.0,11.0,19.0,24.0,34.0,3.0,63.0,45+,50+,completed postgrad uni,1.04139268515823,0.159081211367148,0.0003883338537038,1.66108279698742
62,MALES,22,SINGLE,NO,COMPLETED HIGHSCHOOL,WORK,NO,0.0,3.0,3.0,5.0,3.0,5.0,3.0,1.0,3.0,1.0,1.0,4.0,1.0,3.0,4.0,2.0,1.0,3.0,1.0,4.0,5.0,2.0,4.0,1.0,2.0,3.0,4.0,1.0,3.0,1.0,4.0,4.0,2.0,1.0,5.0,3.0,3.0,2.0,2.0,4.0,3.0,3.0,5.0,3.0,3.0,4.0,4.0,5.0,1.0,4.0,4.0,2.0,3.0,4.0,1.0,4.0,2.0,4.0,4.0,0.0,1.0,1.0,0.0,1.0,0.0,0.0,1.0,0.0,0.0,5.0,5.0,4.0,2.0,4.0,2.0,5.0,2.0,4.0,5.0,4.0,1.0,4.0,3.0,5.0,1.0,3.0,3.0,3.0,3.0,3.0,4.0,4.0,4.0,4.0,2.0,1.0,3.0,2.0,2.0,3.0,1.0,1.0,1.0,1.0,1.0,1.0,1.0,2.0,1.0,5.0,22.0,25.0,38.0,14.0,15.0,27.0,21.0,4.0,48.0,18 - 29,18 - 24,completed high school,1.14612803567824,3.66105141694082,1.33364198889125e-06,1.65825338411215
358,FEMALES,28,STEADY RELATIONSHIP,NO,COMPLETED UNDERGRADUATE,WORK,NO,0.0,4.0,3.0,4.0,2.0,4.0,2.0,1.0,4.0,3.0,2.0,4.0,2.0,2.0,4.0,2.0,2.0,3.0,1.0,4.0,4.0,1.0,5.0,1.0,1.0,4.0,4.0,1.0,4.0,1.0,4.0,5.0,2.0,2.0,5.0,5.0,5.0,4.0,2.0,3.0,2.0,3.0,4.0,4.0,3.0,4.0,4.0,3.0,3.0,4.0,4.0,1.0,4.0,1.0,4.0,1.0,4.0,1.0,1.0,1.0,1.0,0.0,0.0,1.0,1.0,0.0,0.0,0.0,1.0,1.0,3.0,4.0,4.0,4.0,3.0,2.0,3.0,3.0,3.0,3.0,3.0,3.0,3.0,3.0,3.0,3.0,4.0,3.0,4.0,4.0,4.0,2.0,3.0,3.0,3.0,2.0,2.0,2.0,2.0,4.0,4.0,4.0,4.0,4.0,5.0,3.0,4.0,3.0,3.0,3.0,23.0,23.0,41.0,14.0,21.0,25.0,40.0,5.0,61.0,18 - 29,25 - 32,completed undergrad uni,1.14612803567824,0.120492935812538,3.81370322748871e-05,1.65565595973368
429,MALES,25,LIVING WITH PARTNER,NO,COMPLETED UNDERGRADUATE,WORK,NO,0.0,3.0,2.0,3.0,2.0,4.0,2.0,2.0,3.0,1.0,1.0,4.0,1.0,1.0,4.0,1.0,2.0,4.0,1.0,4.0,3.0,1.0,3.0,1.0,1.0,3.0,4.0,1.0,2.0,1.0,3.0,1.0,2.0,1.0,5.0,5.0,5.0,5.0,5.0,3.0,2.0,3.0,4.0,4.0,1.0,4.0,4.0,5.0,1.0,4.0,4.0,1.0,4.0,1.0,3.0,1.0,4.0,1.0,1.0,1.0,1.0,1.0,0.0,0.0,1.0,0.0,1.0,0.0,0.0,4.0,1.0,5.0,3.0,4.0,2.0,4.0,3.0,4.0,4.0,4.0,1.0,4.0,1.0,4.0,4.0,1.0,3.0,4.0,4.0,4.0,3.0,4.0,4.0,4.0,4.0,2.0,2.0,2.0,2.0,4.0,4.0,4.0,4.0,4.0,2.0,5.0,2.0,2.0,2.0,2.0,22.0,26.0,31.0,12.0,25.0,23.0,39.0,5.0,50.0,18 - 29,25 - 32,completed undergrad uni,1.07918124604762,3.99217828522173,0.0019004254839102,1.63527132143857
106,MALES,37,MARRIED FIRST TIME,YES,COMPLETED UNDERGRADUATE,WORK,NO,0.0,3.0,4.0,4.0,3.0,4.0,4.0,2.0,4.0,3.0,2.0,4.0,1.0,2.0,4.0,3.0,2.0,4.0,1.0,4.0,5.0,2.0,4.0,1.0,1.0,3.0,4.0,2.0,5.0,2.0,4.0,4.0,4.0,4.0,6.0,6.0,6.0,7.0,5.0,3.0,1.0,2.0,3.0,3.0,1.0,2.0,4.0,3.0,3.0,4.0,4.0,1.0,4.0,1.0,3.0,2.0,4.0,2.0,1.0,1.0,1.0,1.0,1.0,1.0,0.0,1.0,1.0,0.0,0.0,3.0,3.0,3.0,4.0,5.0,4.0,2.0,3.0,4.0,4.0,2.0,3.0,4.0,3.0,3.0,2.0,4.0,4.0,2.0,3.0,2.0,3.0,2.0,3.0,4.0,3.0,3.0,3.0,4.0,2.0,4.0,4.0,3.0,3.0,4.0,3.0,3.0,4.0,4.0,3.0,4.0,18.0,23.0,41.0,22.0,30.0,25.0,37.0,7.0,66.0,30 - 44,33 - 40,completed undergrad uni,1.34242268082221,0.209421816015409,7.04046298790841e-09,1.6286503614275
503,FEMALES,63,MARRIED FIRST TIME,NO,SOME ADDITIONAL TRAINING,HEALTH/ILLNESS,NO,0.0,3.0,3.0,3.0,3.0,4.0,4.0,3.0,3.0,3.0,3.0,3.0,3.0,2.0,4.0,3.0,1.0,4.0,1.0,3.0,2.0,4.0,2.0,2.0,3.0,3.0,4.0,1.0,3.0,1.0,3.0,3.0,4.0,1.0,4.0,4.0,5.0,6.0,6.0,3.0,4.0,4.0,3.0,3.0,4.0,3.0,3.0,2.0,4.0,3.0,3.0,1.0,3.0,3.0,2.0,4.0,2.0,4.0,3.0,1.0,1.0,1.0,1.0,1.0,0.0,1.0,1.0,1.0,1.0,4.0,2.0,4.0,4.0,4.0,2.0,3.0,4.0,4.0,4.0,3.0,3.0,3.0,2.0,2.0,3.0,3.0,3.0,3.0,3.0,2.0,2.0,2.0,2.0,2.0,3.0,3.0,3.0,3.0,3.0,4.0,2.0,1.0,1.0,2.0,2.0,4.0,3.0,3.0,4.0,3.0,18.0,17.0,31.0,21.0,25.0,33.0,23.0,9.0,59.0,45+,50+,some additional training,1.32221929473392,1.76840412864433,0.0010895180039108,1.62761346690082
353,FEMALES,48,MARRIED FIRST TIME,YES,SOME SECONDARY,HEALTH/ILLNESS,NO,0.0,3.0,3.0,3.0,2.0,4.0,2.0,2.0,3.0,1.0,1.0,4.0,3.0,1.0,3.0,3.0,2.0,5.0,2.0,5.0,1.0,2.0,4.0,1.0,2.0,2.0,2.0,2.0,3.0,3.0,3.0,3.0,2.0,2.0,5.0,3.0,4.0,3.0,5.0,4.0,3.0,3.0,3.0,3.0,3.0,3.0,3.0,4.0,4.0,3.0,3.0,2.0,2.0,3.0,3.0,2.0,2.0,2.0,2.0,1.0,1.0,1.0,0.0,0.0,1.0,1.0,1.0,0.0,0.0,3.0,2.0,4.0,3.0,3.0,2.0,2.0,4.0,4.0,4.0,3.0,3.0,3.0,3.0,4.0,3.0,3.0,3.0,3.0,4.0,4.0,3.0,4.0,4.0,2.0,4.0,3.0,3.0,3.0,3.0,3.0,2.0,3.0,3.0,3.0,3.0,4.0,4.0,3.0,2.0,3.0,21.0,24.0,31.0,21.0,20.0,33.0,27.0,6.0,58.0,45+,41 - 49,did not complete high school,1.32221929473392,0.677498228199194,0.0037691696762653,1.62761346690082
29,MALES,21,SINGLE,NO,COMPLETED HIGHSCHOOL,FAMILY,NO,0.0,4.0,1.0,4.0,2.0,5.0,1.0,2.0,4.0,1.0,2.0,2.0,1.0,2.0,4.0,2.0,2.0,2.0,1.0,3.0,4.0,1.0,3.0,1.0,1.0,4.0,3.0,2.0,4.0,2.0,3.0,3.0,2.0,1.0,6.0,6.0,7.0,7.0,7.0,3.0,3.0,3.0,3.0,3.0,3.0,4.0,3.0,3.0,3.0,4.0,4.0,3.0,4.0,4.0,3.0,3.0,4.0,2.0,2.0,0.0,1.0,1.0,0.0,1.0,0.0,0.0,0.0,0.0,1.0,2.0,3.0,3.0,3.0,4.0,5.0,4.0,1.0,4.0,3.0,3.0,2.0,4.0,3.0,1.0,1.0,4.0,5.0,5.0,4.0,5.0,3.0,4.0,3.0,4.0,3.0,3.0,3.0,2.0,3.0,2.0,1.0,2.0,3.0,3.0,4.0,3.0,2.0,3.0,5.0,5.0,27.0,23.0,33.0,15.0,33.0,29.0,30.0,4.0,63.0,18 - 29,18 - 24,completed high school,1.17609125905568,0.0987608662041128,0.0005672435643262,1.61011189660279
364,MALES,56,MARRIED FIRST TIME,YES,SOME ADDITIONAL TRAINING,WORK,YES,140.0,4.0,4.0,4.0,3.0,2.0,3.0,3.0,3.0,2.0,2.0,3.0,2.0,3.0,4.0,3.0,2.0,3.0,3.0,3.0,2.0,3.0,3.0,2.0,3.0,3.0,3.0,3.0,2.0,2.0,4.0,4.0,4.0,3.0,5.0,5.0,5.0,5.0,5.0,3.0,4.0,4.0,4.0,3.0,3.0,3.0,3.0,4.0,4.0,4.0,3.0,2.0,3.0,2.0,3.0,3.0,2.0,3.0,3.0,0.0,1.0,1.0,0.0,0.0,0.0,0.0,0.0,0.0,1.0,3.0,3.0,2.0,3.0,3.0,4.0,4.0,2.0,3.0,3.0,4.0,4.0,4.0,3.0,2.0,2.0,4.0,4.0,2.0,3.0,3.0,2.0,3.0,3.0,3.0,2.0,2.0,3.0,3.0,3.0,3.0,3.0,2.0,2.0,2.0,3.0,3.0,2.0,2.0,4.0,4.0,18.0,19.0,31.0,28.0,25.0,33.0,27.0,3.0,57.0,45+,50+,some additional training,1.44715803134222,0.489670040425862,0.0009825320827872,1.59599731294229
335,MALES,36,MARRIED FIRST TIME,YES,POSTGRADUATE COMPLETED,WORK,NO,0.0,3.0,1.0,4.0,1.0,4.0,1.0,1.0,3.0,1.0,1.0,3.0,1.0,1.0,4.0,2.0,1.0,4.0,1.0,3.0,5.0,1.0,4.0,1.0,1.0,3.0,5.0,1.0,3.0,1.0,4.0,4.0,1.0,1.0,6.0,6.0,6.0,6.0,4.0,2.0,2.0,2.0,4.0,4.0,2.0,4.0,4.0,3.0,2.0,4.0,4.0,1.0,4.0,1.0,4.0,1.0,4.0,1.0,1.0,1.0,1.0,1.0,1.0,0.0,1.0,1.0,0.0,1.0,1.0,4.0,1.0,4.0,4.0,4.0,4.0,3.0,4.0,4.0,4.0,1.0,4.0,4.0,4.0,1.0,1.0,4.0,4.0,5.0,5.0,5.0,4.0,4.0,4.0,4.0,4.0,2.0,2.0,2.0,2.0,4.0,4.0,4.0,4.0,4.0,2.0,5.0,3.0,5.0,5.0,5.0,26.0,26.0,39.0,11.0,28.0,21.0,40.0,8.0,73.0,30 - 44,33 - 40,completed postgrad uni,1.04139268515823,1.45081325413114,8.76573496796885e-05,1.59209693740418
355,FEMALES,37,MARRIED FIRST TIME,YES,POSTGRADUATE COMPLETED,WORK,NO,0.0,4.0,1.0,4.0,1.0,1.0,5.0,1.0,4.0,4.0,4.0,4.0,3.0,3.0,4.0,3.0,1.0,4.0,1.0,4.0,3.0,1.0,2.0,4.0,4.0,2.0,3.0,1.0,4.0,1.0,4.0,4.0,2.0,2.0,2.0,3.0,3.0,5.0,1.0,4.0,3.0,4.0,4.0,4.0,4.0,3.0,3.0,4.0,3.0,4.0,4.0,1.0,4.0,1.0,4.0,1.0,3.0,1.0,1.0,1.0,1.0,1.0,1.0,1.0,1.0,1.0,1.0,1.0,0.0,1.0,3.0,2.0,3.0,4.0,4.0,4.0,3.0,4.0,4.0,2.0,3.0,3.0,3.0,2.0,2.0,4.0,5.0,5.0,5.0,1.0,4.0,1.0,1.0,2.0,2.0,2.0,2.0,3.0,3.0,4.0,4.0,4.0,4.0,4.0,5.0,3.0,2.0,4.0,4.0,4.0,20.0,18.0,34.0,20.0,14.0,32.0,39.0,9.0,64.0,30 - 44,33 - 40,completed postgrad uni,1.30102999566398,1.72337241436092,0.0014593210165713,1.574391061056
84,MALES,37,MARRIED FIRST TIME,YES,COMPLETED HIGHSCHOOL,WORK,NO,0.0,4.0,3.0,1.0,2.0,4.0,2.0,3.0,4.0,1.0,1.0,4.0,1.0,1.0,5.0,1.0,1.0,3.0,1.0,5.0,4.0,1.0,4.0,1.0,2.0,3.0,2.0,2.0,4.0,1.0,5.0,4.0,1.0,1.0,6.0,6.0,5.0,5.0,2.0,3.0,2.0,3.0,4.0,3.0,3.0,4.0,4.0,2.0,2.0,4.0,4.0,2.0,3.0,1.0,3.0,4.0,2.0,2.0,3.0,1.0,1.0,1.0,1.0,1.0,0.0,1.0,1.0,1.0,1.0,3.0,3.0,4.0,4.0,4.0,4.0,2.0,4.0,2.0,4.0,2.0,4.0,3.0,4.0,3.0,3.0,4.0,4.0,3.0,4.0,4.0,2.0,4.0,4.0,4.0,4.0,2.0,3.0,2.0,2.0,3.0,4.0,1.0,3.0,2.0,3.0,3.0,4.0,4.0,3.0,3.0,20.0,26.0,39.0,12.0,24.0,24.0,29.0,9.0,65.0,30 - 44,33 - 40,completed high school,1.07918124604762,1.18869387463205,4.4980827517663e-05,1.56611278031584
102,FEMALES,26,SINGLE,NO,COMPLETED UNDERGRADUATE,WORK,NO,0.0,3.0,1.0,5.0,2.0,4.0,4.0,2.0,3.0,3.0,1.0,4.0,2.0,2.0,4.0,2.0,1.0,1.0,1.0,4.0,5.0,1.0,4.0,1.0,2.0,4.0,4.0,1.0,3.0,1.0,4.0,4.0,1.0,1.0,5.0,6.0,6.0,6.0,6.0,3.0,3.0,3.0,4.0,4.0,2.0,4.0,4.0,3.0,3.0,4.0,4.0,1.0,4.0,2.0,3.0,3.0,3.0,3.0,2.0,1.0,1.0,1.0,0.0,1.0,0.0,0.0,1.0,0.0,1.0,4.0,2.0,3.0,4.0,4.0,4.0,2.0,4.0,4.0,4.0,2.0,4.0,4.0,4.0,2.0,2.0,4.0,4.0,5.0,4.0,2.0,3.0,2.0,4.0,3.0,3.0,2.0,2.0,2.0,2.0,4.0,3.0,2.0,2.0,3.0,2.0,4.0,4.0,4.0,4.0,4.0,23.0,22.0,37.0,12.0,29.0,25.0,32.0,6.0,69.0,18 - 29,25 - 32,completed undergrad uni,1.07918124604762,0.615249073305335,8.52166798523147e-07,1.55627608656655
238,FEMALES,41,MARRIED FIRST TIME,YES,SOME SECONDARY,WORK,NO,0.0,5.0,1.0,5.0,1.0,5.0,1.0,1.0,4.0,1.0,1.0,4.0,1.0,1.0,4.0,1.0,1.0,5.0,1.0,4.0,4.0,1.0,4.0,2.0,2.0,4.0,3.0,1.0,4.0,1.0,4.0,4.0,1.0,1.0,6.0,5.0,6.0,4.0,6.0,3.0,2.0,3.0,5.0,4.0,2.0,4.0,3.0,3.0,2.0,4.0,4.0,1.0,4.0,1.0,4.0,1.0,4.0,1.0,1.0,1.0,1.0,0.0,0.0,0.0,0.0,1.0,1.0,0.0,1.0,5.0,1.0,5.0,4.0,5.0,4.0,2.0,4.0,4.0,4.0,4.0,4.0,4.0,3.0,2.0,2.0,4.0,4.0,5.0,5.0,5.0,4.0,4.0,4.0,4.0,4.0,1.0,2.0,2.0,3.0,4.0,4.0,4.0,4.0,4.0,1.0,5.0,4.0,2.0,4.0,4.0,30.0,28.0,40.0,12.0,27.0,23.0,40.0,5.0,69.0,30 - 44,41 - 49,did not complete high school,1.07918124604762,2.48750792603847,0.0004096387013492,1.55435560002921
135,FEMALES,49,MARRIED FIRST TIME,YES,COMPLETED UNDERGRADUATE,CHILDREN,YES,10.0,3.0,1.0,4.0,1.0,3.0,2.0,2.0,3.0,3.0,2.0,3.0,2.0,2.0,4.0,2.0,2.0,3.0,1.0,2.0,4.0,2.0,4.0,1.0,2.0,4.0,4.0,2.0,4.0,1.0,4.0,4.0,1.0,1.0,6.0,6.0,6.0,6.0,6.0,3.0,3.0,3.0,3.0,4.0,4.0,3.0,4.0,3.0,2.0,4.0,4.0,1.0,4.0,1.0,4.0,1.0,4.0,3.0,1.0,0.0,1.0,1.0,0.0,0.0,0.0,0.0,0.0,0.0,0.0,3.0,2.0,4.0,4.0,3.0,2.0,5.0,1.0,2.0,2.0,3.0,3.0,3.0,2.0,2.0,2.0,2.0,2.0,5.0,5.0,4.0,3.0,2.0,3.0,3.0,3.0,3.0,2.0,3.0,2.0,4.0,4.0,4.0,2.0,4.0,3.0,4.0,1.0,3.0,4.0,4.0,24.0,20.0,37.0,15.0,30.0,28.0,38.0,2.0,49.0,45+,41 - 49,completed undergrad uni,1.17609125905568,0.945961522091268,0.000294528842855,1.53650926526226
112,FEMALES,50,STEADY RELATIONSHIP,NO,COMPLETED HIGHSCHOOL,WORK,YES,,3.0,2.0,3.0,1.0,5.0,1.0,2.0,3.0,3.0,2.0,3.0,3.0,3.0,5.0,3.0,3.0,4.0,1.0,4.0,4.0,3.0,3.0,1.0,1.0,3.0,4.0,3.0,4.0,1.0,4.0,4.0,3.0,3.0,4.0,4.0,4.0,4.0,4.0,3.0,3.0,3.0,3.0,3.0,3.0,3.0,3.0,3.0,3.0,3.0,4.0,1.0,4.0,3.0,3.0,3.0,3.0,3.0,2.0,1.0,1.0,1.0,1.0,1.0,0.0,1.0,1.0,0.0,0.0,4.0,3.0,4.0,2.0,3.0,2.0,4.0,3.0,2.0,2.0,4.0,2.0,2.0,2.0,2.0,2.0,2.0,2.0,4.0,5.0,5.0,3.0,2.0,3.0,2.0,2.0,3.0,3.0,3.0,3.0,4.0,2.0,2.0,2.0,3.0,2.0,3.0,2.0,2.0,4.0,4.0,25.0,18.0,39.0,22.0,20.0,30.0,30.0,7.0,45.0,45+,50+,completed high school,1.34242268082221,1.79929514926116,0.0004040962746086,1.52142556267732
374,MALES,35,MARRIED FIRST TIME,YES,SOME ADDITIONAL TRAINING,WORK,NO,0.0,4.0,4.0,4.0,3.0,4.0,2.0,1.0,2.0,2.0,2.0,4.0,1.0,3.0,4.0,1.0,2.0,4.0,1.0,4.0,3.0,2.0,4.0,1.0,1.0,4.0,5.0,1.0,3.0,2.0,4.0,4.0,3.0,1.0,5.0,5.0,5.0,6.0,3.0,3.0,4.0,3.0,4.0,4.0,3.0,3.0,4.0,3.0,2.0,4.0,4.0,1.0,4.0,1.0,4.0,1.0,3.0,1.0,1.0,1.0,1.0,1.0,0.0,1.0,0.0,1.0,0.0,0.0,0.0,2.0,4.0,3.0,4.0,4.0,4.0,2.0,4.0,4.0,5.0,1.0,4.0,3.0,4.0,2.0,2.0,4.0,4.0,2.0,3.0,4.0,4.0,3.0,3.0,4.0,2.0,2.0,2.0,3.0,2.0,4.0,4.0,4.0,4.0,4.0,4.0,2.0,4.0,5.0,4.0,4.0,21.0,22.0,39.0,15.0,24.0,27.0,39.0,5.0,70.0,30 - 44,33 - 40,some additional training,1.17609125905568,0.777667923847525,0.0003278086073188,1.51723717823597
469,FEMALES,55,SEPARATED,NO,COMPLETED UNDERGRADUATE,SPOUSE OR PARTNER,NO,0.0,3.0,1.0,3.0,2.0,3.0,2.0,2.0,2.0,2.0,3.0,4.0,3.0,3.0,3.0,3.0,4.0,2.0,1.0,4.0,3.0,3.0,3.0,3.0,2.0,2.0,3.0,4.0,3.0,2.0,3.0,4.0,4.0,2.0,1.0,1.0,3.0,4.0,5.0,4.0,4.0,3.0,4.0,3.0,3.0,3.0,3.0,3.0,3.0,3.0,3.0,1.0,2.0,1.0,2.0,2.0,2.0,3.0,1.0,1.0,0.0,1.0,0.0,1.0,0.0,1.0,0.0,1.0,0.0,2.0,2.0,2.0,4.0,4.0,3.0,2.0,2.0,3.0,3.0,2.0,2.0,2.0,2.0,2.0,2.0,3.0,2.0,5.0,4.0,4.0,3.0,3.0,2.0,2.0,2.0,2.0,3.0,3.0,3.0,4.0,4.0,3.0,2.0,4.0,4.0,4.0,4.0,4.0,4.0,4.0,22.0,18.0,30.0,28.0,14.0,31.0,29.0,5.0,56.0,45+,50+,completed undergrad uni,1.44715803134222,0.914886763573594,0.0001016986516028,1.51670150588472
375,MALES,30,SINGLE,NO,POSTGRADUATE COMPLETED,WORK,NO,0.0,3.0,3.0,3.0,3.0,3.0,3.0,3.0,3.0,3.0,3.0,3.0,1.0,1.0,5.0,1.0,1.0,3.0,1.0,4.0,3.0,2.0,3.0,1.0,1.0,3.0,3.0,1.0,5.0,1.0,4.0,4.0,1.0,1.0,3.0,3.0,4.0,4.0,4.0,2.0,3.0,2.0,4.0,3.0,2.0,4.0,3.0,2.0,2.0,4.0,4.0,2.0,3.0,1.0,3.0,3.0,3.0,1.0,1.0,1.0,1.0,1.0,1.0,1.0,0.0,0.0,1.0,0.0,1.0,2.0,2.0,4.0,4.0,4.0,3.0,4.0,2.0,3.0,3.0,2.0,4.0,3.0,3.0,3.0,3.0,3.0,3.0,3.0,3.0,3.0,2.0,2.0,2.0,4.0,4.0,2.0,3.0,2.0,3.0,3.0,4.0,2.0,4.0,4.0,4.0,4.0,2.0,4.0,3.0,3.0,18.0,20.0,37.0,11.0,18.0,23.0,34.0,7.0,59.0,30 - 44,25 - 32,completed postgrad uni,1.04139268515823,0.209979529334582,0.0013647740738365,1.51287043900268
531,MALES,26,MARRIED FIRST TIME,YES,COMPLETED UNDERGRADUATE,WORK,NO,0.0,2.0,1.0,5.0,1.0,4.0,1.0,1.0,4.0,1.0,1.0,4.0,1.0,3.0,3.0,1.0,1.0,3.0,1.0,5.0,5.0,3.0,4.0,1.0,2.0,4.0,4.0,1.0,5.0,3.0,5.0,4.0,4.0,2.0,4.0,5.0,4.0,4.0,2.0,3.0,3.0,3.0,4.0,4.0,3.0,4.0,4.0,3.0,3.0,4.0,4.0,1.0,4.0,1.0,4.0,3.0,3.0,1.0,1.0,1.0,1.0,1.0,0.0,1.0,0.0,0.0,0.0,0.0,0.0,2.0,4.0,4.0,3.0,4.0,3.0,4.0,3.0,4.0,3.0,4.0,3.0,3.0,3.0,4.0,3.0,2.0,3.0,5.0,5.0,5.0,4.0,4.0,4.0,4.0,2.0,2.0,2.0,2.0,2.0,4.0,4.0,2.0,4.0,4.0,4.0,2.0,2.0,2.0,2.0,3.0,26.0,26.0,42.0,19.0,19.0,26.0,37.0,4.0,53.0,18 - 29,25 - 32,completed undergrad uni,1.27875360095283,3.08765967296636,6.0837253550553e-05,1.51263435256084
256,MALES,48,REMARRIED,YES,COMPLETED HIGHSCHOOL,WORK,NO,0.0,4.0,1.0,4.0,2.0,5.0,1.0,1.0,5.0,2.0,1.0,3.0,1.0,2.0,5.0,4.0,1.0,4.0,1.0,4.0,4.0,2.0,5.0,2.0,2.0,4.0,4.0,1.0,3.0,1.0,5.0,4.0,2.0,1.0,6.0,5.0,7.0,7.0,5.0,4.0,2.0,3.0,5.0,4.0,1.0,2.0,5.0,3.0,1.0,4.0,4.0,1.0,4.0,1.0,4.0,1.0,4.0,1.0,1.0,0.0,1.0,1.0,1.0,0.0,1.0,0.0,0.0,0.0,1.0,1.0,3.0,4.0,4.0,5.0,5.0,2.0,4.0,5.0,5.0,1.0,5.0,4.0,5.0,1.0,1.0,5.0,4.0,5.0,4.0,5.0,4.0,3.0,4.0,4.0,3.0,1.0,2.0,4.0,1.0,4.0,4.0,4.0,4.0,4.0,5.0,3.0,4.0,5.0,5.0,5.0,27.0,26.0,42.0,17.0,30.0,22.0,40.0,5.0,82.0,45+,41 - 49,completed high school,1.23044892137827,3.20693990915173,0.000514425082494,1.50760941808104
52,MALES,51,MARRIED FIRST TIME,YES,COMPLETED UNDERGRADUATE,WORK,NO,0.0,4.0,2.0,5.0,2.0,5.0,2.0,1.0,4.0,2.0,1.0,4.0,1.0,1.0,4.0,1.0,1.0,3.0,1.0,3.0,4.0,2.0,4.0,1.0,2.0,3.0,4.0,1.0,3.0,1.0,4.0,4.0,1.0,1.0,6.0,6.0,6.0,6.0,6.0,2.0,2.0,2.0,4.0,4.0,2.0,4.0,4.0,2.0,2.0,4.0,4.0,1.0,4.0,1.0,4.0,1.0,4.0,2.0,3.0,1.0,1.0,1.0,1.0,1.0,0.0,0.0,1.0,0.0,1.0,2.0,2.0,5.0,5.0,5.0,4.0,2.0,4.0,5.0,4.0,2.0,5.0,5.0,4.0,2.0,2.0,4.0,4.0,4.0,4.0,4.0,4.0,3.0,4.0,4.0,4.0,2.0,2.0,2.0,2.0,4.0,4.0,4.0,3.0,2.0,4.0,4.0,4.0,4.0,4.0,4.0,26.0,27.0,36.0,12.0,30.0,20.0,37.0,7.0,78.0,45+,50+,completed undergrad uni,1.07918124604762,2.53841691402768,2.53689676210276e-05,1.50179902138874
308,FEMALES,22,SINGLE,NO,COMPLETED HIGHSCHOOL,MONEY/FINANCES,NO,0.0,1.0,5.0,1.0,5.0,2.0,5.0,2.0,2.0,3.0,4.0,4.0,4.0,2.0,4.0,2.0,1.0,1.0,4.0,4.0,2.0,1.0,3.0,4.0,4.0,4.0,4.0,1.0,4.0,3.0,4.0,4.0,2.0,2.0,2.0,4.0,3.0,3.0,1.0,3.0,4.0,3.0,3.0,2.0,3.0,3.0,3.0,4.0,3.0,4.0,4.0,3.0,2.0,2.0,2.0,4.0,1.0,4.0,4.0,0.0,1.0,1.0,0.0,0.0,0.0,1.0,0.0,1.0,0.0,4.0,1.0,5.0,3.0,4.0,3.0,5.0,1.0,3.0,3.0,4.0,3.0,5.0,2.0,4.0,4.0,2.0,3.0,1.0,1.0,1.0,3.0,2.0,1.0,1.0,3.0,3.0,4.0,3.0,3.0,2.0,3.0,1.0,1.0,1.0,2.0,5.0,1.0,2.0,2.0,2.0,7.0,16.0,34.0,24.0,13.0,33.0,21.0,4.0,51.0,18 - 29,18 - 24,completed high school,1.38021124171161,2.11126720315408,0.0001301353396212,1.4997135312585
463,MALES,19,SINGLE,NO,COMPLETED HIGHSCHOOL,WORK,NO,0.0,3.0,3.0,5.0,2.0,3.0,4.0,2.0,3.0,1.0,1.0,3.0,1.0,1.0,4.0,3.0,2.0,2.0,2.0,3.0,4.0,3.0,3.0,1.0,2.0,4.0,3.0,2.0,4.0,2.0,4.0,3.0,2.0,1.0,5.0,6.0,6.0,5.0,3.0,2.0,2.0,2.0,4.0,3.0,2.0,4.0,3.0,3.0,1.0,4.0,4.0,1.0,4.0,1.0,4.0,1.0,4.0,1.0,1.0,1.0,1.0,1.0,1.0,0.0,0.0,0.0,1.0,0.0,0.0,1.0,3.0,4.0,5.0,5.0,5.0,2.0,5.0,5.0,3.0,2.0,5.0,5.0,5.0,1.0,1.0,5.0,5.0,3.0,4.0,2.0,3.0,4.0,4.0,4.0,4.0,2.0,3.0,2.0,3.0,4.0,4.0,4.0,4.0,4.0,5.0,3.0,4.0,4.0,5.0,5.0,20.0,25.0,34.0,20.0,25.0,22.0,40.0,5.0,83.0,18 - 29,18 - 24,completed high school,1.30102999566398,3.51882990587815,0.000295613713916,1.48631266493166
265,MALES,30,LIVING WITH PARTNER,NO,SOME ADDITIONAL TRAINING,WORK,YES,40.0,3.0,3.0,4.0,2.0,4.0,3.0,2.0,4.0,2.0,2.0,4.0,2.0,1.0,4.0,2.0,2.0,3.0,1.0,3.0,3.0,1.0,3.0,2.0,2.0,2.0,2.0,2.0,3.0,1.0,2.0,3.0,1.0,2.0,5.0,6.0,3.0,4.0,4.0,3.0,2.0,2.0,4.0,4.0,2.0,3.0,3.0,3.0,2.0,,,,,,,,,,,,,,,,,,,,,,,,,,,,,,,,,,,,,,,3.0,4.0,3.0,3.0,3.0,3.0,3.0,4.0,2.0,2.0,3.0,3.0,,,,,,,,,,,,21.0,24.0,28.0,16.0,22.0,24.0,,,,30 - 44,25 - 32,some additional training,1.20411998265592,,,1.48470379080643
401,FEMALES,28,LIVING WITH PARTNER,YES,COMPLETED UNDERGRADUATE,WORK,NO,,3.0,1.0,3.0,1.0,5.0,3.0,1.0,3.0,3.0,1.0,3.0,1.0,3.0,4.0,2.0,2.0,1.0,1.0,4.0,2.0,4.0,2.0,4.0,3.0,2.0,2.0,1.0,3.0,2.0,3.0,2.0,1.0,1.0,3.0,3.0,4.0,6.0,3.0,3.0,2.0,2.0,4.0,4.0,4.0,3.0,3.0,5.0,3.0,4.0,4.0,2.0,3.0,1.0,4.0,1.0,3.0,3.0,1.0,0.0,1.0,1.0,0.0,1.0,0.0,1.0,1.0,0.0,0.0,2.0,3.0,3.0,3.0,3.0,4.0,5.0,2.0,3.0,3.0,2.0,3.0,4.0,4.0,2.0,2.0,4.0,5.0,5.0,5.0,3.0,4.0,2.0,4.0,4.0,2.0,2.0,2.0,3.0,3.0,3.0,4.0,4.0,2.0,4.0,4.0,3.0,1.0,4.0,4.0,4.0,24.0,22.0,25.0,21.0,19.0,29.0,35.0,5.0,61.0,18 - 29,25 - 32,completed undergrad uni,1.32221929473392,0.0035417292426981,0.0002669483391319,1.45889591689772
33,MALES,52,STEADY RELATIONSHIP,YES,COMPLETED HIGHSCHOOL,WORK,NO,0.0,4.0,1.0,5.0,1.0,5.0,1.0,2.0,4.0,1.0,1.0,4.0,1.0,2.0,4.0,2.0,1.0,4.0,2.0,4.0,4.0,1.0,3.0,2.0,2.0,5.0,5.0,2.0,4.0,2.0,4.0,4.0,2.0,2.0,4.0,7.0,4.0,3.0,2.0,3.0,3.0,3.0,4.0,4.0,3.0,4.0,3.0,3.0,3.0,4.0,4.0,1.0,4.0,4.0,4.0,2.0,3.0,1.0,1.0,1.0,1.0,1.0,1.0,1.0,0.0,0.0,1.0,0.0,0.0,2.0,1.0,5.0,5.0,4.0,5.0,2.0,5.0,5.0,4.0,3.0,4.0,5.0,4.0,1.0,2.0,4.0,4.0,5.0,5.0,5.0,3.0,4.0,4.0,4.0,3.0,2.0,2.0,2.0,3.0,4.0,1.0,3.0,4.0,4.0,4.0,5.0,4.0,3.0,5.0,4.0,29.0,26.0,41.0,18.0,20.0,27.0,35.0,6.0,79.0,45+,50+,completed high school,1.25527250510331,2.44965349240948,0.0056816011063689,1.43667124434173
142,MALES,23,SINGLE,NO,COMPLETED UNDERGRADUATE,WORK,NO,,2.0,1.0,4.0,2.0,4.0,1.0,2.0,4.0,2.0,2.0,3.0,1.0,3.0,4.0,1.0,2.0,3.0,3.0,5.0,3.0,1.0,4.0,1.0,2.0,4.0,4.0,3.0,4.0,3.0,4.0,4.0,3.0,2.0,6.0,7.0,7.0,7.0,6.0,3.0,2.0,2.0,4.0,3.0,2.0,4.0,4.0,3.0,2.0,4.0,4.0,1.0,4.0,1.0,4.0,1.0,4.0,2.0,3.0,0.0,1.0,0.0,0.0,1.0,0.0,1.0,0.0,0.0,1.0,3.0,2.0,3.0,2.0,4.0,4.0,1.0,2.0,4.0,4.0,2.0,2.0,4.0,3.0,2.0,3.0,4.0,5.0,5.0,4.0,5.0,3.0,3.0,3.0,4.0,2.0,2.0,3.0,2.0,2.0,4.0,4.0,4.0,3.0,2.0,3.0,4.0,5.0,4.0,4.0,3.0,24.0,22.0,39.0,21.0,33.0,23.0,37.0,4.0,64.0,18 - 29,18 - 24,completed undergrad uni,1.32221929473392,0.0896729290422536,0.0004189482655644,1.43417738501074
443,FEMALES,25,MARRIED FIRST TIME,NO,SOME ADDITIONAL TRAINING,WORK,YES,80.0,3.0,4.0,4.0,4.0,4.0,4.0,1.0,4.0,1.0,3.0,3.0,1.0,1.0,4.0,2.0,1.0,3.0,1.0,5.0,5.0,2.0,3.0,1.0,2.0,4.0,5.0,1.0,4.0,1.0,3.0,5.0,1.0,1.0,6.0,6.0,7.0,7.0,4.0,2.0,1.0,3.0,4.0,5.0,3.0,4.0,4.0,2.0,4.0,4.0,4.0,1.0,4.0,1.0,4.0,3.0,3.0,2.0,1.0,1.0,1.0,1.0,1.0,1.0,1.0,0.0,0.0,0.0,0.0,2.0,4.0,4.0,4.0,5.0,4.0,2.0,2.0,4.0,4.0,4.0,4.0,3.0,3.0,3.0,2.0,3.0,3.0,2.0,2.0,2.0,4.0,4.0,2.0,4.0,4.0,2.0,1.0,2.0,2.0,4.0,4.0,2.0,3.0,4.0,4.0,2.0,4.0,2.0,3.0,4.0,17.0,25.0,41.0,13.0,30.0,22.0,36.0,6.0,62.0,18 - 29,25 - 32,some additional training,1.11394335230684,0.796285349726658,0.000471289425407,1.43280329851814
501,FEMALES,62,MARRIED FIRST TIME,YES,SOME SECONDARY,SPOUSE OR PARTNER,NO,0.0,4.0,1.0,5.0,1.0,5.0,1.0,1.0,4.0,1.0,1.0,4.0,1.0,2.0,4.0,2.0,2.0,5.0,1.0,4.0,4.0,1.0,4.0,1.0,3.0,4.0,4.0,2.0,4.0,1.0,4.0,4.0,2.0,1.0,5.0,4.0,3.0,5.0,6.0,1.0,1.0,3.0,4.0,3.0,2.0,4.0,4.0,3.0,2.0,4.0,4.0,1.0,4.0,1.0,4.0,1.0,2.0,2.0,4.0,0.0,1.0,1.0,0.0,0.0,0.0,1.0,1.0,1.0,1.0,3.0,3.0,3.0,2.0,4.0,2.0,3.0,3.0,4.0,4.0,3.0,2.0,4.0,2.0,3.0,3.0,2.0,3.0,5.0,5.0,5.0,4.0,4.0,4.0,4.0,3.0,2.0,3.0,2.0,2.0,4.0,4.0,4.0,3.0,1.0,3.0,3.0,3.0,3.0,3.0,3.0,29.0,27.0,41.0,16.0,23.0,21.0,34.0,6.0,53.0,45+,50+,did not complete high school,1.20411998265592,4.1412952637673,0.0032506093033743,1.42959599475421
363,FEMALES,35,MARRIED FIRST TIME,YES,SOME ADDITIONAL TRAINING,LIFE IN GENERAL,NO,0.0,2.0,2.0,4.0,2.0,4.0,1.0,1.0,4.0,2.0,1.0,4.0,1.0,2.0,4.0,1.0,1.0,4.0,1.0,4.0,4.0,1.0,4.0,2.0,2.0,1.0,3.0,1.0,2.0,1.0,4.0,4.0,1.0,1.0,5.0,4.0,3.0,3.0,6.0,3.0,3.0,3.0,5.0,4.0,4.0,4.0,4.0,3.0,2.0,4.0,4.0,1.0,4.0,1.0,3.0,2.0,3.0,1.0,1.0,0.0,1.0,1.0,0.0,1.0,0.0,1.0,0.0,0.0,1.0,3.0,2.0,5.0,4.0,5.0,3.0,3.0,2.0,5.0,5.0,1.0,3.0,4.0,3.0,4.0,4.0,3.0,3.0,4.0,4.0,5.0,4.0,3.0,4.0,4.0,3.0,1.0,2.0,2.0,2.0,4.0,4.0,3.0,4.0,4.0,3.0,4.0,3.0,5.0,2.0,2.0,23.0,26.0,34.0,12.0,21.0,25.0,37.0,5.0,64.0,30 - 44,33 - 40,some additional training,1.07918124604762,1.24188438472903,0.0002225377766097,1.42637235701621
262,FEMALES,36,MARRIED FIRST TIME,YES,PRIMARY,CHILDREN,NO,0.0,4.0,1.0,5.0,1.0,4.0,1.0,3.0,4.0,1.0,2.0,3.0,3.0,1.0,5.0,3.0,1.0,5.0,1.0,4.0,4.0,1.0,4.0,2.0,3.0,4.0,4.0,1.0,4.0,1.0,4.0,4.0,1.0,1.0,7.0,7.0,7.0,7.0,7.0,3.0,2.0,2.0,4.0,4.0,5.0,4.0,5.0,3.0,1.0,4.0,4.0,1.0,4.0,4.0,4.0,1.0,4.0,1.0,1.0,1.0,1.0,1.0,1.0,1.0,0.0,1.0,1.0,1.0,1.0,5.0,3.0,4.0,3.0,4.0,4.0,1.0,1.0,1.0,4.0,2.0,3.0,3.0,3.0,1.0,2.0,4.0,5.0,5.0,5.0,5.0,2.0,4.0,3.0,2.0,4.0,2.0,2.0,2.0,1.0,4.0,1.0,4.0,4.0,4.0,1.0,3.0,5.0,4.0,5.0,4.0,28.0,22.0,42.0,15.0,35.0,23.0,37.0,9.0,61.0,30 - 44,33 - 40,did not complete high school,1.17609125905568,0.0035417292426981,0.0005334352898469,1.41891164712619
468,FEMALES,45,REMARRIED,NO,COMPLETED HIGHSCHOOL,WORK,NO,0.0,2.0,1.0,4.0,1.0,5.0,1.0,1.0,3.0,1.0,1.0,3.0,1.0,1.0,5.0,2.0,1.0,4.0,1.0,4.0,5.0,2.0,4.0,1.0,2.0,2.0,3.0,1.0,4.0,1.0,4.0,4.0,1.0,1.0,5.0,5.0,5.0,5.0,2.0,3.0,2.0,3.0,4.0,4.0,1.0,4.0,5.0,3.0,1.0,4.0,4.0,1.0,4.0,1.0,4.0,1.0,4.0,1.0,1.0,1.0,1.0,1.0,1.0,1.0,1.0,0.0,1.0,0.0,1.0,1.0,2.0,5.0,5.0,5.0,5.0,2.0,4.0,4.0,4.0,2.0,5.0,4.0,4.0,1.0,1.0,4.0,4.0,5.0,5.0,5.0,4.0,4.0,4.0,4.0,4.0,2.0,2.0,2.0,1.0,4.0,4.0,4.0,4.0,4.0,5.0,4.0,4.0,4.0,5.0,5.0,26.0,26.0,39.0,13.0,22.0,20.0,40.0,8.0,80.0,45+,41 - 49,completed high school,1.11394335230684,2.68298109076038,7.42947001174749e-05,1.41776405542458
462,FEMALES,44,MARRIED FIRST TIME,YES,POSTGRADUATE COMPLETED,CHILDREN,NO,0.0,2.0,1.0,4.0,1.0,5.0,1.0,1.0,3.0,1.0,1.0,3.0,2.0,2.0,4.0,2.0,1.0,2.0,1.0,3.0,4.0,2.0,3.0,1.0,2.0,4.0,3.0,1.0,4.0,1.0,5.0,4.0,2.0,2.0,5.0,6.0,6.0,7.0,5.0,2.0,1.0,3.0,4.0,4.0,3.0,4.0,4.0,1.0,2.0,3.0,4.0,1.0,3.0,1.0,3.0,1.0,3.0,2.0,1.0,1.0,1.0,1.0,0.0,1.0,0.0,1.0,0.0,0.0,0.0,2.0,5.0,4.0,4.0,4.0,3.0,1.0,3.0,5.0,5.0,1.0,4.0,3.0,4.0,2.0,2.0,4.0,4.0,5.0,5.0,5.0,4.0,4.0,4.0,3.0,3.0,2.0,2.0,2.0,2.0,4.0,4.0,4.0,3.0,4.0,4.0,1.0,5.0,5.0,4.0,4.0,26.0,24.0,36.0,15.0,29.0,20.0,35.0,5.0,70.0,30 - 44,41 - 49,completed postgrad uni,1.17609125905568,0.645224810595607,0.0009652495794598,1.40296030893518
30,MALES,37,MARRIED FIRST TIME,YES,COMPLETED UNDERGRADUATE,WORK,NO,0.0,4.0,2.0,4.0,2.0,4.0,2.0,1.0,3.0,1.0,1.0,4.0,2.0,1.0,4.0,2.0,3.0,2.0,1.0,4.0,2.0,1.0,3.0,2.0,3.0,3.0,2.0,3.0,3.0,1.0,3.0,3.0,3.0,1.0,4.0,4.0,4.0,4.0,2.0,3.0,3.0,4.0,3.0,4.0,3.0,2.0,2.0,3.0,3.0,3.0,3.0,1.0,3.0,1.0,3.0,2.0,3.0,1.0,2.0,1.0,0.0,1.0,0.0,0.0,0.0,1.0,0.0,0.0,1.0,2.0,2.0,3.0,4.0,3.0,4.0,4.0,3.0,3.0,3.0,3.0,3.0,3.0,3.0,3.0,3.0,3.0,4.0,4.0,4.0,4.0,4.0,4.0,4.0,3.0,4.0,3.0,2.0,4.0,4.0,4.0,4.0,3.0,4.0,3.0,4.0,4.0,2.0,3.0,3.0,3.0,24.0,26.0,29.0,20.0,18.0,32.0,33.0,4.0,58.0,30 - 44,33 - 40,completed undergrad uni,1.30102999566398,1.96215279713788,0.0071738819378001,1.39832643984625
296,FEMALES,24,STEADY RELATIONSHIP,NO,COMPLETED UNDERGRADUATE,LIFE IN GENERAL,NO,0.0,4.0,1.0,5.0,1.0,5.0,1.0,1.0,4.0,1.0,1.0,4.0,1.0,1.0,4.0,2.0,1.0,4.0,2.0,5.0,5.0,1.0,5.0,3.0,3.0,4.0,4.0,1.0,4.0,3.0,3.0,3.0,1.0,1.0,7.0,7.0,7.0,7.0,7.0,1.0,2.0,3.0,4.0,4.0,2.0,4.0,4.0,4.0,2.0,4.0,4.0,1.0,4.0,1.0,4.0,1.0,4.0,2.0,3.0,1.0,1.0,0.0,1.0,1.0,0.0,0.0,0.0,0.0,1.0,3.0,3.0,5.0,4.0,4.0,3.0,2.0,2.0,3.0,3.0,3.0,3.0,4.0,3.0,4.0,3.0,3.0,2.0,5.0,5.0,5.0,4.0,4.0,4.0,4.0,4.0,2.0,2.0,2.0,2.0,4.0,4.0,4.0,3.0,2.0,3.0,3.0,4.0,3.0,2.0,3.0,29.0,28.0,41.0,18.0,35.0,22.0,37.0,5.0,57.0,18 - 29,18 - 24,completed undergrad uni,1.25527250510331,4.19023572427885,0.0004897196823838,1.39807719299346
532,FEMALES,56,WIDOWED,YES,COMPLETED UNDERGRADUATE,WORK,YES,90.0,3.0,1.0,4.0,1.0,5.0,1.0,3.0,3.0,1.0,1.0,4.0,1.0,2.0,5.0,2.0,1.0,5.0,1.0,3.0,5.0,1.0,3.0,1.0,2.0,5.0,4.0,1.0,3.0,1.0,5.0,3.0,2.0,3.0,4.0,4.0,4.0,5.0,6.0,3.0,1.0,3.0,4.0,4.0,4.0,4.0,4.0,3.0,3.0,3.0,3.0,1.0,3.0,1.0,2.0,2.0,3.0,1.0,1.0,1.0,1.0,1.0,0.0,1.0,0.0,1.0,1.0,1.0,0.0,4.0,4.0,3.0,4.0,4.0,3.0,2.0,5.0,5.0,4.0,1.0,5.0,5.0,4.0,4.0,2.0,4.0,5.0,5.0,5.0,5.0,2.0,4.0,4.0,4.0,3.0,2.0,2.0,2.0,2.0,4.0,4.0,3.0,4.0,4.0,2.0,2.0,4.0,5.0,2.0,4.0,27.0,24.0,41.0,15.0,23.0,25.0,33.0,7.0,70.0,45+,50+,completed undergrad uni,1.17609125905568,0.645224810595607,0.0001230191910196,1.39619888293843
417,MALES,31,LIVING WITH PARTNER,NO,POSTGRADUATE COMPLETED,WORK,YES,30.0,3.0,2.0,3.0,2.0,5.0,1.0,1.0,1.0,1.0,1.0,4.0,1.0,2.0,4.0,2.0,1.0,4.0,1.0,4.0,4.0,2.0,4.0,2.0,2.0,3.0,4.0,1.0,4.0,2.0,4.0,5.0,3.0,1.0,5.0,5.0,5.0,6.0,2.0,3.0,2.0,3.0,4.0,4.0,2.0,4.0,4.0,2.0,1.0,4.0,4.0,1.0,4.0,1.0,4.0,1.0,4.0,1.0,1.0,1.0,0.0,1.0,1.0,1.0,1.0,1.0,1.0,0.0,0.0,2.0,2.0,4.0,4.0,4.0,5.0,3.0,4.0,5.0,5.0,2.0,5.0,5.0,5.0,2.0,2.0,2.0,5.0,4.0,4.0,5.0,4.0,4.0,4.0,4.0,3.0,2.0,2.0,2.0,2.0,4.0,4.0,4.0,4.0,4.0,4.0,4.0,3.0,4.0,4.0,4.0,24.0,24.0,40.0,17.0,23.0,21.0,40.0,7.0,76.0,30 - 44,25 - 32,completed postgrad uni,1.23044892137827,1.66055329220613,0.00030783639669,1.3802960443304
186,FEMALES,44,SINGLE,NO,SOME SECONDARY,WORK,YES,4.0,3.0,3.0,3.0,3.0,3.0,3.0,3.0,3.0,1.0,1.0,4.0,1.0,3.0,5.0,3.0,2.0,3.0,1.0,4.0,3.0,3.0,3.0,2.0,2.0,3.0,4.0,1.0,3.0,1.0,3.0,3.0,1.0,1.0,4.0,4.0,4.0,4.0,2.0,3.0,2.0,4.0,4.0,3.0,3.0,3.0,3.0,5.0,2.0,4.0,4.0,2.0,4.0,2.0,3.0,1.0,3.0,1.0,1.0,1.0,1.0,1.0,0.0,1.0,0.0,0.0,0.0,0.0,1.0,4.0,4.0,4.0,4.0,4.0,3.0,4.0,2.0,3.0,3.0,2.0,3.0,2.0,2.0,4.0,4.0,3.0,4.0,3.0,3.0,3.0,2.0,4.0,4.0,4.0,2.0,2.0,3.0,3.0,3.0,3.0,3.0,4.0,4.0,4.0,2.0,2.0,2.0,4.0,2.0,2.0,18.0,23.0,34.0,17.0,18.0,30.0,36.0,5.0,51.0,30 - 44,41 - 49,did not complete high school,1.23044892137827,1.37522571764613,0.0005722918695814,1.37890091792434
15,MALES,51,REMARRIED,YES,SOME SECONDARY,MONEY/FINANCES,NO,0.0,3.0,2.0,4.0,2.0,4.0,3.0,2.0,3.0,2.0,1.0,4.0,1.0,2.0,3.0,1.0,1.0,3.0,1.0,4.0,4.0,2.0,3.0,1.0,2.0,3.0,4.0,1.0,3.0,1.0,3.0,3.0,1.0,1.0,5.0,4.0,5.0,5.0,5.0,2.0,3.0,2.0,4.0,4.0,2.0,4.0,4.0,2.0,3.0,3.0,4.0,1.0,3.0,2.0,3.0,1.0,3.0,1.0,1.0,1.0,1.0,1.0,1.0,1.0,0.0,1.0,1.0,0.0,0.0,2.0,2.0,4.0,4.0,4.0,3.0,1.0,4.0,4.0,4.0,1.0,4.0,4.0,3.0,4.0,2.0,3.0,4.0,4.0,4.0,3.0,3.0,3.0,4.0,4.0,3.0,2.0,2.0,2.0,2.0,4.0,3.0,4.0,4.0,4.0,4.0,4.0,5.0,5.0,2.0,4.0,22.0,24.0,33.0,12.0,24.0,22.0,35.0,7.0,69.0,45+,50+,did not complete high school,1.07918124604762,0.542857622298355,0.0002305459030673,1.37069312076063
1,MALES,45,MARRIED FIRST TIME,YES,SOME ADDITIONAL TRAINING,WORK,NO,0.0,2.0,2.0,2.0,2.0,3.0,2.0,2.0,2.0,1.0,2.0,3.0,2.0,2.0,4.0,2.0,2.0,5.0,1.0,3.0,3.0,1.0,3.0,2.0,2.0,3.0,4.0,1.0,3.0,1.0,4.0,4.0,2.0,1.0,5.0,5.0,5.0,6.0,2.0,3.0,3.0,3.0,4.0,4.0,3.0,3.0,3.0,3.0,3.0,3.0,3.0,2.0,3.0,2.0,2.0,3.0,3.0,3.0,1.0,0.0,1.0,1.0,0.0,0.0,0.0,1.0,0.0,0.0,0.0,2.0,4.0,3.0,4.0,3.0,3.0,1.0,4.0,4.0,3.0,2.0,3.0,3.0,3.0,3.0,3.0,2.0,3.0,4.0,4.0,4.0,3.0,4.0,3.0,3.0,3.0,2.0,2.0,3.0,3.0,3.0,3.0,2.0,2.0,4.0,4.0,2.0,5.0,4.0,3.0,3.0,19.0,21.0,36.0,15.0,23.0,28.0,28.0,3.0,59.0,45+,41 - 49,some additional training,1.17609125905568,0.0387435305236796,1.16229425168641e-05,1.36776009703669
356,MALES,50,REMARRIED,NO,POSTGRADUATE COMPLETED,WORK,NO,0.0,4.0,1.0,4.0,2.0,5.0,1.0,1.0,3.0,1.0,1.0,4.0,2.0,1.0,4.0,1.0,2.0,3.0,1.0,4.0,4.0,1.0,4.0,1.0,2.0,4.0,4.0,1.0,3.0,1.0,3.0,4.0,2.0,1.0,5.0,6.0,6.0,6.0,4.0,2.0,2.0,3.0,4.0,4.0,2.0,5.0,4.0,3.0,1.0,4.0,4.0,1.0,4.0,1.0,4.0,1.0,3.0,1.0,1.0,0.0,1.0,1.0,1.0,1.0,1.0,1.0,1.0,1.0,1.0,1.0,2.0,5.0,4.0,4.0,3.0,1.0,5.0,5.0,5.0,1.0,3.0,4.0,3.0,1.0,1.0,4.0,4.0,5.0,4.0,5.0,4.0,4.0,4.0,3.0,4.0,2.0,2.0,1.0,2.0,4.0,4.0,4.0,4.0,4.0,5.0,4.0,5.0,5.0,5.0,5.0,27.0,26.0,37.0,13.0,27.0,20.0,39.0,9.0,78.0,45+,50+,completed postgrad uni,1.11394335230684,2.23542710128845,0.0001497227325182,1.35557527565925
427,MALES,50,MARRIED FIRST TIME,YES,SOME ADDITIONAL TRAINING,WORK,YES,280.0,3.0,2.0,3.0,3.0,3.0,3.0,2.0,3.0,2.0,2.0,3.0,2.0,2.0,4.0,3.0,2.0,3.0,1.0,4.0,3.0,1.0,3.0,1.0,2.0,2.0,3.0,1.0,2.0,1.0,3.0,3.0,2.0,1.0,3.0,1.0,5.0,4.0,3.0,3.0,3.0,3.0,4.0,3.0,3.0,3.0,4.0,3.0,3.0,4.0,3.0,2.0,4.0,2.0,4.0,2.0,3.0,2.0,1.0,1.0,1.0,1.0,1.0,0.0,0.0,0.0,0.0,0.0,0.0,2.0,3.0,3.0,4.0,3.0,3.0,3.0,3.0,4.0,4.0,5.0,3.0,3.0,3.0,2.0,2.0,3.0,4.0,4.0,3.0,3.0,3.0,3.0,3.0,3.0,3.0,2.0,3.0,3.0,2.0,3.0,3.0,3.0,3.0,4.0,4.0,3.0,3.0,1.0,4.0,4.0,19.0,21.0,30.0,15.0,16.0,28.0,34.0,4.0,59.0,45+,50+,some additional training,1.17609125905568,0.0387435305236796,1.16229425168641e-05,1.35214615344227
55,FEMALES,19,SINGLE,NO,SOME ADDITIONAL TRAINING,WORK,,0.0,4.0,3.0,3.0,2.0,3.0,2.0,1.0,4.0,2.0,2.0,4.0,2.0,2.0,4.0,2.0,2.0,4.0,1.0,5.0,4.0,2.0,4.0,2.0,2.0,4.0,4.0,2.0,5.0,2.0,3.0,5.0,2.0,1.0,4.0,4.0,5.0,6.0,6.0,2.0,3.0,3.0,4.0,4.0,2.0,3.0,4.0,3.0,2.0,3.0,4.0,2.0,3.0,1.0,3.0,2.0,3.0,2.0,2.0,1.0,0.0,1.0,0.0,0.0,0.0,0.0,1.0,0.0,0.0,2.0,3.0,3.0,4.0,4.0,4.0,2.0,4.0,4.0,3.0,2.0,4.0,3.0,3.0,3.0,3.0,3.0,4.0,3.0,4.0,4.0,4.0,3.0,3.0,3.0,3.0,2.0,2.0,3.0,2.0,3.0,4.0,3.0,3.0,3.0,4.0,3.0,4.0,4.0,3.0,3.0,21.0,24.0,42.0,18.0,25.0,24.0,32.0,3.0,64.0,18 - 29,18 - 24,some additional training,1.25527250510331,0.31753978925996,3.0892409347622e-05,1.35016311347745
436,FEMALES,60,DIVORCED,NO,SOME SECONDARY,,YES,,3.0,4.0,3.0,2.0,3.0,3.0,3.0,3.0,4.0,4.0,4.0,4.0,2.0,4.0,3.0,2.0,2.0,2.0,3.0,3.0,2.0,2.0,2.0,2.0,3.0,4.0,2.0,4.0,3.0,4.0,4.0,3.0,3.0,4.0,4.0,4.0,6.0,5.0,5.0,4.0,4.0,4.0,3.0,3.0,4.0,3.0,4.0,3.0,4.0,4.0,1.0,4.0,4.0,4.0,1.0,4.0,1.0,1.0,1.0,1.0,1.0,0.0,0.0,0.0,1.0,,0.0,0.0,3.0,3.0,5.0,5.0,4.0,4.0,5.0,4.0,4.0,4.0,5.0,4.0,4.0,4.0,4.0,4.0,4.0,4.0,2.0,4.0,3.0,2.0,1.0,1.0,1.0,3.0,2.0,3.0,2.0,3.0,4.0,1.0,4.0,4.0,4.0,3.0,3.0,1.0,1.0,2.0,2.0,18.0,15.0,33.0,24.0,23.0,33.0,37.0,,62.0,45+,50+,did not complete high school,1.38021124171161,4.28001744057395,0.0012130433130873,1.34402750734316
38,MALES,56,STEADY RELATIONSHIP,YES,POSTGRADUATE COMPLETED,WORK,NO,0.0,5.0,1.0,5.0,4.0,4.0,3.0,2.0,2.0,2.0,3.0,3.0,1.0,2.0,5.0,1.0,1.0,2.0,1.0,4.0,4.0,3.0,4.0,2.0,2.0,4.0,4.0,2.0,3.0,1.0,3.0,4.0,4.0,5.0,3.0,3.0,4.0,2.0,1.0,4.0,3.0,3.0,3.0,3.0,3.0,3.0,3.0,3.0,3.0,3.0,3.0,2.0,2.0,3.0,3.0,3.0,2.0,3.0,2.0,1.0,0.0,1.0,1.0,1.0,1.0,1.0,0.0,1.0,0.0,2.0,3.0,2.0,3.0,3.0,4.0,3.0,3.0,3.0,3.0,3.0,4.0,3.0,3.0,2.0,3.0,3.0,2.0,5.0,2.0,3.0,3.0,3.0,2.0,4.0,3.0,3.0,3.0,3.0,3.0,3.0,2.0,2.0,2.0,3.0,4.0,3.0,3.0,3.0,4.0,3.0,24.0,20.0,37.0,22.0,13.0,31.0,25.0,7.0,56.0,45+,50+,completed postgrad uni,1.34242268082221,0.230211451248081,0.000294931014912,1.33190655382626
492,MALES,35,MARRIED FIRST TIME,YES,SOME ADDITIONAL TRAINING,CHILDREN,NO,,2.0,4.0,3.0,3.0,3.0,2.0,3.0,3.0,2.0,2.0,3.0,2.0,2.0,3.0,2.0,1.0,2.0,1.0,4.0,4.0,3.0,3.0,2.0,3.0,3.0,3.0,2.0,3.0,2.0,3.0,3.0,3.0,1.0,6.0,5.0,6.0,5.0,3.0,4.0,4.0,3.0,4.0,3.0,3.0,3.0,3.0,4.0,3.0,4.0,3.0,1.0,4.0,2.0,3.0,4.0,4.0,3.0,4.0,1.0,1.0,1.0,1.0,1.0,0.0,1.0,1.0,0.0,0.0,5.0,5.0,5.0,5.0,5.0,3.0,3.0,1.0,1.0,3.0,3.0,3.0,3.0,1.0,4.0,2.0,2.0,1.0,2.0,3.0,4.0,2.0,3.0,3.0,3.0,3.0,2.0,3.0,3.0,3.0,4.0,3.0,1.0,2.0,1.0,1.0,1.0,3.0,3.0,2.0,4.0,17.0,20.0,31.0,20.0,25.0,32.0,29.0,7.0,47.0,30 - 44,33 - 40,some additional training,1.30102999566398,1.3223724074009,0.0003188425080747,1.32634070750743
130,MALES,33,SINGLE,NO,SOME SECONDARY,WORK,YES,30.0,2.0,2.0,1.0,3.0,1.0,3.0,3.0,3.0,1.0,2.0,3.0,1.0,2.0,2.0,1.0,1.0,2.0,1.0,4.0,4.0,1.0,4.0,3.0,2.0,2.0,2.0,1.0,4.0,1.0,3.0,5.0,1.0,1.0,2.0,2.0,2.0,2.0,1.0,3.0,3.0,2.0,5.0,3.0,2.0,4.0,3.0,2.0,1.0,3.0,3.0,2.0,3.0,2.0,3.0,2.0,3.0,2.0,1.0,1.0,1.0,1.0,1.0,0.0,1.0,0.0,1.0,0.0,0.0,1.0,3.0,2.0,4.0,5.0,4.0,2.0,4.0,5.0,5.0,1.0,4.0,5.0,4.0,1.0,1.0,4.0,4.0,4.0,3.0,3.0,2.0,4.0,3.0,4.0,3.0,1.0,3.0,2.0,3.0,3.0,3.0,3.0,3.0,4.0,5.0,3.0,4.0,5.0,5.0,5.0,14.0,22.0,32.0,13.0,9.0,22.0,31.0,6.0,77.0,30 - 44,33 - 40,did not complete high school,1.11394335230684,2.44943368007887,0.0004383658174491,1.32317899321603
237,MALES,32,MARRIED FIRST TIME,NO,SOME ADDITIONAL TRAINING,WORK,NO,0.0,4.0,2.0,3.0,2.0,4.0,2.0,2.0,3.0,1.0,2.0,4.0,2.0,2.0,4.0,1.0,2.0,2.0,1.0,5.0,2.0,2.0,1.0,2.0,4.0,2.0,3.0,1.0,2.0,2.0,3.0,3.0,1.0,1.0,4.0,3.0,4.0,3.0,3.0,3.0,3.0,4.0,3.0,4.0,2.0,4.0,4.0,3.0,2.0,4.0,4.0,1.0,1.0,2.0,3.0,2.0,3.0,2.0,1.0,0.0,1.0,1.0,0.0,1.0,0.0,0.0,0.0,0.0,1.0,1.0,4.0,4.0,3.0,5.0,5.0,2.0,4.0,4.0,4.0,2.0,5.0,4.0,4.0,2.0,3.0,3.0,4.0,4.0,4.0,4.0,3.0,4.0,3.0,3.0,3.0,3.0,2.0,2.0,2.0,4.0,3.0,3.0,3.0,4.0,5.0,2.0,4.0,4.0,4.0,3.0,23.0,23.0,27.0,17.0,17.0,26.0,32.0,4.0,71.0,30 - 44,25 - 32,some additional training,1.23044892137827,0.775880876964725,0.0002673056329207,1.32111720164739
339,MALES,41,MARRIED FIRST TIME,YES,POSTGRADUATE COMPLETED,WORK,NO,3.0,4.0,1.0,4.0,2.0,4.0,2.0,3.0,3.0,2.0,3.0,3.0,2.0,2.0,3.0,1.0,2.0,4.0,1.0,4.0,4.0,2.0,2.0,1.0,1.0,1.0,3.0,2.0,1.0,1.0,2.0,3.0,4.0,2.0,3.0,4.0,4.0,4.0,3.0,2.0,3.0,4.0,4.0,4.0,3.0,4.0,3.0,3.0,2.0,4.0,4.0,1.0,3.0,1.0,3.0,2.0,3.0,1.0,1.0,1.0,0.0,1.0,0.0,0.0,0.0,1.0,1.0,1.0,0.0,1.0,4.0,4.0,2.0,4.0,2.0,3.0,3.0,4.0,3.0,2.0,4.0,2.0,2.0,3.0,2.0,3.0,4.0,5.0,4.0,4.0,2.0,3.0,2.0,3.0,3.0,2.0,2.0,2.0,3.0,4.0,4.0,3.0,4.0,4.0,5.0,2.0,3.0,4.0,3.0,4.0,25.0,19.0,27.0,17.0,18.0,26.0,36.0,5.0,58.0,30 - 44,41 - 49,completed postgrad uni,1.23044892137827,0.512951897577165,0.000555572032308,1.32111720164739
76,MALES,22,SINGLE,NO,COMPLETED UNDERGRADUATE,WORK,NO,0.0,4.0,2.0,5.0,2.0,4.0,2.0,2.0,4.0,2.0,2.0,3.0,1.0,2.0,4.0,2.0,1.0,2.0,2.0,3.0,3.0,1.0,3.0,2.0,2.0,3.0,4.0,1.0,3.0,1.0,4.0,4.0,1.0,1.0,6.0,6.0,6.0,4.0,6.0,2.0,2.0,2.0,4.0,4.0,2.0,4.0,4.0,3.0,2.0,3.0,3.0,1.0,3.0,1.0,4.0,1.0,3.0,1.0,1.0,0.0,0.0,1.0,0.0,0.0,0.0,0.0,0.0,0.0,1.0,2.0,2.0,4.0,4.0,3.0,3.0,2.0,4.0,4.0,4.0,1.0,4.0,4.0,2.0,2.0,2.0,4.0,4.0,4.0,4.0,4.0,3.0,3.0,3.0,4.0,3.0,2.0,2.0,2.0,2.0,4.0,4.0,4.0,4.0,4.0,4.0,4.0,4.0,5.0,4.0,4.0,25.0,23.0,33.0,14.0,28.0,21.0,36.0,2.0,69.0,18 - 29,18 - 24,completed undergrad uni,1.14612803567824,0.491993630895425,0.0007825215580073,1.32015808089368
65,FEMALES,46,MARRIED FIRST TIME,YES,SOME SECONDARY,FAMILY,NO,,1.0,2.0,5.0,2.0,5.0,1.0,2.0,4.0,1.0,4.0,3.0,1.0,1.0,4.0,2.0,1.0,5.0,1.0,5.0,3.0,2.0,3.0,1.0,1.0,3.0,3.0,1.0,2.0,1.0,4.0,3.0,1.0,1.0,6.0,4.0,5.0,6.0,5.0,3.0,2.0,3.0,4.0,3.0,2.0,5.0,4.0,2.0,1.0,4.0,4.0,1.0,4.0,4.0,4.0,1.0,4.0,1.0,1.0,1.0,1.0,1.0,1.0,1.0,0.0,1.0,1.0,0.0,0.0,1.0,3.0,5.0,5.0,5.0,5.0,2.0,5.0,4.0,5.0,5.0,4.0,4.0,2.0,3.0,3.0,4.0,4.0,4.0,4.0,5.0,3.0,4.0,1.0,4.0,4.0,2.0,3.0,1.0,2.0,4.0,1.0,4.0,4.0,4.0,5.0,3.0,4.0,1.0,3.0,3.0,24.0,23.0,35.0,12.0,26.0,21.0,37.0,7.0,71.0,45+,41 - 49,did not complete high school,1.07918124604762,0.775880876964725,0.0007545074810974,1.31288304503914
502,MALES,28,LIVING WITH PARTNER,NO,SOME ADDITIONAL TRAINING,WORK,NO,0.0,4.0,4.0,4.0,3.0,5.0,1.0,2.0,3.0,2.0,2.0,4.0,2.0,3.0,4.0,2.0,1.0,3.0,1.0,4.0,3.0,1.0,3.0,1.0,3.0,2.0,3.0,1.0,3.0,1.0,3.0,3.0,1.0,1.0,5.0,5.0,5.0,5.0,4.0,2.0,2.0,3.0,4.0,3.0,3.0,4.0,4.0,3.0,2.0,4.0,4.0,1.0,4.0,1.0,3.0,2.0,2.0,3.0,1.0,0.0,0.0,1.0,1.0,1.0,0.0,0.0,1.0,0.0,0.0,1.0,3.0,4.0,4.0,4.0,2.0,3.0,3.0,3.0,3.0,2.0,3.0,4.0,2.0,3.0,3.0,3.0,3.0,2.0,3.0,5.0,3.0,3.0,3.0,3.0,2.0,2.0,3.0,2.0,2.0,4.0,4.0,3.0,2.0,4.0,5.0,3.0,3.0,4.0,3.0,3.0,23.0,21.0,31.0,13.0,24.0,24.0,34.0,4.0,59.0,18 - 29,25 - 32,some additional training,1.11394335230684,0.0387435305236796,0.0005448025395357,1.2742798160984
310,MALES,33,MARRIED FIRST TIME,NO,SOME ADDITIONAL TRAINING,MONEY/FINANCES,NO,0.0,3.0,2.0,3.0,2.0,4.0,2.0,1.0,4.0,2.0,1.0,4.0,2.0,2.0,2.0,1.0,1.0,2.0,2.0,3.0,4.0,1.0,3.0,2.0,4.0,2.0,3.0,1.0,2.0,2.0,3.0,4.0,1.0,1.0,4.0,4.0,4.0,3.0,5.0,2.0,2.0,3.0,4.0,3.0,4.0,4.0,3.0,2.0,2.0,4.0,4.0,1.0,4.0,2.0,3.0,2.0,2.0,1.0,1.0,1.0,1.0,1.0,1.0,1.0,0.0,1.0,1.0,0.0,1.0,2.0,2.0,4.0,3.0,4.0,3.0,3.0,3.0,3.0,4.0,3.0,4.0,4.0,4.0,3.0,2.0,3.0,4.0,4.0,4.0,4.0,4.0,3.0,4.0,3.0,3.0,2.0,3.0,2.0,3.0,4.0,3.0,3.0,4.0,4.0,4.0,4.0,3.0,3.0,3.0,4.0,22.0,25.0,28.0,16.0,20.0,25.0,35.0,8.0,64.0,30 - 44,33 - 40,some additional training,1.20411998265592,0.692652370088074,5.76864757039705e-05,1.27208922023741
371,FEMALES,75,MARRIED FIRST TIME,NO,SOME SECONDARY,FAMILY,NO,0.0,1.0,3.0,5.0,3.0,5.0,1.0,1.0,4.0,4.0,4.0,4.0,2.0,3.0,5.0,3.0,1.0,3.0,1.0,1.0,5.0,3.0,2.0,1.0,2.0,1.0,3.0,1.0,1.0,2.0,3.0,4.0,1.0,1.0,6.0,5.0,5.0,3.0,2.0,1.0,1.0,4.0,3.0,2.0,4.0,4.0,4.0,3.0,1.0,4.0,4.0,1.0,4.0,1.0,4.0,1.0,4.0,1.0,1.0,1.0,1.0,1.0,1.0,1.0,0.0,1.0,1.0,1.0,1.0,3.0,1.0,4.0,5.0,3.0,5.0,1.0,5.0,5.0,5.0,2.0,5.0,1.0,5.0,1.0,1.0,5.0,5.0,3.0,3.0,5.0,4.0,1.0,1.0,3.0,2.0,3.0,4.0,2.0,2.0,4.0,4.0,4.0,4.0,4.0,3.0,5.0,5.0,4.0,5.0,5.0,22.0,19.0,28.0,16.0,21.0,25.0,40.0,9.0,80.0,45+,50+,did not complete high school,1.20411998265592,5.85775818405984,9.6188574706858e-07,1.27208922023741
118,FEMALES,36,DIVORCED,NO,SOME ADDITIONAL TRAINING,WORK,YES,20.0,2.0,1.0,3.0,1.0,4.0,1.0,2.0,3.0,2.0,2.0,4.0,1.0,1.0,3.0,3.0,1.0,3.0,1.0,4.0,4.0,3.0,4.0,3.0,4.0,1.0,3.0,1.0,2.0,2.0,2.0,1.0,1.0,1.0,4.0,3.0,1.0,3.0,1.0,4.0,3.0,3.0,5.0,4.0,4.0,4.0,4.0,2.0,3.0,4.0,4.0,1.0,4.0,1.0,4.0,2.0,4.0,1.0,1.0,1.0,1.0,1.0,0.0,0.0,0.0,1.0,0.0,0.0,0.0,1.0,1.0,4.0,4.0,5.0,5.0,3.0,4.0,4.0,4.0,1.0,4.0,3.0,3.0,2.0,1.0,4.0,4.0,5.0,5.0,5.0,3.0,3.0,3.0,4.0,4.0,1.0,2.0,2.0,2.0,4.0,4.0,3.0,4.0,4.0,5.0,5.0,3.0,5.0,4.0,5.0,24.0,24.0,27.0,20.0,12.0,26.0,39.0,4.0,75.0,30 - 44,33 - 40,some additional training,1.30102999566398,1.44357886052974,0.0010809411217355,1.24783939927334
207,MALES,36,STEADY RELATIONSHIP,NO,SOME ADDITIONAL TRAINING,MONEY/FINANCES,YES,60.0,5.0,2.0,5.0,2.0,5.0,2.0,2.0,4.0,1.0,1.0,4.0,1.0,1.0,4.0,2.0,2.0,4.0,1.0,3.0,5.0,1.0,4.0,1.0,2.0,3.0,3.0,1.0,3.0,1.0,3.0,3.0,2.0,2.0,4.0,4.0,4.0,5.0,4.0,4.0,4.0,3.0,5.0,3.0,2.0,4.0,4.0,5.0,2.0,4.0,4.0,1.0,4.0,1.0,4.0,1.0,3.0,1.0,1.0,1.0,1.0,1.0,0.0,0.0,0.0,0.0,0.0,0.0,0.0,2.0,3.0,3.0,4.0,5.0,4.0,2.0,4.0,4.0,5.0,4.0,5.0,4.0,4.0,2.0,1.0,2.0,5.0,4.0,4.0,4.0,3.0,4.0,4.0,4.0,4.0,1.0,3.0,2.0,2.0,4.0,4.0,4.0,4.0,4.0,4.0,3.0,4.0,2.0,4.0,5.0,27.0,27.0,35.0,15.0,21.0,28.0,39.0,3.0,71.0,30 - 44,33 - 40,some additional training,1.17609125905568,1.78384679647373,0.0049054160204642,1.24648145575202
17,MALES,33,SINGLE,NO,SOME ADDITIONAL TRAINING,WORK,NO,0.0,2.0,2.0,5.0,2.0,4.0,2.0,3.0,4.0,4.0,2.0,3.0,2.0,2.0,4.0,4.0,1.0,4.0,2.0,4.0,4.0,1.0,3.0,1.0,2.0,1.0,4.0,1.0,4.0,1.0,3.0,4.0,1.0,1.0,3.0,3.0,3.0,2.0,2.0,3.0,3.0,3.0,2.0,3.0,1.0,3.0,3.0,4.0,1.0,4.0,4.0,4.0,4.0,4.0,4.0,2.0,4.0,3.0,2.0,1.0,1.0,1.0,0.0,1.0,0.0,1.0,1.0,1.0,1.0,1.0,3.0,4.0,3.0,4.0,3.0,3.0,4.0,4.0,4.0,2.0,4.0,3.0,4.0,2.0,2.0,2.0,4.0,4.0,4.0,4.0,2.0,1.0,3.0,3.0,3.0,4.0,3.0,3.0,3.0,1.0,1.0,3.0,2.0,3.0,5.0,3.0,3.0,4.0,4.0,4.0,23.0,19.0,35.0,15.0,13.0,28.0,30.0,8.0,66.0,30 - 44,33 - 40,some additional training,1.17609125905568,1.38685021506246,2.46086238294058e-05,1.24648145575202
255,FEMALES,44,DIVORCED,NO,POSTGRADUATE COMPLETED,WORK,NO,0.0,4.0,2.0,4.0,2.0,4.0,2.0,2.0,3.0,2.0,2.0,3.0,2.0,2.0,4.0,1.0,1.0,4.0,1.0,4.0,4.0,1.0,3.0,2.0,2.0,3.0,4.0,1.0,3.0,1.0,4.0,4.0,1.0,1.0,2.0,4.0,4.0,3.0,3.0,2.0,2.0,2.0,4.0,4.0,2.0,3.0,4.0,2.0,2.0,4.0,4.0,2.0,4.0,2.0,4.0,2.0,4.0,3.0,2.0,1.0,1.0,1.0,0.0,0.0,0.0,0.0,1.0,0.0,0.0,2.0,2.0,2.0,2.0,4.0,4.0,3.0,3.0,3.0,4.0,3.0,4.0,3.0,3.0,2.0,2.0,3.0,3.0,4.0,4.0,4.0,3.0,3.0,3.0,3.0,3.0,2.0,2.0,3.0,2.0,3.0,3.0,3.0,2.0,3.0,4.0,4.0,3.0,3.0,4.0,4.0,24.0,21.0,37.0,12.0,16.0,21.0,34.0,4.0,60.0,30 - 44,41 - 49,completed postgrad uni,1.07918124604762,0.0401761398897601,0.0017858813041056,1.23778854276455
77,MALES,23,STEADY RELATIONSHIP,NO,COMPLETED UNDERGRADUATE,WORK,NO,0.0,2.0,2.0,3.0,2.0,4.0,2.0,2.0,3.0,3.0,2.0,3.0,2.0,1.0,5.0,2.0,2.0,2.0,1.0,5.0,5.0,2.0,4.0,1.0,2.0,4.0,4.0,2.0,4.0,2.0,4.0,3.0,3.0,3.0,5.0,5.0,6.0,4.0,3.0,3.0,4.0,3.0,4.0,4.0,5.0,4.0,4.0,3.0,2.0,3.0,3.0,1.0,3.0,2.0,3.0,2.0,3.0,3.0,3.0,1.0,1.0,0.0,1.0,0.0,0.0,0.0,0.0,0.0,0.0,2.0,3.0,4.0,4.0,3.0,4.0,2.0,4.0,4.0,4.0,2.0,4.0,3.0,3.0,2.0,2.0,4.0,4.0,4.0,4.0,4.0,3.0,2.0,3.0,3.0,4.0,2.0,2.0,2.0,2.0,4.0,3.0,3.0,2.0,2.0,4.0,3.0,4.0,4.0,4.0,4.0,21.0,21.0,40.0,20.0,23.0,28.0,29.0,3.0,68.0,18 - 29,18 - 24,completed undergrad uni,1.30102999566398,0.739280475093284,0.000328121098953,1.23182479055249
240,FEMALES,44,MARRIED FIRST TIME,YES,COMPLETED HIGHSCHOOL,"TIME (lack of time, too much to do)",NO,0.0,3.0,2.0,4.0,2.0,3.0,2.0,1.0,1.0,1.0,1.0,3.0,1.0,2.0,4.0,2.0,1.0,3.0,1.0,4.0,5.0,2.0,4.0,1.0,2.0,4.0,5.0,1.0,3.0,1.0,4.0,4.0,1.0,1.0,4.0,4.0,5.0,6.0,5.0,3.0,1.0,3.0,5.0,3.0,3.0,4.0,5.0,3.0,2.0,4.0,4.0,1.0,3.0,1.0,3.0,1.0,3.0,1.0,1.0,1.0,1.0,1.0,1.0,1.0,0.0,1.0,1.0,1.0,1.0,2.0,1.0,4.0,4.0,3.0,4.0,2.0,2.0,4.0,4.0,2.0,4.0,4.0,3.0,2.0,1.0,3.0,4.0,4.0,4.0,4.0,4.0,4.0,4.0,4.0,3.0,1.0,3.0,2.0,1.0,4.0,4.0,4.0,4.0,4.0,4.0,5.0,4.0,4.0,4.0,5.0,22.0,23.0,40.0,13.0,24.0,22.0,37.0,9.0,69.0,30 - 44,41 - 49,completed high school,1.11394335230684,0.491993630895425,0.0003978974379863,1.23074071238761
108,FEMALES,40,MARRIED FIRST TIME,YES,COMPLETED HIGHSCHOOL,RELATIONSHIPS,NO,0.0,3.0,3.0,1.0,3.0,5.0,2.0,2.0,3.0,2.0,2.0,3.0,3.0,3.0,5.0,4.0,4.0,3.0,1.0,4.0,2.0,2.0,3.0,2.0,2.0,2.0,3.0,3.0,2.0,1.0,2.0,2.0,4.0,3.0,2.0,2.0,2.0,5.0,1.0,3.0,3.0,3.0,3.0,3.0,3.0,3.0,3.0,3.0,3.0,4.0,4.0,2.0,2.0,4.0,2.0,4.0,2.0,3.0,2.0,0.0,1.0,1.0,0.0,1.0,0.0,0.0,1.0,0.0,1.0,4.0,4.0,5.0,3.0,4.0,2.0,3.0,2.0,2.0,3.0,5.0,2.0,3.0,2.0,4.0,4.0,2.0,2.0,3.0,3.0,4.0,3.0,3.0,3.0,2.0,2.0,3.0,3.0,3.0,3.0,3.0,1.0,1.0,2.0,3.0,2.0,2.0,3.0,1.0,2.0,2.0,19.0,19.0,28.0,26.0,12.0,30.0,24.0,5.0,44.0,30 - 44,33 - 40,completed high school,1.41497334797082,1.92521575537599,0.0002396889999513,1.22314497001838
12,FEMALES,31,MARRIED FIRST TIME,YES,COMPLETED UNDERGRADUATE,LIFE IN GENERAL,NO,0.0,4.0,2.0,4.0,2.0,4.0,2.0,2.0,4.0,1.0,1.0,4.0,1.0,2.0,5.0,3.0,2.0,4.0,1.0,5.0,3.0,3.0,4.0,2.0,3.0,5.0,3.0,2.0,4.0,2.0,4.0,3.0,2.0,2.0,6.0,6.0,6.0,7.0,7.0,3.0,2.0,4.0,4.0,4.0,3.0,4.0,4.0,4.0,2.0,4.0,4.0,1.0,4.0,1.0,4.0,2.0,4.0,2.0,1.0,1.0,0.0,0.0,0.0,1.0,0.0,0.0,0.0,0.0,0.0,3.0,1.0,3.0,1.0,1.0,3.0,2.0,2.0,2.0,3.0,4.0,3.0,3.0,3.0,3.0,3.0,3.0,3.0,4.0,4.0,4.0,3.0,4.0,4.0,4.0,3.0,2.0,2.0,2.0,2.0,4.0,4.0,3.0,3.0,4.0,3.0,5.0,4.0,2.0,3.0,3.0,24.0,26.0,40.0,22.0,32.0,26.0,38.0,2.0,50.0,30 - 44,25 - 32,completed undergrad uni,1.34242268082221,3.99217828522173,7.09688731129007e-07,1.2134461995206
407,FEMALES,26,STEADY RELATIONSHIP,NO,COMPLETED UNDERGRADUATE,MONEY/FINANCES,YES,,4.0,2.0,3.0,2.0,3.0,1.0,1.0,4.0,2.0,1.0,4.0,1.0,2.0,4.0,2.0,2.0,3.0,1.0,3.0,3.0,1.0,4.0,1.0,3.0,1.0,2.0,1.0,3.0,3.0,2.0,3.0,1.0,1.0,3.0,3.0,5.0,4.0,3.0,3.0,2.0,3.0,4.0,4.0,3.0,3.0,3.0,4.0,2.0,4.0,4.0,1.0,4.0,2.0,4.0,2.0,3.0,1.0,1.0,0.0,1.0,1.0,0.0,1.0,0.0,1.0,1.0,0.0,0.0,4.0,4.0,2.0,3.0,4.0,3.0,3.0,1.0,2.0,3.0,4.0,3.0,1.0,2.0,3.0,4.0,1.0,4.0,4.0,4.0,5.0,4.0,3.0,4.0,4.0,3.0,2.0,2.0,3.0,3.0,4.0,3.0,3.0,4.0,4.0,2.0,2.0,3.0,2.0,3.0,2.0,23.0,26.0,28.0,16.0,18.0,27.0,37.0,5.0,43.0,18 - 29,25 - 32,completed undergrad uni,1.20411998265592,6.77126396686263,1.01535298177011e-05,1.21126940405142
285,FEMALES,21,SINGLE,NO,COMPLETED UNDERGRADUATE,WORK,NO,0.0,2.0,3.0,3.0,3.0,2.0,3.0,1.0,3.0,2.0,1.0,3.0,2.0,2.0,3.0,4.0,1.0,2.0,1.0,3.0,4.0,2.0,2.0,1.0,2.0,1.0,2.0,2.0,3.0,1.0,3.0,3.0,4.0,2.0,4.0,5.0,5.0,4.0,4.0,4.0,3.0,4.0,3.0,2.0,2.0,3.0,2.0,1.0,1.0,3.0,3.0,1.0,3.0,1.0,3.0,2.0,3.0,1.0,1.0,1.0,1.0,1.0,0.0,0.0,0.0,0.0,1.0,1.0,1.0,3.0,3.0,4.0,3.0,4.0,3.0,4.0,2.0,3.0,4.0,2.0,2.0,2.0,2.0,3.0,3.0,3.0,3.0,3.0,3.0,3.0,4.0,3.0,4.0,3.0,3.0,3.0,4.0,3.0,4.0,4.0,4.0,3.0,4.0,4.0,3.0,3.0,2.0,4.0,3.0,3.0,16.0,23.0,26.0,20.0,22.0,29.0,34.0,6.0,53.0,18 - 29,18 - 24,completed undergrad uni,1.30102999566398,0.971469503440549,0.0002488516409696,1.18798038098889
702,MALES,46,MARRIED FIRST TIME,YES,POSTGRADUATE COMPLETED,WORK,NO,0.0,4.0,1.0,4.0,1.0,5.0,1.0,1.0,3.0,1.0,1.0,4.0,1.0,2.0,4.0,2.0,1.0,4.0,1.0,4.0,3.0,1.0,3.0,1.0,2.0,2.0,4.0,1.0,2.0,1.0,4.0,4.0,1.0,1.0,5.0,5.0,5.0,5.0,5.0,2.0,3.0,2.0,4.0,4.0,3.0,4.0,3.0,2.0,2.0,4.0,4.0,1.0,4.0,1.0,4.0,1.0,4.0,4.0,1.0,0.0,1.0,1.0,0.0,0.0,0.0,0.0,0.0,0.0,0.0,2.0,2.0,5.0,4.0,4.0,3.0,1.0,3.0,4.0,3.0,1.0,3.0,3.0,2.0,2.0,2.0,4.0,4.0,5.0,5.0,5.0,4.0,4.0,4.0,4.0,3.0,2.0,2.0,2.0,3.0,4.0,4.0,4.0,1.0,4.0,4.0,4.0,5.0,5.0,4.0,4.0,28.0,26.0,34.0,12.0,25.0,23.0,37.0,2.0,68.0,45+,41 - 49,completed postgrad uni,1.07918124604762,1.14372958772028,4.29187078976732e-06,1.18106467183396
289,FEMALES,32,MARRIED FIRST TIME,YES,COMPLETED HIGHSCHOOL,MONEY/FINANCES,NO,0.0,3.0,2.0,2.0,2.0,4.0,2.0,2.0,4.0,2.0,2.0,4.0,2.0,1.0,3.0,2.0,1.0,4.0,2.0,4.0,3.0,2.0,4.0,1.0,1.0,2.0,2.0,1.0,4.0,1.0,3.0,3.0,2.0,1.0,6.0,6.0,5.0,5.0,5.0,2.0,3.0,3.0,5.0,4.0,3.0,4.0,4.0,2.0,2.0,3.0,3.0,1.0,3.0,1.0,4.0,4.0,4.0,1.0,1.0,1.0,1.0,1.0,1.0,1.0,0.0,1.0,1.0,1.0,1.0,2.0,2.0,4.0,4.0,4.0,4.0,2.0,4.0,4.0,4.0,2.0,4.0,4.0,4.0,3.0,2.0,4.0,4.0,4.0,4.0,4.0,3.0,3.0,3.0,3.0,4.0,1.0,2.0,2.0,2.0,4.0,4.0,1.0,4.0,4.0,4.0,4.0,4.0,4.0,3.0,4.0,21.0,24.0,32.0,14.0,27.0,22.0,34.0,9.0,71.0,30 - 44,25 - 32,completed high school,1.14612803567824,0.766693206122717,0.0001740014930969,1.17128281740505
230,MALES,20,SINGLE,NO,COMPLETED HIGHSCHOOL,WORK,NO,0.0,4.0,2.0,4.0,3.0,5.0,2.0,3.0,3.0,2.0,2.0,4.0,3.0,3.0,3.0,2.0,4.0,4.0,2.0,4.0,1.0,2.0,1.0,1.0,1.0,3.0,2.0,2.0,2.0,3.0,3.0,3.0,4.0,2.0,5.0,5.0,5.0,4.0,3.0,1.0,3.0,4.0,2.0,4.0,3.0,2.0,3.0,3.0,3.0,3.0,3.0,2.0,2.0,2.0,3.0,4.0,2.0,4.0,1.0,0.0,0.0,1.0,0.0,0.0,0.0,0.0,0.0,1.0,0.0,2.0,2.0,4.0,4.0,4.0,4.0,5.0,4.0,2.0,3.0,4.0,4.0,5.0,3.0,2.0,2.0,4.0,5.0,4.0,3.0,4.0,2.0,3.0,3.0,2.0,2.0,4.0,2.0,4.0,3.0,3.0,3.0,1.0,1.0,4.0,4.0,4.0,1.0,2.0,4.0,4.0,24.0,19.0,26.0,23.0,22.0,30.0,25.0,2.0,65.0,18 - 29,18 - 24,completed high school,1.36172783601759,1.2107587000723,0.0005122496888079,1.1595897378975
511,MALES,21,SINGLE,NO,COMPLETED UNDERGRADUATE,WORK,NO,0.0,3.0,2.0,4.0,2.0,4.0,1.0,2.0,3.0,2.0,3.0,3.0,4.0,2.0,4.0,2.0,1.0,4.0,4.0,4.0,3.0,4.0,3.0,2.0,2.0,2.0,2.0,3.0,4.0,5.0,3.0,3.0,3.0,1.0,2.0,4.0,4.0,4.0,2.0,3.0,4.0,3.0,3.0,3.0,2.0,3.0,3.0,3.0,4.0,3.0,4.0,1.0,3.0,1.0,3.0,3.0,3.0,2.0,1.0,1.0,1.0,1.0,0.0,0.0,0.0,0.0,0.0,0.0,0.0,4.0,4.0,4.0,3.0,3.0,3.0,3.0,3.0,3.0,3.0,4.0,4.0,3.0,2.0,2.0,3.0,3.0,3.0,4.0,4.0,5.0,3.0,3.0,2.0,1.0,3.0,3.0,3.0,3.0,3.0,4.0,4.0,2.0,3.0,4.0,2.0,2.0,3.0,2.0,4.0,3.0,24.0,18.0,32.0,27.0,16.0,31.0,33.0,3.0,53.0,18 - 29,18 - 24,completed undergrad uni,1.43136376415899,0.926874563821001,2.81928652241843e-05,1.1505172856124
496,MALES,31,LIVING WITH PARTNER,YES,COMPLETED HIGHSCHOOL,HEALTH/ILLNESS,NO,,4.0,3.0,4.0,2.0,5.0,3.0,3.0,4.0,1.0,1.0,3.0,1.0,2.0,4.0,1.0,1.0,3.0,1.0,3.0,4.0,1.0,2.0,1.0,2.0,4.0,4.0,1.0,2.0,1.0,4.0,3.0,2.0,2.0,5.0,5.0,3.0,3.0,1.0,2.0,2.0,2.0,4.0,4.0,4.0,4.0,4.0,3.0,1.0,4.0,4.0,1.0,4.0,2.0,4.0,2.0,3.0,1.0,1.0,1.0,1.0,1.0,1.0,0.0,1.0,1.0,0.0,0.0,1.0,2.0,2.0,5.0,4.0,4.0,2.0,4.0,2.0,5.0,5.0,1.0,1.0,4.0,4.0,1.0,4.0,2.0,3.0,3.0,4.0,3.0,2.0,4.0,4.0,4.0,3.0,2.0,2.0,2.0,2.0,4.0,3.0,3.0,4.0,4.0,4.0,4.0,2.0,5.0,5.0,2.0,23.0,24.0,33.0,13.0,17.0,22.0,37.0,7.0,63.0,30 - 44,25 - 32,completed high school,1.11394335230684,0.329779844341855,0.0004866570030579,1.14547736381931
212,FEMALES,35,REMARRIED,YES,SOME ADDITIONAL TRAINING,FAMILY,NO,,4.0,1.0,5.0,2.0,2.0,1.0,2.0,3.0,3.0,2.0,4.0,2.0,4.0,3.0,4.0,2.0,5.0,1.0,5.0,4.0,4.0,4.0,3.0,3.0,1.0,3.0,2.0,2.0,3.0,3.0,4.0,2.0,1.0,4.0,1.0,2.0,1.0,2.0,4.0,3.0,4.0,3.0,3.0,4.0,3.0,3.0,3.0,2.0,4.0,4.0,1.0,4.0,1.0,2.0,3.0,3.0,3.0,2.0,1.0,1.0,1.0,1.0,1.0,0.0,0.0,0.0,0.0,0.0,1.0,2.0,5.0,3.0,4.0,4.0,2.0,3.0,3.0,3.0,5.0,3.0,4.0,3.0,4.0,2.0,2.0,4.0,5.0,4.0,5.0,3.0,2.0,3.0,3.0,1.0,3.0,3.0,3.0,3.0,4.0,4.0,2.0,2.0,3.0,5.0,4.0,4.0,1.0,2.0,4.0,25.0,19.0,34.0,25.0,10.0,32.0,32.0,5.0,61.0,30 - 44,33 - 40,some additional training,1.39794000867204,0.697404712410219,0.0009563482726902,1.11675449552586
542,MALES,26,LIVING WITH PARTNER,NO,COMPLETED UNDERGRADUATE,WORK,NO,0.0,2.0,2.0,4.0,3.0,5.0,3.0,2.0,3.0,1.0,1.0,3.0,1.0,2.0,4.0,1.0,1.0,3.0,2.0,5.0,3.0,1.0,3.0,2.0,3.0,3.0,3.0,2.0,3.0,3.0,4.0,4.0,2.0,2.0,6.0,5.0,5.0,3.0,4.0,3.0,2.0,3.0,4.0,3.0,2.0,4.0,4.0,1.0,2.0,4.0,4.0,1.0,4.0,1.0,4.0,1.0,4.0,2.0,2.0,0.0,1.0,1.0,0.0,0.0,0.0,0.0,0.0,1.0,0.0,2.0,4.0,3.0,4.0,4.0,3.0,3.0,2.0,4.0,3.0,3.0,2.0,2.0,2.0,2.0,2.0,3.0,3.0,4.0,3.0,3.0,3.0,4.0,4.0,4.0,3.0,2.0,3.0,2.0,2.0,4.0,4.0,4.0,3.0,3.0,4.0,2.0,3.0,3.0,4.0,4.0,21.0,24.0,35.0,19.0,23.0,22.0,38.0,3.0,55.0,18 - 29,25 - 32,completed undergrad uni,1.27875360095283,1.11534374527189,0.001707445113878,1.11583772527384
190,FEMALES,23,SINGLE,NO,COMPLETED UNDERGRADUATE,WORK,NO,0.0,3.0,2.0,4.0,2.0,3.0,3.0,3.0,3.0,2.0,3.0,4.0,3.0,3.0,3.0,3.0,2.0,3.0,2.0,3.0,3.0,3.0,2.0,2.0,2.0,3.0,3.0,1.0,3.0,2.0,3.0,2.0,2.0,1.0,4.0,5.0,4.0,3.0,6.0,3.0,3.0,3.0,3.0,3.0,4.0,3.0,3.0,3.0,3.0,3.0,3.0,2.0,3.0,2.0,3.0,3.0,3.0,2.0,2.0,1.0,1.0,1.0,0.0,1.0,0.0,1.0,1.0,0.0,1.0,3.0,3.0,3.0,4.0,4.0,3.0,4.0,3.0,4.0,4.0,3.0,4.0,3.0,3.0,3.0,2.0,3.0,4.0,4.0,4.0,3.0,2.0,3.0,2.0,2.0,2.0,3.0,3.0,3.0,3.0,3.0,3.0,2.0,3.0,3.0,3.0,3.0,2.0,3.0,3.0,4.0,21.0,18.0,28.0,20.0,22.0,31.0,29.0,7.0,60.0,18 - 29,18 - 24,completed undergrad uni,1.30102999566398,1.16631993112839,0.0003074130679695,1.10697890607328
481,FEMALES,39,MARRIED FIRST TIME,YES,SOME ADDITIONAL TRAINING,WORK,NO,,4.0,2.0,4.0,1.0,4.0,2.0,2.0,4.0,1.0,2.0,4.0,1.0,2.0,4.0,1.0,1.0,4.0,1.0,5.0,2.0,2.0,3.0,1.0,4.0,4.0,4.0,1.0,5.0,4.0,4.0,5.0,1.0,2.0,2.0,4.0,6.0,7.0,7.0,3.0,3.0,4.0,4.0,3.0,3.0,4.0,4.0,3.0,2.0,4.0,4.0,1.0,4.0,1.0,4.0,2.0,3.0,1.0,1.0,1.0,1.0,1.0,0.0,1.0,1.0,1.0,1.0,1.0,1.0,4.0,3.0,5.0,3.0,5.0,2.0,1.0,4.0,4.0,4.0,1.0,4.0,5.0,4.0,1.0,1.0,4.0,4.0,4.0,5.0,4.0,3.0,4.0,3.0,4.0,3.0,2.0,3.0,2.0,2.0,4.0,4.0,3.0,4.0,4.0,2.0,3.0,5.0,5.0,5.0,5.0,25.0,25.0,40.0,18.0,26.0,27.0,38.0,9.0,73.0,30 - 44,33 - 40,some additional training,1.25527250510331,1.17181371959241,0.0018780757819255,1.10464632804251
189,MALES,46,REMARRIED,YES,POSTGRADUATE COMPLETED,"TIME (lack of time, too much to do)",NO,0.0,2.0,3.0,2.0,2.0,2.0,3.0,3.0,3.0,2.0,2.0,3.0,2.0,3.0,3.0,2.0,2.0,2.0,1.0,4.0,4.0,2.0,3.0,2.0,3.0,2.0,3.0,2.0,3.0,1.0,4.0,3.0,2.0,2.0,4.0,4.0,5.0,5.0,4.0,3.0,3.0,4.0,4.0,3.0,3.0,3.0,3.0,4.0,3.0,4.0,4.0,1.0,4.0,1.0,3.0,1.0,3.0,2.0,1.0,1.0,1.0,0.0,0.0,1.0,0.0,1.0,1.0,0.0,1.0,2.0,3.0,3.0,4.0,4.0,4.0,3.0,2.0,4.0,4.0,2.0,4.0,3.0,2.0,4.0,4.0,3.0,3.0,3.0,4.0,3.0,2.0,3.0,3.0,3.0,2.0,2.0,3.0,3.0,3.0,4.0,4.0,4.0,3.0,4.0,4.0,3.0,3.0,4.0,2.0,2.0,16.0,19.0,31.0,19.0,22.0,31.0,37.0,6.0,58.0,45+,41 - 49,completed postgrad uni,1.27875360095283,0.512951897577165,0.000283715180144,1.10013999883165
23,FEMALES,60,MARRIED FIRST TIME,NO,COMPLETED UNDERGRADUATE,FAMILY,YES,140.0,4.0,2.0,3.0,1.0,4.0,1.0,3.0,3.0,1.0,2.0,4.0,1.0,2.0,4.0,4.0,1.0,2.0,2.0,4.0,4.0,4.0,3.0,2.0,3.0,2.0,3.0,1.0,4.0,2.0,3.0,3.0,3.0,3.0,6.0,6.0,6.0,6.0,6.0,5.0,3.0,4.0,4.0,3.0,2.0,4.0,3.0,2.0,1.0,3.0,3.0,1.0,3.0,3.0,3.0,4.0,3.0,3.0,2.0,1.0,1.0,1.0,1.0,1.0,0.0,1.0,0.0,0.0,0.0,4.0,3.0,4.0,4.0,3.0,3.0,4.0,3.0,4.0,4.0,3.0,3.0,1.0,2.0,3.0,3.0,3.0,3.0,4.0,5.0,5.0,2.0,4.0,3.0,4.0,3.0,2.0,3.0,2.0,3.0,4.0,2.0,1.0,2.0,3.0,2.0,3.0,2.0,3.0,3.0,3.0,25.0,23.0,32.0,25.0,30.0,27.0,27.0,6.0,53.0,45+,50+,completed undergrad uni,1.39794000867204,0.971469503440549,7.29978363231556e-06,1.09904770925896
182,MALES,42,MARRIED FIRST TIME,YES,POSTGRADUATE COMPLETED,WORK,NO,0.0,4.0,1.0,3.0,2.0,4.0,2.0,1.0,2.0,2.0,1.0,4.0,4.0,1.0,5.0,3.0,2.0,4.0,1.0,4.0,4.0,2.0,4.0,3.0,2.0,4.0,4.0,2.0,4.0,2.0,4.0,3.0,2.0,2.0,5.0,3.0,5.0,5.0,3.0,4.0,3.0,3.0,4.0,4.0,3.0,4.0,4.0,2.0,2.0,4.0,3.0,1.0,4.0,1.0,3.0,2.0,3.0,2.0,2.0,1.0,1.0,0.0,1.0,0.0,1.0,0.0,1.0,0.0,0.0,3.0,3.0,3.0,5.0,3.0,3.0,3.0,4.0,4.0,4.0,1.0,4.0,2.0,3.0,2.0,2.0,3.0,4.0,5.0,4.0,4.0,4.0,3.0,4.0,1.0,4.0,2.0,2.0,2.0,2.0,4.0,4.0,3.0,3.0,3.0,3.0,3.0,3.0,5.0,4.0,4.0,24.0,22.0,40.0,21.0,21.0,25.0,34.0,5.0,64.0,30 - 44,41 - 49,completed postgrad uni,1.32221929473392,0.0896729290422536,4.57890912555701e-05,1.09667206704734
210,FEMALES,35,MARRIED FIRST TIME,YES,SOME SECONDARY,CHILDREN,NO,,4.0,1.0,4.0,2.0,4.0,1.0,1.0,4.0,1.0,1.0,4.0,1.0,1.0,4.0,2.0,2.0,4.0,2.0,4.0,5.0,2.0,4.0,1.0,4.0,3.0,3.0,2.0,3.0,2.0,3.0,4.0,1.0,1.0,6.0,6.0,6.0,6.0,3.0,2.0,2.0,3.0,4.0,4.0,2.0,3.0,4.0,2.0,2.0,4.0,4.0,1.0,3.0,3.0,4.0,1.0,4.0,3.0,1.0,0.0,1.0,1.0,1.0,1.0,0.0,1.0,1.0,0.0,1.0,4.0,3.0,4.0,4.0,4.0,4.0,1.0,5.0,5.0,5.0,3.0,4.0,4.0,4.0,2.0,2.0,4.0,4.0,5.0,4.0,5.0,4.0,4.0,4.0,4.0,4.0,2.0,2.0,3.0,2.0,4.0,2.0,4.0,2.0,4.0,2.0,3.0,5.0,3.0,4.0,4.0,26.0,28.0,37.0,19.0,27.0,22.0,35.0,7.0,72.0,30 - 44,33 - 40,did not complete high school,1.27875360095283,2.49160313915018,0.000207524254411,1.09088647409806
418,FEMALES,22,SINGLE,YES,COMPLETED HIGHSCHOOL,MONEY/FINANCES,NO,,5.0,4.0,3.0,3.0,2.0,4.0,2.0,3.0,3.0,2.0,4.0,2.0,3.0,4.0,3.0,1.0,3.0,4.0,3.0,2.0,3.0,3.0,2.0,1.0,4.0,3.0,1.0,4.0,4.0,3.0,2.0,1.0,1.0,3.0,3.0,3.0,1.0,2.0,3.0,3.0,3.0,3.0,2.0,3.0,2.0,3.0,3.0,3.0,4.0,4.0,3.0,3.0,2.0,2.0,3.0,2.0,3.0,3.0,1.0,1.0,1.0,0.0,1.0,0.0,1.0,1.0,1.0,1.0,2.0,2.0,3.0,4.0,4.0,2.0,4.0,2.0,5.0,3.0,5.0,3.0,4.0,2.0,3.0,2.0,2.0,4.0,2.0,3.0,2.0,3.0,2.0,3.0,3.0,2.0,3.0,4.0,4.0,3.0,2.0,3.0,2.0,2.0,2.0,4.0,4.0,2.0,1.0,3.0,4.0,17.0,20.0,31.0,21.0,12.0,32.0,26.0,8.0,56.0,18 - 29,18 - 24,completed high school,1.32221929473392,0.230211451248081,0.0005980951962448,1.08894159921102
432,FEMALES,44,MARRIED FIRST TIME,YES,COMPLETED HIGHSCHOOL,WORK,NO,0.0,5.0,3.0,5.0,3.0,5.0,5.0,4.0,4.0,3.0,4.0,4.0,1.0,4.0,5.0,3.0,1.0,3.0,1.0,5.0,5.0,3.0,4.0,3.0,3.0,3.0,4.0,1.0,3.0,1.0,3.0,3.0,2.0,1.0,4.0,4.0,4.0,4.0,1.0,4.0,1.0,4.0,4.0,3.0,3.0,4.0,4.0,5.0,3.0,4.0,4.0,1.0,4.0,1.0,4.0,1.0,4.0,1.0,1.0,1.0,1.0,1.0,0.0,0.0,0.0,1.0,0.0,0.0,1.0,3.0,1.0,3.0,5.0,4.0,3.0,5.0,2.0,3.0,4.0,5.0,4.0,1.0,3.0,4.0,4.0,2.0,3.0,3.0,3.0,1.0,1.0,2.0,1.0,4.0,1.0,2.0,3.0,2.0,2.0,4.0,4.0,4.0,4.0,4.0,3.0,5.0,1.0,1.0,2.0,2.0,22.0,17.0,38.0,19.0,17.0,29.0,40.0,5.0,51.0,30 - 44,41 - 49,completed high school,1.27875360095283,1.48376011807157,0.0006182675376099,1.08639859535409
165,MALES,46,SEPARATED,NO,SOME ADDITIONAL TRAINING,FAMILY,NO,0.0,2.0,3.0,4.0,4.0,2.0,2.0,2.0,3.0,1.0,1.0,2.0,1.0,1.0,4.0,2.0,1.0,4.0,1.0,3.0,4.0,2.0,3.0,1.0,1.0,2.0,3.0,1.0,3.0,1.0,3.0,4.0,2.0,1.0,2.0,2.0,5.0,6.0,2.0,2.0,4.0,1.0,4.0,3.0,3.0,3.0,4.0,2.0,3.0,4.0,4.0,1.0,3.0,1.0,4.0,1.0,4.0,1.0,3.0,1.0,1.0,1.0,1.0,0.0,0.0,1.0,1.0,0.0,1.0,2.0,1.0,4.0,4.0,4.0,4.0,1.0,4.0,4.0,4.0,2.0,5.0,4.0,4.0,1.0,1.0,2.0,2.0,3.0,2.0,4.0,3.0,4.0,4.0,4.0,4.0,2.0,3.0,3.0,2.0,4.0,4.0,4.0,4.0,2.0,4.0,5.0,5.0,4.0,5.0,5.0,17.0,24.0,33.0,13.0,17.0,25.0,37.0,7.0,73.0,45+,41 - 49,some additional training,1.11394335230684,1.06693361886651,0.0003036760300195,1.07345066279923
430,FEMALES,29,MARRIED FIRST TIME,YES,COMPLETED HIGHSCHOOL,WORK,NO,0.0,3.0,3.0,3.0,3.0,4.0,3.0,2.0,3.0,2.0,2.0,1.0,2.0,1.0,4.0,3.0,1.0,3.0,1.0,3.0,3.0,1.0,3.0,1.0,2.0,3.0,4.0,1.0,3.0,1.0,3.0,4.0,1.0,1.0,5.0,5.0,6.0,6.0,3.0,3.0,3.0,3.0,4.0,4.0,3.0,4.0,4.0,3.0,2.0,4.0,4.0,1.0,3.0,1.0,4.0,2.0,2.0,1.0,1.0,1.0,1.0,1.0,0.0,1.0,0.0,1.0,0.0,1.0,1.0,2.0,2.0,4.0,2.0,3.0,3.0,2.0,3.0,2.0,2.0,2.0,3.0,3.0,3.0,1.0,1.0,3.0,3.0,3.0,3.0,3.0,3.0,3.0,3.0,3.0,4.0,2.0,2.0,2.0,2.0,4.0,4.0,3.0,4.0,4.0,4.0,4.0,4.0,4.0,5.0,5.0,19.0,20.0,33.0,13.0,25.0,25.0,36.0,7.0,60.0,18 - 29,25 - 32,completed high school,1.11394335230684,0.241437969823132,0.0004626145100594,1.07345066279923
68,MALES,55,DIVORCED,NO,COMPLETED UNDERGRADUATE,WORK,NO,,4.0,2.0,4.0,2.0,4.0,2.0,2.0,3.0,2.0,2.0,3.0,1.0,1.0,4.0,2.0,1.0,3.0,1.0,4.0,4.0,1.0,4.0,2.0,2.0,4.0,4.0,1.0,4.0,3.0,4.0,4.0,1.0,1.0,4.0,4.0,4.0,5.0,2.0,2.0,2.0,2.0,4.0,4.0,2.0,4.0,4.0,3.0,2.0,3.0,4.0,1.0,4.0,1.0,4.0,1.0,3.0,1.0,1.0,1.0,1.0,1.0,1.0,1.0,0.0,1.0,1.0,0.0,1.0,2.0,2.0,4.0,4.0,5.0,5.0,2.0,4.0,4.0,4.0,2.0,4.0,4.0,4.0,2.0,2.0,4.0,4.0,4.0,4.0,4.0,3.0,3.0,3.0,4.0,4.0,2.0,2.0,2.0,2.0,4.0,4.0,4.0,4.0,4.0,4.0,4.0,4.0,4.0,4.0,4.0,24.0,23.0,39.0,15.0,19.0,21.0,38.0,8.0,74.0,45+,50+,completed undergrad uni,1.17609125905568,1.34497080029261,0.000691860400593,1.07301042709948
2,FEMALES,21,SINGLE,NO,COMPLETED UNDERGRADUATE,WORK,NO,0.0,4.0,4.0,2.0,4.0,5.0,2.0,2.0,3.0,1.0,1.0,2.0,1.0,3.0,4.0,4.0,2.0,3.0,1.0,4.0,4.0,4.0,4.0,1.0,2.0,3.0,3.0,2.0,4.0,1.0,4.0,4.0,4.0,3.0,4.0,4.0,4.0,4.0,4.0,3.0,3.0,4.0,4.0,3.0,3.0,3.0,3.0,3.0,3.0,3.0,3.0,2.0,3.0,2.0,3.0,1.0,3.0,2.0,2.0,0.0,1.0,1.0,0.0,0.0,0.0,0.0,1.0,0.0,0.0,2.0,4.0,3.0,3.0,2.0,5.0,4.0,3.0,3.0,3.0,2.0,5.0,4.0,5.0,2.0,2.0,5.0,5.0,2.0,2.0,4.0,3.0,4.0,4.0,4.0,2.0,2.0,3.0,3.0,3.0,3.0,3.0,4.0,3.0,3.0,4.0,2.0,2.0,4.0,4.0,4.0,19.0,22.0,37.0,24.0,20.0,30.0,31.0,3.0,66.0,18 - 29,18 - 24,completed undergrad uni,1.38021124171161,0.242599765057913,0.0010198558604735,1.06739882039431
141,FEMALES,41,REMARRIED,YES,COMPLETED UNDERGRADUATE,MONEY/FINANCES,YES,100.0,4.0,1.0,4.0,1.0,5.0,1.0,2.0,3.0,1.0,1.0,2.0,1.0,2.0,5.0,3.0,2.0,4.0,1.0,4.0,4.0,2.0,4.0,1.0,2.0,4.0,4.0,2.0,4.0,1.0,4.0,4.0,3.0,1.0,5.0,5.0,5.0,5.0,6.0,3.0,2.0,3.0,5.0,4.0,4.0,4.0,4.0,3.0,3.0,3.0,4.0,1.0,3.0,1.0,3.0,1.0,4.0,1.0,1.0,1.0,1.0,1.0,0.0,1.0,1.0,1.0,1.0,1.0,0.0,2.0,4.0,3.0,2.0,4.0,2.0,2.0,4.0,4.0,4.0,3.0,4.0,4.0,4.0,2.0,1.0,4.0,4.0,5.0,5.0,5.0,3.0,4.0,4.0,4.0,3.0,1.0,2.0,2.0,2.0,4.0,4.0,4.0,4.0,4.0,4.0,2.0,4.0,3.0,4.0,5.0,28.0,23.0,41.0,18.0,26.0,25.0,37.0,8.0,65.0,30 - 44,41 - 49,completed undergrad uni,1.25527250510331,0.153433625515119,1.73924480399645e-06,1.05682429885036
513,MALES,67,MARRIED FIRST TIME,NO,COMPLETED HIGHSCHOOL,HEALTH/ILLNESS,NO,0.0,4.0,2.0,4.0,2.0,5.0,1.0,1.0,4.0,1.0,1.0,4.0,2.0,1.0,4.0,2.0,2.0,4.0,5.0,4.0,4.0,2.0,3.0,1.0,2.0,3.0,4.0,2.0,2.0,5.0,2.0,4.0,4.0,1.0,5.0,6.0,4.0,5.0,3.0,4.0,4.0,4.0,4.0,3.0,3.0,3.0,4.0,4.0,2.0,3.0,4.0,2.0,3.0,3.0,2.0,2.0,2.0,4.0,2.0,1.0,1.0,1.0,0.0,1.0,0.0,1.0,1.0,1.0,1.0,2.0,3.0,4.0,4.0,4.0,5.0,4.0,3.0,5.0,5.0,4.0,3.0,4.0,3.0,4.0,5.0,5.0,5.0,4.0,4.0,5.0,4.0,4.0,4.0,3.0,4.0,2.0,3.0,3.0,2.0,3.0,2.0,3.0,1.0,3.0,4.0,3.0,2.0,2.0,2.0,1.0,26.0,27.0,34.0,26.0,23.0,31.0,26.0,8.0,64.0,45+,50+,completed high school,1.41497334797082,1.96523583318282,0.0085458847824085,1.0479951744762
479,FEMALES,53,MARRIED FIRST TIME,NO,SOME ADDITIONAL TRAINING,SPOUSE OR PARTNER,NO,,3.0,2.0,4.0,1.0,4.0,4.0,1.0,3.0,1.0,1.0,4.0,1.0,1.0,4.0,3.0,2.0,3.0,1.0,4.0,5.0,3.0,4.0,1.0,2.0,3.0,3.0,1.0,3.0,1.0,3.0,4.0,1.0,1.0,2.0,2.0,2.0,2.0,2.0,4.0,1.0,2.0,4.0,3.0,2.0,4.0,4.0,2.0,1.0,4.0,4.0,1.0,4.0,1.0,4.0,3.0,4.0,1.0,1.0,0.0,1.0,1.0,0.0,1.0,1.0,1.0,1.0,0.0,1.0,1.0,3.0,5.0,5.0,5.0,4.0,1.0,4.0,4.0,4.0,1.0,3.0,5.0,2.0,3.0,5.0,4.0,4.0,4.0,5.0,2.0,4.0,4.0,4.0,4.0,4.0,2.0,3.0,2.0,2.0,4.0,4.0,2.0,4.0,4.0,5.0,3.0,5.0,5.0,3.0,1.0,22.0,27.0,36.0,16.0,10.0,21.0,38.0,7.0,71.0,45+,50+,some additional training,1.20411998265592,1.78384679647373,4.85664193046316e-05,1.02702013196049
257,FEMALES,56,MARRIED FIRST TIME,NO,SOME SECONDARY,HEALTH/ILLNESS,NO,0.0,5.0,4.0,4.0,3.0,4.0,2.0,2.0,4.0,3.0,3.0,3.0,2.0,2.0,5.0,2.0,2.0,2.0,1.0,5.0,2.0,2.0,4.0,1.0,2.0,2.0,2.0,3.0,2.0,1.0,3.0,4.0,3.0,1.0,4.0,3.0,4.0,6.0,5.0,3.0,3.0,2.0,4.0,3.0,2.0,4.0,4.0,2.0,2.0,3.0,3.0,1.0,3.0,1.0,4.0,3.0,3.0,2.0,1.0,0.0,1.0,1.0,0.0,1.0,0.0,0.0,1.0,0.0,0.0,3.0,2.0,3.0,5.0,5.0,4.0,3.0,3.0,4.0,4.0,4.0,3.0,2.0,3.0,3.0,3.0,3.0,4.0,2.0,3.0,4.0,3.0,2.0,2.0,3.0,3.0,2.0,3.0,2.0,2.0,4.0,4.0,2.0,3.0,4.0,3.0,4.0,3.0,2.0,3.0,3.0,22.0,20.0,31.0,18.0,22.0,23.0,33.0,4.0,61.0,45+,50+,did not complete high school,1.25527250510331,0.291997617541539,0.0012648603079338,1.02461858055545
242,FEMALES,18,SINGLE,NO,COMPLETED HIGHSCHOOL,WORK,NO,0.0,3.0,2.0,2.0,2.0,4.0,2.0,2.0,3.0,1.0,2.0,3.0,1.0,2.0,4.0,2.0,1.0,3.0,2.0,4.0,2.0,2.0,3.0,3.0,3.0,4.0,4.0,2.0,3.0,4.0,3.0,3.0,3.0,2.0,4.0,4.0,3.0,5.0,5.0,3.0,3.0,4.0,3.0,4.0,2.0,3.0,3.0,2.0,1.0,4.0,4.0,1.0,3.0,3.0,3.0,2.0,3.0,2.0,1.0,0.0,0.0,1.0,0.0,0.0,0.0,1.0,0.0,0.0,0.0,,,,,,,,,,,,,,,,,,,4.0,4.0,4.0,3.0,4.0,3.0,4.0,3.0,3.0,2.0,3.0,3.0,4.0,2.0,3.0,3.0,4.0,,,,,,,21.0,23.0,33.0,24.0,21.0,26.0,33.0,2.0,,18 - 29,18 - 24,completed high school,1.38021124171161,,,1.01356679172799
234,FEMALES,44,SINGLE,NO,POSTGRADUATE COMPLETED,,YES,25.0,3.0,2.0,5.0,1.0,4.0,1.0,1.0,4.0,1.0,1.0,4.0,1.0,1.0,4.0,4.0,2.0,2.0,4.0,5.0,4.0,3.0,4.0,1.0,2.0,4.0,4.0,2.0,3.0,2.0,4.0,4.0,2.0,1.0,5.0,4.0,4.0,5.0,5.0,4.0,3.0,4.0,4.0,3.0,2.0,5.0,4.0,3.0,2.0,4.0,4.0,1.0,4.0,1.0,4.0,1.0,4.0,2.0,2.0,1.0,1.0,1.0,1.0,0.0,0.0,0.0,0.0,0.0,0.0,5.0,3.0,3.0,4.0,4.0,3.0,3.0,3.0,4.0,4.0,2.0,4.0,3.0,3.0,2.0,3.0,4.0,5.0,4.0,5.0,5.0,4.0,4.0,4.0,4.0,4.0,2.0,3.0,1.0,2.0,4.0,4.0,4.0,3.0,3.0,1.0,3.0,3.0,4.0,4.0,3.0,26.0,28.0,38.0,23.0,23.0,26.0,38.0,4.0,62.0,30 - 44,41 - 49,completed postgrad uni,1.36172783601759,3.14649468182285,0.0021136530164277,1.01187790313872
91,MALES,51,REMARRIED,YES,COMPLETED HIGHSCHOOL,WORK,NO,0.0,4.0,1.0,4.0,1.0,4.0,1.0,1.0,3.0,2.0,1.0,4.0,1.0,1.0,4.0,2.0,1.0,4.0,1.0,4.0,3.0,1.0,3.0,2.0,2.0,3.0,3.0,1.0,4.0,1.0,4.0,4.0,2.0,1.0,5.0,5.0,5.0,5.0,5.0,3.0,2.0,1.0,4.0,4.0,1.0,1.0,5.0,2.0,2.0,4.0,3.0,1.0,3.0,1.0,3.0,1.0,3.0,1.0,1.0,1.0,1.0,0.0,0.0,0.0,0.0,0.0,1.0,0.0,0.0,2.0,2.0,3.0,4.0,4.0,3.0,2.0,2.0,4.0,5.0,2.0,3.0,4.0,3.0,2.0,2.0,3.0,4.0,5.0,5.0,5.0,4.0,3.0,4.0,4.0,4.0,2.0,2.0,5.0,1.0,4.0,4.0,4.0,4.0,4.0,4.0,4.0,4.0,4.0,4.0,4.0,27.0,26.0,36.0,14.0,25.0,21.0,36.0,3.0,66.0,45+,50+,completed high school,1.14612803567824,1.15460457176494,0.0004259652442757,0.992978115763385
34,MALES,64,MARRIED FIRST TIME,NO,POSTGRADUATE COMPLETED,MONEY/FINANCES,NO,0.0,4.0,1.0,4.0,2.0,3.0,1.0,1.0,3.0,1.0,2.0,4.0,1.0,2.0,4.0,1.0,2.0,4.0,2.0,3.0,4.0,1.0,3.0,2.0,1.0,1.0,3.0,2.0,3.0,1.0,3.0,3.0,1.0,1.0,4.0,5.0,4.0,4.0,2.0,2.0,3.0,3.0,4.0,3.0,2.0,4.0,3.0,3.0,2.0,4.0,4.0,1.0,3.0,1.0,3.0,1.0,3.0,3.0,1.0,1.0,1.0,1.0,1.0,1.0,0.0,0.0,1.0,0.0,1.0,1.0,2.0,5.0,3.0,5.0,2.0,3.0,3.0,4.0,4.0,3.0,4.0,3.0,1.0,1.0,1.0,3.0,3.0,5.0,4.0,5.0,4.0,4.0,3.0,4.0,3.0,2.0,3.0,2.0,3.0,4.0,4.0,4.0,2.0,4.0,5.0,4.0,3.0,3.0,5.0,5.0,25.0,25.0,31.0,14.0,19.0,25.0,35.0,7.0,65.0,45+,50+,completed postgrad uni,1.14612803567824,0.669487691113568,8.15927988269727e-05,0.98836036147584
8,FEMALES,38,DIVORCED,YES,COMPLETED UNDERGRADUATE,WORK,NO,0.0,2.0,2.0,4.0,2.0,4.0,3.0,2.0,3.0,2.0,2.0,3.0,2.0,2.0,5.0,2.0,2.0,3.0,1.0,4.0,4.0,2.0,4.0,1.0,2.0,4.0,4.0,2.0,4.0,1.0,4.0,4.0,2.0,2.0,5.0,5.0,5.0,6.0,5.0,3.0,3.0,3.0,4.0,4.0,3.0,3.0,4.0,3.0,2.0,3.0,4.0,1.0,3.0,1.0,3.0,2.0,3.0,1.0,1.0,1.0,0.0,1.0,0.0,0.0,0.0,0.0,1.0,0.0,0.0,3.0,2.0,4.0,3.0,4.0,2.0,3.0,2.0,2.0,3.0,3.0,2.0,3.0,2.0,4.0,3.0,2.0,2.0,4.0,4.0,3.0,3.0,3.0,3.0,3.0,3.0,2.0,2.0,3.0,2.0,4.0,4.0,3.0,4.0,4.0,3.0,4.0,3.0,3.0,2.0,3.0,21.0,21.0,40.0,17.0,26.0,26.0,35.0,3.0,49.0,30 - 44,33 - 40,completed undergrad uni,1.23044892137827,1.07498383450505,0.0009462526930049,0.979721103476307
412,MALES,48,MARRIED FIRST TIME,YES,SOME ADDITIONAL TRAINING,WORK,NO,,5.0,2.0,4.0,1.0,4.0,3.0,1.0,4.0,1.0,1.0,4.0,1.0,1.0,4.0,2.0,1.0,4.0,1.0,4.0,4.0,1.0,4.0,2.0,2.0,3.0,2.0,1.0,4.0,1.0,4.0,4.0,2.0,1.0,4.0,4.0,4.0,5.0,2.0,2.0,3.0,2.0,5.0,3.0,2.0,4.0,4.0,3.0,1.0,4.0,4.0,1.0,4.0,1.0,4.0,1.0,4.0,1.0,1.0,0.0,1.0,1.0,1.0,1.0,0.0,1.0,1.0,0.0,0.0,2.0,2.0,4.0,4.0,4.0,4.0,2.0,4.0,4.0,4.0,3.0,4.0,4.0,4.0,2.0,2.0,4.0,4.0,4.0,5.0,3.0,4.0,4.0,4.0,4.0,4.0,1.0,3.0,2.0,2.0,4.0,4.0,4.0,4.0,4.0,4.0,4.0,4.0,3.0,4.0,4.0,25.0,28.0,37.0,14.0,19.0,21.0,40.0,6.0,71.0,45+,41 - 49,some additional training,1.14612803567824,2.47113686088309,1.03169970655116e-08,0.978859181268432
64,MALES,27,LIVING WITH PARTNER,NO,COMPLETED HIGHSCHOOL,MONEY/FINANCES,YES,150.0,4.0,1.0,5.0,2.0,5.0,3.0,2.0,4.0,3.0,2.0,4.0,1.0,1.0,3.0,2.0,2.0,3.0,1.0,5.0,2.0,5.0,2.0,1.0,3.0,3.0,2.0,2.0,3.0,1.0,4.0,5.0,2.0,2.0,5.0,5.0,6.0,6.0,7.0,3.0,2.0,3.0,4.0,3.0,2.0,4.0,4.0,3.0,2.0,4.0,4.0,1.0,4.0,1.0,3.0,1.0,4.0,2.0,1.0,0.0,1.0,1.0,1.0,1.0,0.0,0.0,1.0,1.0,0.0,1.0,1.0,5.0,4.0,5.0,3.0,3.0,4.0,3.0,4.0,2.0,3.0,4.0,4.0,3.0,2.0,3.0,4.0,5.0,4.0,3.0,3.0,2.0,3.0,4.0,4.0,2.0,3.0,2.0,2.0,4.0,4.0,4.0,3.0,4.0,5.0,5.0,3.0,4.0,3.0,4.0,26.0,24.0,32.0,21.0,29.0,24.0,38.0,6.0,70.0,18 - 29,25 - 32,completed high school,1.32221929473392,0.645224810595607,7.07255801558289e-06,0.978370492362792
327,FEMALES,46,MARRIED FIRST TIME,YES,COMPLETED UNDERGRADUATE,WORK,NO,0.0,3.0,2.0,1.0,3.0,3.0,3.0,3.0,2.0,3.0,3.0,4.0,4.0,3.0,3.0,2.0,1.0,5.0,2.0,2.0,4.0,2.0,3.0,1.0,3.0,3.0,3.0,1.0,4.0,4.0,3.0,3.0,1.0,1.0,5.0,3.0,5.0,5.0,4.0,1.0,2.0,3.0,3.0,3.0,4.0,3.0,2.0,3.0,4.0,2.0,4.0,2.0,2.0,4.0,2.0,4.0,2.0,4.0,3.0,1.0,1.0,1.0,1.0,1.0,0.0,1.0,1.0,0.0,1.0,4.0,2.0,5.0,3.0,2.0,3.0,5.0,1.0,2.0,3.0,4.0,2.0,2.0,2.0,4.0,4.0,2.0,3.0,4.0,3.0,3.0,2.0,2.0,2.0,1.0,2.0,3.0,3.0,3.0,4.0,3.0,1.0,1.0,1.0,2.0,2.0,4.0,1.0,2.0,2.0,2.0,17.0,15.0,33.0,18.0,22.0,30.0,20.0,8.0,43.0,45+,41 - 49,completed undergrad uni,1.25527250510331,3.37031367622807,0.0031389255662539,0.962937852163329
226,FEMALES,48,MARRIED FIRST TIME,NO,COMPLETED HIGHSCHOOL,"TIME (lack of time, too much to do)",NO,0.0,3.0,3.0,4.0,2.0,3.0,3.0,3.0,3.0,3.0,2.0,1.0,2.0,3.0,4.0,1.0,2.0,2.0,1.0,5.0,3.0,3.0,3.0,2.0,2.0,2.0,4.0,2.0,3.0,1.0,2.0,3.0,4.0,4.0,3.0,3.0,2.0,3.0,6.0,3.0,3.0,4.0,3.0,2.0,3.0,3.0,3.0,4.0,2.0,4.0,4.0,1.0,3.0,1.0,2.0,3.0,3.0,2.0,1.0,1.0,1.0,1.0,0.0,0.0,0.0,0.0,1.0,0.0,0.0,4.0,4.0,3.0,3.0,4.0,2.0,5.0,4.0,3.0,4.0,4.0,2.0,4.0,2.0,3.0,2.0,2.0,2.0,3.0,4.0,3.0,2.0,2.0,3.0,3.0,2.0,3.0,4.0,3.0,3.0,4.0,4.0,2.0,3.0,4.0,2.0,2.0,1.0,2.0,3.0,4.0,20.0,16.0,31.0,22.0,17.0,32.0,33.0,4.0,49.0,45+,41 - 49,completed high school,1.34242268082221,2.17106661056453,1.89934121767951e-05,0.924708598630878
284,FEMALES,55,MARRIED FIRST TIME,NO,SOME ADDITIONAL TRAINING,LIFE IN GENERAL,NO,0.0,5.0,1.0,4.0,2.0,5.0,1.0,2.0,3.0,2.0,3.0,3.0,2.0,2.0,4.0,3.0,1.0,3.0,1.0,3.0,1.0,2.0,3.0,1.0,1.0,2.0,3.0,2.0,4.0,1.0,3.0,3.0,2.0,2.0,5.0,4.0,6.0,6.0,4.0,3.0,2.0,3.0,5.0,4.0,4.0,4.0,4.0,3.0,4.0,4.0,4.0,1.0,4.0,1.0,4.0,1.0,2.0,1.0,1.0,0.0,1.0,0.0,1.0,1.0,1.0,0.0,1.0,0.0,0.0,1.0,3.0,5.0,3.0,3.0,4.0,3.0,2.0,3.0,2.0,2.0,5.0,2.0,3.0,2.0,1.0,3.0,3.0,5.0,4.0,5.0,3.0,3.0,2.0,3.0,3.0,1.0,2.0,2.0,2.0,4.0,4.0,4.0,4.0,4.0,5.0,3.0,3.0,4.0,4.0,5.0,28.0,20.0,29.0,16.0,25.0,26.0,38.0,5.0,62.0,45+,50+,some additional training,1.20411998265592,0.361658472489803,0.0001483500179337,0.917484025041079
280,MALES,34,MARRIED FIRST TIME,YES,COMPLETED HIGHSCHOOL,WORK,NO,0.0,4.0,2.0,3.0,1.0,5.0,1.0,3.0,4.0,1.0,4.0,4.0,3.0,2.0,3.0,5.0,1.0,5.0,1.0,3.0,4.0,5.0,4.0,3.0,4.0,2.0,2.0,1.0,3.0,3.0,3.0,3.0,1.0,1.0,1.0,1.0,3.0,3.0,1.0,3.0,3.0,3.0,2.0,3.0,4.0,4.0,3.0,4.0,3.0,4.0,4.0,1.0,4.0,1.0,3.0,2.0,4.0,4.0,3.0,0.0,1.0,1.0,0.0,0.0,1.0,0.0,0.0,0.0,0.0,4.0,5.0,4.0,2.0,4.0,1.0,5.0,3.0,2.0,1.0,5.0,4.0,5.0,3.0,2.0,1.0,5.0,5.0,4.0,5.0,5.0,2.0,4.0,1.0,2.0,3.0,4.0,3.0,2.0,3.0,4.0,4.0,3.0,1.0,2.0,2.0,1.0,1.0,1.0,4.0,5.0,26.0,20.0,32.0,25.0,9.0,32.0,33.0,3.0,53.0,30 - 44,33 - 40,completed high school,1.39794000867204,0.422354238230301,0.0004923045675646,0.905451800359803
528,MALES,27,MARRIED FIRST TIME,NO,COMPLETED UNDERGRADUATE,"TIME (lack of time, too much to do)",NO,0.0,3.0,4.0,2.0,4.0,3.0,3.0,2.0,2.0,2.0,2.0,3.0,3.0,3.0,3.0,2.0,1.0,2.0,3.0,4.0,3.0,5.0,2.0,2.0,2.0,2.0,2.0,1.0,4.0,1.0,4.0,3.0,3.0,3.0,2.0,6.0,3.0,4.0,1.0,2.0,2.0,3.0,4.0,3.0,3.0,2.0,4.0,4.0,2.0,2.0,3.0,2.0,3.0,2.0,2.0,4.0,3.0,3.0,3.0,1.0,1.0,1.0,0.0,0.0,0.0,0.0,1.0,0.0,0.0,2.0,2.0,4.0,3.0,4.0,4.0,4.0,2.0,4.0,3.0,2.0,3.0,4.0,2.0,3.0,3.0,3.0,2.0,2.0,2.0,3.0,3.0,3.0,3.0,2.0,2.0,2.0,3.0,4.0,2.0,3.0,3.0,1.0,2.0,2.0,4.0,4.0,2.0,4.0,3.0,3.0,15.0,18.0,29.0,23.0,16.0,27.0,24.0,4.0,58.0,18 - 29,25 - 32,completed undergrad uni,1.36172783601759,1.00240093289128,0.0005599530182382,0.894514119292853
424,FEMALES,63,DIVORCED,NO,COMPLETED HIGHSCHOOL,FAMILY,NO,,3.0,4.0,4.0,3.0,3.0,3.0,3.0,3.0,4.0,4.0,3.0,2.0,3.0,4.0,3.0,2.0,4.0,2.0,5.0,5.0,2.0,4.0,1.0,1.0,3.0,3.0,1.0,4.0,2.0,4.0,3.0,1.0,1.0,1.0,3.0,3.0,4.0,3.0,3.0,3.0,2.0,3.0,2.0,2.0,4.0,3.0,3.0,1.0,3.0,3.0,2.0,3.0,2.0,3.0,2.0,3.0,2.0,3.0,1.0,1.0,1.0,0.0,1.0,0.0,1.0,1.0,0.0,1.0,1.0,1.0,4.0,4.0,3.0,4.0,3.0,3.0,3.0,4.0,4.0,4.0,3.0,4.0,2.0,2.0,4.0,4.0,2.0,3.0,3.0,2.0,1.0,1.0,3.0,2.0,3.0,4.0,2.0,3.0,3.0,3.0,3.0,3.0,2.0,5.0,5.0,3.0,2.0,4.0,4.0,18.0,15.0,39.0,16.0,14.0,26.0,29.0,7.0,67.0,45+,50+,completed high school,1.20411998265592,5.66548560182485,0.0043500761732111,0.893759010677645
544,FEMALES,23,STEADY RELATIONSHIP,NO,SOME ADDITIONAL TRAINING,WORK,NO,0.0,3.0,2.0,4.0,3.0,4.0,2.0,2.0,3.0,3.0,2.0,4.0,2.0,4.0,3.0,4.0,2.0,3.0,1.0,4.0,4.0,5.0,3.0,2.0,4.0,3.0,3.0,2.0,3.0,2.0,3.0,3.0,2.0,2.0,2.0,4.0,4.0,4.0,3.0,4.0,3.0,4.0,4.0,3.0,3.0,3.0,4.0,4.0,3.0,4.0,4.0,2.0,3.0,1.0,3.0,4.0,4.0,3.0,2.0,1.0,1.0,1.0,1.0,1.0,0.0,0.0,1.0,0.0,0.0,2.0,3.0,4.0,3.0,4.0,3.0,4.0,3.0,3.0,4.0,4.0,3.0,4.0,3.0,4.0,3.0,3.0,4.0,4.0,3.0,4.0,3.0,2.0,3.0,3.0,1.0,2.0,3.0,3.0,2.0,3.0,4.0,1.0,2.0,3.0,4.0,3.0,2.0,2.0,2.0,3.0,22.0,19.0,32.0,26.0,17.0,31.0,31.0,6.0,57.0,18 - 29,18 - 24,some additional training,1.41497334797082,0.489670040425862,0.0002342595550027,0.889291305033857
137,FEMALES,22,LIVING WITH PARTNER,NO,SOME ADDITIONAL TRAINING,RELATIONSHIPS,NO,,3.0,2.0,3.0,2.0,3.0,3.0,2.0,3.0,4.0,2.0,3.0,3.0,3.0,4.0,3.0,2.0,2.0,1.0,4.0,3.0,3.0,3.0,1.0,2.0,2.0,3.0,2.0,3.0,1.0,3.0,3.0,3.0,2.0,5.0,5.0,4.0,5.0,4.0,4.0,4.0,3.0,3.0,3.0,2.0,3.0,3.0,3.0,3.0,4.0,4.0,1.0,4.0,2.0,2.0,3.0,2.0,3.0,4.0,1.0,1.0,1.0,0.0,0.0,0.0,1.0,1.0,0.0,0.0,4.0,3.0,4.0,2.0,2.0,1.0,3.0,1.0,4.0,5.0,5.0,2.0,4.0,1.0,4.0,4.0,1.0,1.0,4.0,4.0,3.0,3.0,1.0,3.0,2.0,2.0,3.0,3.0,3.0,3.0,4.0,3.0,2.0,2.0,1.0,2.0,3.0,3.0,1.0,2.0,2.0,20.0,17.0,30.0,20.0,23.0,31.0,28.0,5.0,41.0,18 - 29,18 - 24,some additional training,1.30102999566398,2.84706375554282,0.0007765954565548,0.887760240957055
241,FEMALES,48,MARRIED FIRST TIME,YES,COMPLETED UNDERGRADUATE,WORK,NO,0.0,4.0,2.0,5.0,1.0,5.0,2.0,2.0,3.0,1.0,1.0,4.0,1.0,2.0,4.0,2.0,1.0,4.0,1.0,3.0,4.0,1.0,4.0,2.0,2.0,4.0,4.0,1.0,4.0,1.0,4.0,4.0,2.0,2.0,6.0,6.0,6.0,6.0,5.0,3.0,2.0,3.0,4.0,4.0,3.0,3.0,4.0,3.0,2.0,4.0,4.0,1.0,4.0,1.0,4.0,1.0,4.0,2.0,1.0,1.0,1.0,1.0,0.0,1.0,0.0,1.0,0.0,0.0,1.0,1.0,2.0,5.0,4.0,3.0,3.0,3.0,3.0,3.0,4.0,2.0,3.0,4.0,3.0,2.0,2.0,3.0,3.0,4.0,5.0,4.0,3.0,4.0,4.0,4.0,3.0,2.0,2.0,3.0,2.0,4.0,4.0,4.0,3.0,4.0,5.0,4.0,3.0,4.0,4.0,4.0,27.0,25.0,39.0,15.0,29.0,25.0,39.0,6.0,65.0,45+,41 - 49,completed undergrad uni,1.17609125905568,0.669487691113568,8.15927988269727e-05,0.883282494587732
213,MALES,22,SINGLE,NO,COMPLETED UNDERGRADUATE,LIFE IN GENERAL,NO,,4.0,1.0,4.0,1.0,5.0,2.0,2.0,3.0,4.0,1.0,3.0,3.0,3.0,4.0,2.0,3.0,4.0,1.0,4.0,3.0,2.0,3.0,1.0,3.0,3.0,4.0,2.0,3.0,1.0,4.0,4.0,3.0,2.0,3.0,6.0,3.0,3.0,2.0,3.0,4.0,4.0,3.0,3.0,2.0,4.0,3.0,4.0,2.0,3.0,4.0,1.0,4.0,1.0,2.0,3.0,2.0,3.0,2.0,1.0,1.0,1.0,1.0,1.0,0.0,0.0,1.0,0.0,0.0,2.0,4.0,4.0,3.0,4.0,4.0,5.0,2.0,3.0,4.0,2.0,3.0,3.0,3.0,4.0,4.0,3.0,5.0,5.0,5.0,4.0,3.0,1.0,4.0,2.0,2.0,3.0,3.0,2.0,3.0,4.0,4.0,2.0,2.0,3.0,4.0,2.0,1.0,4.0,2.0,2.0,27.0,18.0,36.0,20.0,17.0,30.0,30.0,6.0,56.0,18 - 29,18 - 24,completed undergrad uni,1.30102999566398,0.914886763573594,9.62501140160195e-07,0.883152961238031
373,MALES,32,SINGLE,NO,COMPLETED HIGHSCHOOL,WORK,YES,150.0,4.0,1.0,3.0,1.0,4.0,2.0,2.0,3.0,1.0,2.0,4.0,2.0,2.0,4.0,2.0,2.0,4.0,1.0,4.0,2.0,3.0,4.0,2.0,2.0,3.0,4.0,2.0,4.0,2.0,4.0,3.0,2.0,2.0,5.0,4.0,4.0,3.0,4.0,2.0,3.0,3.0,4.0,4.0,2.0,4.0,4.0,3.0,2.0,4.0,4.0,1.0,4.0,1.0,4.0,3.0,3.0,1.0,1.0,0.0,1.0,1.0,1.0,0.0,1.0,0.0,1.0,0.0,0.0,2.0,2.0,4.0,4.0,4.0,3.0,3.0,4.0,4.0,3.0,2.0,3.0,4.0,3.0,2.0,2.0,4.0,4.0,5.0,5.0,4.0,3.0,4.0,3.0,3.0,3.0,2.0,2.0,2.0,2.0,4.0,4.0,2.0,4.0,4.0,4.0,4.0,3.0,4.0,4.0,4.0,25.0,23.0,36.0,20.0,20.0,23.0,37.0,5.0,67.0,30 - 44,25 - 32,completed high school,1.30102999566398,0.284511213745556,0.0001867600969607,0.880599144125896
260,FEMALES,41,STEADY RELATIONSHIP,NO,POSTGRADUATE COMPLETED,WORK,NO,1.0,2.0,2.0,3.0,3.0,3.0,2.0,2.0,3.0,2.0,2.0,1.0,3.0,3.0,4.0,3.0,4.0,2.0,1.0,5.0,5.0,3.0,4.0,2.0,1.0,3.0,4.0,2.0,3.0,3.0,4.0,4.0,2.0,2.0,4.0,4.0,4.0,3.0,3.0,3.0,3.0,3.0,4.0,3.0,3.0,4.0,3.0,3.0,3.0,4.0,4.0,2.0,3.0,1.0,2.0,4.0,3.0,2.0,3.0,0.0,1.0,1.0,0.0,0.0,0.0,0.0,0.0,0.0,0.0,5.0,3.0,2.0,3.0,2.0,5.0,3.0,2.0,2.0,3.0,3.0,5.0,3.0,5.0,3.0,4.0,4.0,4.0,4.0,3.0,4.0,3.0,3.0,3.0,2.0,2.0,2.0,3.0,2.0,3.0,3.0,4.0,1.0,3.0,2.0,1.0,3.0,3.0,3.0,3.0,2.0,19.0,17.0,38.0,23.0,18.0,28.0,29.0,2.0,55.0,30 - 44,41 - 49,completed postgrad uni,1.36172783601759,1.47327246551909,0.0007784943065488,0.879969601997902
380,MALES,38,MARRIED FIRST TIME,YES,SOME ADDITIONAL TRAINING,MONEY/FINANCES,YES,120.0,3.0,2.0,3.0,1.0,4.0,1.0,1.0,3.0,2.0,2.0,4.0,2.0,2.0,3.0,4.0,2.0,3.0,1.0,3.0,3.0,2.0,3.0,1.0,2.0,2.0,3.0,2.0,3.0,1.0,3.0,3.0,2.0,2.0,4.0,4.0,5.0,5.0,4.0,3.0,2.0,3.0,4.0,4.0,3.0,4.0,4.0,3.0,3.0,4.0,4.0,1.0,3.0,1.0,3.0,3.0,3.0,2.0,3.0,1.0,1.0,1.0,0.0,1.0,0.0,0.0,1.0,0.0,0.0,2.0,4.0,4.0,3.0,4.0,4.0,3.0,3.0,4.0,4.0,2.0,4.0,3.0,4.0,2.0,2.0,4.0,4.0,4.0,5.0,5.0,4.0,3.0,3.0,3.0,3.0,2.0,2.0,2.0,2.0,4.0,4.0,2.0,3.0,2.0,4.0,2.0,3.0,4.0,4.0,4.0,24.0,23.0,29.0,19.0,22.0,25.0,32.0,5.0,66.0,30 - 44,33 - 40,some additional training,1.27875360095283,0.209421816015409,7.04046298790841e-09,0.868131663145092
480,MALES,29,SINGLE,YES,SOME ADDITIONAL TRAINING,WORK,NO,,3.0,2.0,4.0,2.0,5.0,1.0,1.0,2.0,2.0,2.0,3.0,1.0,3.0,3.0,3.0,1.0,4.0,1.0,3.0,4.0,1.0,4.0,2.0,2.0,2.0,2.0,1.0,2.0,1.0,4.0,4.0,2.0,1.0,3.0,4.0,4.0,2.0,3.0,3.0,3.0,3.0,4.0,4.0,3.0,3.0,3.0,2.0,3.0,4.0,4.0,2.0,4.0,1.0,3.0,2.0,4.0,1.0,1.0,1.0,1.0,1.0,1.0,0.0,0.0,0.0,1.0,0.0,0.0,1.0,2.0,3.0,3.0,3.0,4.0,3.0,4.0,3.0,3.0,3.0,4.0,3.0,3.0,3.0,3.0,3.0,3.0,4.0,4.0,5.0,4.0,3.0,3.0,4.0,2.0,2.0,2.0,3.0,3.0,3.0,4.0,3.0,4.0,4.0,5.0,4.0,3.0,3.0,3.0,3.0,25.0,21.0,32.0,15.0,16.0,27.0,37.0,5.0,60.0,18 - 29,25 - 32,some additional training,1.17609125905568,0.0401761398897601,4.43715815835592e-06,0.851308265377889
514,FEMALES,62,MARRIED FIRST TIME,NO,SOME ADDITIONAL TRAINING,,NO,0.0,3.0,2.0,3.0,4.0,4.0,1.0,2.0,4.0,1.0,1.0,2.0,2.0,3.0,2.0,2.0,1.0,4.0,2.0,4.0,4.0,1.0,4.0,2.0,2.0,1.0,3.0,1.0,3.0,1.0,4.0,3.0,2.0,1.0,3.0,3.0,4.0,5.0,4.0,3.0,3.0,2.0,3.0,3.0,3.0,4.0,4.0,3.0,3.0,4.0,4.0,1.0,4.0,1.0,3.0,1.0,3.0,1.0,1.0,1.0,1.0,1.0,1.0,0.0,0.0,0.0,1.0,1.0,1.0,4.0,2.0,3.0,3.0,5.0,2.0,1.0,4.0,4.0,4.0,2.0,4.0,4.0,4.0,2.0,2.0,4.0,4.0,4.0,2.0,5.0,3.0,4.0,4.0,3.0,2.0,3.0,3.0,2.0,2.0,4.0,4.0,4.0,4.0,4.0,2.0,4.0,5.0,4.0,4.0,4.0,21.0,22.0,32.0,15.0,19.0,27.0,38.0,7.0,68.0,45+,50+,some additional training,1.17609125905568,0.471931429993003,0.0001866981006006,0.851308265377889
203,FEMALES,41,DIVORCED,YES,COMPLETED UNDERGRADUATE,WORK,YES,5.0,5.0,1.0,4.0,2.0,4.0,2.0,1.0,4.0,1.0,1.0,4.0,1.0,1.0,3.0,5.0,2.0,3.0,1.0,5.0,4.0,4.0,4.0,3.0,3.0,4.0,4.0,2.0,2.0,1.0,3.0,3.0,2.0,2.0,5.0,6.0,6.0,6.0,4.0,5.0,1.0,5.0,5.0,3.0,2.0,5.0,4.0,5.0,5.0,4.0,4.0,1.0,4.0,1.0,4.0,1.0,3.0,1.0,1.0,1.0,1.0,1.0,1.0,1.0,1.0,1.0,1.0,0.0,1.0,1.0,1.0,1.0,5.0,5.0,5.0,1.0,5.0,5.0,5.0,1.0,5.0,5.0,5.0,1.0,1.0,5.0,5.0,5.0,4.0,4.0,4.0,4.0,4.0,4.0,4.0,1.0,3.0,1.0,2.0,4.0,4.0,4.0,4.0,4.0,5.0,5.0,5.0,5.0,5.0,5.0,26.0,28.0,35.0,25.0,27.0,30.0,39.0,9.0,86.0,30 - 44,41 - 49,completed undergrad uni,1.39794000867204,4.78375779402455,0.0344740092181586,0.849765035441059
152,FEMALES,31,SINGLE,NO,COMPLETED UNDERGRADUATE,WORK,NO,0.0,2.0,2.0,3.0,3.0,4.0,3.0,2.0,2.0,2.0,2.0,3.0,2.0,3.0,4.0,2.0,1.0,3.0,2.0,3.0,4.0,3.0,3.0,4.0,4.0,3.0,3.0,1.0,2.0,1.0,3.0,3.0,1.0,1.0,4.0,5.0,5.0,4.0,4.0,3.0,3.0,4.0,3.0,3.0,3.0,3.0,3.0,4.0,2.0,4.0,4.0,2.0,4.0,2.0,3.0,2.0,3.0,2.0,2.0,1.0,1.0,1.0,0.0,0.0,1.0,0.0,1.0,0.0,0.0,4.0,3.0,3.0,2.0,3.0,2.0,3.0,3.0,3.0,3.0,4.0,3.0,3.0,3.0,4.0,3.0,2.0,3.0,4.0,3.0,3.0,3.0,3.0,3.0,3.0,2.0,3.0,3.0,3.0,3.0,3.0,3.0,3.0,3.0,3.0,2.0,3.0,3.0,2.0,2.0,3.0,19.0,19.0,31.0,20.0,22.0,31.0,33.0,5.0,48.0,30 - 44,25 - 32,completed undergrad uni,1.30102999566398,1.13968765140774,1.00600454375347e-05,0.849356698810303
294,MALES,41,MARRIED FIRST TIME,NO,COMPLETED UNDERGRADUATE,WORK,NO,0.0,2.0,2.0,4.0,3.0,4.0,3.0,3.0,4.0,1.0,2.0,3.0,1.0,1.0,4.0,2.0,1.0,4.0,1.0,4.0,5.0,1.0,4.0,3.0,3.0,4.0,3.0,1.0,4.0,1.0,4.0,3.0,1.0,1.0,5.0,3.0,6.0,6.0,6.0,3.0,1.0,2.0,4.0,4.0,3.0,3.0,4.0,3.0,1.0,4.0,4.0,1.0,1.0,3.0,4.0,1.0,3.0,1.0,1.0,1.0,1.0,1.0,0.0,0.0,0.0,0.0,0.0,0.0,0.0,4.0,5.0,4.0,3.0,4.0,3.0,2.0,2.0,3.0,3.0,3.0,3.0,2.0,2.0,3.0,4.0,2.0,2.0,4.0,3.0,3.0,2.0,4.0,3.0,4.0,4.0,2.0,2.0,3.0,2.0,4.0,2.0,4.0,4.0,4.0,2.0,1.0,4.0,3.0,3.0,2.0,20.0,24.0,39.0,15.0,26.0,22.0,34.0,3.0,48.0,30 - 44,41 - 49,completed undergrad uni,1.17609125905568,2.80552553815321,0.0051116838810852,0.843373781495517
414,MALES,24,MARRIED FIRST TIME,YES,COMPLETED UNDERGRADUATE,SPOUSE OR PARTNER,NO,,4.0,3.0,4.0,3.0,3.0,4.0,2.0,3.0,2.0,2.0,3.0,3.0,3.0,3.0,3.0,2.0,3.0,3.0,3.0,3.0,3.0,3.0,3.0,3.0,3.0,4.0,2.0,3.0,2.0,3.0,3.0,2.0,1.0,5.0,6.0,6.0,6.0,4.0,2.0,2.0,3.0,3.0,3.0,3.0,3.0,3.0,2.0,3.0,3.0,3.0,2.0,3.0,2.0,3.0,2.0,3.0,3.0,3.0,0.0,1.0,1.0,0.0,0.0,0.0,1.0,1.0,0.0,0.0,3.0,4.0,3.0,2.0,3.0,3.0,4.0,3.0,3.0,4.0,4.0,4.0,3.0,3.0,3.0,3.0,3.0,3.0,3.0,3.0,2.0,3.0,3.0,3.0,2.0,2.0,3.0,3.0,3.0,3.0,3.0,3.0,3.0,2.0,2.0,3.0,2.0,2.0,2.0,3.0,3.0,19.0,19.0,31.0,24.0,27.0,27.0,28.0,4.0,52.0,18 - 29,18 - 24,completed undergrad uni,1.38021124171161,0.659778863117218,0.000632238621243,0.841156946800861
361,MALES,48,MARRIED FIRST TIME,YES,COMPLETED HIGHSCHOOL,WORK,NO,0.0,3.0,2.0,4.0,2.0,4.0,2.0,3.0,4.0,1.0,1.0,4.0,2.0,1.0,4.0,4.0,2.0,4.0,1.0,4.0,4.0,2.0,4.0,1.0,2.0,3.0,4.0,1.0,4.0,1.0,4.0,4.0,1.0,1.0,6.0,6.0,7.0,7.0,7.0,3.0,2.0,3.0,4.0,3.0,2.0,4.0,4.0,2.0,1.0,4.0,4.0,1.0,4.0,1.0,4.0,1.0,4.0,2.0,1.0,0.0,1.0,1.0,1.0,1.0,1.0,1.0,1.0,1.0,1.0,2.0,2.0,4.0,3.0,4.0,3.0,2.0,3.0,4.0,4.0,2.0,3.0,5.0,4.0,2.0,2.0,3.0,3.0,4.0,4.0,4.0,2.0,4.0,4.0,3.0,4.0,2.0,3.0,2.0,2.0,4.0,4.0,4.0,3.0,4.0,4.0,4.0,4.0,4.0,4.0,4.0,23.0,25.0,39.0,16.0,33.0,22.0,39.0,9.0,67.0,45+,41 - 49,completed high school,1.20411998265592,0.680461954854131,0.0001826425470357,0.836735507218694
413,MALES,27,LIVING WITH PARTNER,NO,SOME SECONDARY,WORK,NO,,4.0,2.0,4.0,2.0,4.0,2.0,2.0,4.0,2.0,3.0,4.0,2.0,2.0,3.0,1.0,1.0,3.0,1.0,4.0,4.0,1.0,3.0,1.0,2.0,4.0,3.0,1.0,5.0,2.0,3.0,4.0,2.0,1.0,3.0,3.0,4.0,2.0,2.0,2.0,3.0,3.0,4.0,3.0,2.0,4.0,4.0,2.0,2.0,4.0,4.0,1.0,4.0,1.0,4.0,1.0,4.0,3.0,1.0,1.0,1.0,1.0,0.0,0.0,0.0,0.0,1.0,0.0,1.0,1.0,2.0,5.0,5.0,5.0,5.0,1.0,4.0,4.0,4.0,3.0,4.0,4.0,4.0,3.0,3.0,4.0,4.0,4.0,4.0,4.0,3.0,3.0,2.0,3.0,3.0,2.0,3.0,2.0,2.0,4.0,4.0,4.0,2.0,4.0,5.0,4.0,5.0,3.0,3.0,3.0,24.0,22.0,36.0,13.0,14.0,23.0,38.0,5.0,75.0,18 - 29,25 - 32,did not complete high school,1.11394335230684,1.87628028500634,0.000139982302375,0.830154780293926
18,FEMALES,61,WIDOWED,YES,COMPLETED HIGHSCHOOL,WORK,NO,0.0,4.0,2.0,4.0,1.0,5.0,1.0,1.0,4.0,1.0,1.0,4.0,2.0,2.0,4.0,2.0,1.0,3.0,1.0,4.0,5.0,2.0,4.0,2.0,2.0,3.0,4.0,1.0,4.0,1.0,5.0,4.0,2.0,2.0,6.0,6.0,6.0,7.0,6.0,3.0,2.0,3.0,5.0,4.0,3.0,5.0,4.0,4.0,3.0,3.0,3.0,1.0,3.0,1.0,4.0,3.0,4.0,2.0,1.0,1.0,1.0,1.0,0.0,1.0,1.0,0.0,0.0,0.0,0.0,1.0,2.0,4.0,4.0,5.0,4.0,2.0,4.0,4.0,4.0,2.0,5.0,3.0,3.0,2.0,2.0,3.0,4.0,4.0,5.0,5.0,4.0,4.0,4.0,3.0,3.0,1.0,2.0,1.0,2.0,4.0,4.0,2.0,3.0,4.0,5.0,4.0,4.0,4.0,4.0,4.0,27.0,26.0,40.0,16.0,31.0,24.0,34.0,5.0,72.0,45+,50+,completed high school,1.20411998265592,1.35119410638925,0.0003747021727599,0.828731226823174
26,FEMALES,55,SINGLE,YES,POSTGRADUATE COMPLETED,WORK,NO,0.0,4.0,1.0,4.0,1.0,4.0,1.0,1.0,4.0,1.0,1.0,4.0,1.0,1.0,4.0,3.0,2.0,4.0,1.0,5.0,3.0,2.0,4.0,1.0,1.0,3.0,4.0,1.0,3.0,1.0,4.0,4.0,1.0,1.0,5.0,5.0,5.0,6.0,6.0,2.0,3.0,2.0,4.0,4.0,3.0,4.0,4.0,2.0,2.0,4.0,4.0,1.0,4.0,1.0,4.0,1.0,4.0,2.0,1.0,0.0,1.0,0.0,0.0,0.0,0.0,0.0,1.0,0.0,1.0,2.0,1.0,5.0,4.0,4.0,4.0,1.0,4.0,5.0,4.0,1.0,4.0,4.0,4.0,2.0,1.0,4.0,4.0,5.0,5.0,5.0,4.0,4.0,4.0,4.0,4.0,2.0,2.0,2.0,2.0,4.0,4.0,4.0,3.0,4.0,4.0,5.0,5.0,5.0,4.0,5.0,27.0,28.0,38.0,14.0,27.0,22.0,39.0,3.0,78.0,45+,50+,completed postgrad uni,1.14612803567824,3.01552616057975,0.0008655257289622,0.816210104653963
54,FEMALES,37,LIVING WITH PARTNER,NO,COMPLETED UNDERGRADUATE,WORK,NO,0.0,4.0,1.0,5.0,1.0,5.0,1.0,1.0,4.0,1.0,1.0,4.0,1.0,2.0,4.0,2.0,1.0,3.0,1.0,3.0,3.0,2.0,3.0,2.0,3.0,1.0,4.0,1.0,4.0,1.0,3.0,3.0,1.0,1.0,7.0,7.0,7.0,7.0,7.0,3.0,2.0,3.0,5.0,4.0,3.0,3.0,4.0,2.0,3.0,2.0,4.0,1.0,4.0,1.0,4.0,1.0,4.0,1.0,1.0,1.0,1.0,1.0,0.0,1.0,0.0,0.0,1.0,0.0,0.0,1.0,1.0,5.0,5.0,5.0,5.0,5.0,4.0,5.0,5.0,5.0,5.0,5.0,5.0,1.0,1.0,5.0,5.0,5.0,5.0,5.0,4.0,4.0,4.0,4.0,3.0,1.0,2.0,3.0,2.0,4.0,4.0,4.0,4.0,4.0,5.0,5.0,1.0,1.0,5.0,5.0,29.0,27.0,31.0,15.0,35.0,24.0,38.0,5.0,81.0,30 - 44,33 - 40,completed undergrad uni,1.17609125905568,3.14832221571295,0.0030834544705571,0.80483285505545
136,MALES,22,LIVING WITH PARTNER,NO,COMPLETED UNDERGRADUATE,MONEY/FINANCES,NO,,2.0,1.0,3.0,2.0,3.0,2.0,1.0,3.0,2.0,2.0,4.0,2.0,3.0,4.0,3.0,1.0,4.0,1.0,3.0,3.0,2.0,3.0,1.0,2.0,2.0,4.0,1.0,3.0,1.0,3.0,3.0,2.0,1.0,5.0,6.0,5.0,5.0,4.0,3.0,3.0,3.0,4.0,4.0,2.0,4.0,4.0,2.0,2.0,4.0,4.0,1.0,4.0,1.0,4.0,2.0,3.0,2.0,2.0,0.0,1.0,1.0,1.0,0.0,0.0,0.0,1.0,0.0,0.0,2.0,3.0,4.0,4.0,4.0,3.0,2.0,3.0,2.0,4.0,1.0,3.0,5.0,3.0,2.0,1.0,3.0,4.0,5.0,4.0,4.0,4.0,3.0,3.0,3.0,2.0,2.0,2.0,2.0,2.0,4.0,4.0,3.0,3.0,3.0,4.0,3.0,4.0,5.0,4.0,5.0,21.0,22.0,32.0,15.0,25.0,23.0,36.0,4.0,67.0,18 - 29,18 - 24,completed undergrad uni,1.17609125905568,0.347714993910529,0.0003522472024762,0.801364302555815
4,FEMALES,47,MARRIED FIRST TIME,YES,SOME SECONDARY,CHILDREN,NO,0.0,4.0,2.0,4.0,2.0,4.0,2.0,2.0,3.0,3.0,2.0,3.0,2.0,2.0,4.0,3.0,3.0,2.0,2.0,4.0,1.0,2.0,3.0,1.0,3.0,1.0,4.0,3.0,4.0,2.0,3.0,4.0,3.0,3.0,5.0,5.0,6.0,6.0,5.0,3.0,3.0,3.0,3.0,3.0,3.0,3.0,4.0,3.0,3.0,4.0,4.0,2.0,3.0,2.0,4.0,1.0,3.0,1.0,1.0,1.0,1.0,0.0,0.0,1.0,0.0,0.0,0.0,0.0,0.0,2.0,4.0,4.0,2.0,4.0,2.0,2.0,3.0,3.0,3.0,4.0,2.0,2.0,2.0,3.0,3.0,3.0,3.0,4.0,4.0,4.0,3.0,2.0,3.0,3.0,3.0,3.0,3.0,3.0,2.0,3.0,3.0,4.0,4.0,4.0,4.0,2.0,4.0,2.0,3.0,3.0,24.0,20.0,30.0,25.0,27.0,29.0,36.0,3.0,51.0,45+,41 - 49,did not complete high school,1.39794000867204,0.645955465701069,1.91615241321283e-05,0.792655070031591
276,MALES,42,MARRIED FIRST TIME,YES,COMPLETED UNDERGRADUATE,FAMILY,NO,0.0,5.0,2.0,5.0,1.0,5.0,1.0,1.0,4.0,1.0,1.0,4.0,1.0,2.0,4.0,3.0,1.0,4.0,1.0,4.0,5.0,2.0,3.0,1.0,2.0,3.0,4.0,1.0,4.0,1.0,4.0,3.0,1.0,1.0,5.0,5.0,5.0,5.0,3.0,3.0,2.0,3.0,5.0,4.0,3.0,4.0,4.0,3.0,3.0,4.0,4.0,1.0,4.0,1.0,4.0,1.0,1.0,1.0,1.0,1.0,1.0,1.0,1.0,0.0,1.0,0.0,1.0,0.0,1.0,2.0,5.0,1.0,1.0,1.0,2.0,2.0,4.0,4.0,5.0,1.0,4.0,2.0,2.0,5.0,5.0,4.0,4.0,4.0,5.0,5.0,4.0,4.0,4.0,4.0,3.0,1.0,2.0,2.0,2.0,4.0,4.0,4.0,4.0,4.0,4.0,1.0,4.0,5.0,1.0,1.0,29.0,27.0,38.0,14.0,23.0,24.0,37.0,7.0,50.0,30 - 44,41 - 49,completed undergrad uni,1.14612803567824,5.13589136939009,0.0004709695430857,0.788618091485179
244,MALES,47,MARRIED FIRST TIME,YES,POSTGRADUATE COMPLETED,WORK,NO,0.0,3.0,4.0,4.0,2.0,4.0,2.0,2.0,3.0,1.0,3.0,4.0,1.0,2.0,3.0,2.0,1.0,3.0,1.0,4.0,3.0,2.0,3.0,2.0,2.0,4.0,5.0,1.0,2.0,1.0,3.0,4.0,2.0,1.0,4.0,4.0,4.0,5.0,4.0,2.0,2.0,3.0,4.0,4.0,2.0,4.0,4.0,3.0,2.0,4.0,4.0,1.0,4.0,4.0,4.0,2.0,4.0,1.0,1.0,1.0,1.0,1.0,0.0,1.0,1.0,1.0,1.0,0.0,1.0,2.0,2.0,4.0,4.0,3.0,3.0,2.0,3.0,3.0,4.0,2.0,3.0,3.0,3.0,3.0,3.0,3.0,4.0,2.0,4.0,4.0,3.0,4.0,2.0,4.0,3.0,2.0,2.0,2.0,2.0,4.0,1.0,3.0,4.0,4.0,4.0,4.0,4.0,4.0,3.0,3.0,21.0,23.0,34.0,15.0,21.0,22.0,36.0,8.0,62.0,45+,41 - 49,completed postgrad uni,1.17609125905568,0.100076297393396,0.0006533980631723,0.78400612380158
114,FEMALES,50,DIVORCED,YES,SOME ADDITIONAL TRAINING,MONEY/FINANCES,YES,200.0,3.0,2.0,3.0,3.0,4.0,2.0,3.0,3.0,4.0,3.0,4.0,2.0,3.0,4.0,2.0,4.0,5.0,1.0,4.0,2.0,3.0,4.0,2.0,2.0,3.0,4.0,2.0,4.0,2.0,4.0,5.0,2.0,1.0,2.0,2.0,3.0,4.0,3.0,4.0,3.0,3.0,4.0,4.0,3.0,4.0,4.0,3.0,3.0,4.0,4.0,1.0,4.0,1.0,3.0,2.0,3.0,3.0,3.0,0.0,1.0,1.0,1.0,1.0,0.0,0.0,1.0,1.0,1.0,3.0,3.0,3.0,3.0,4.0,2.0,3.0,3.0,3.0,4.0,2.0,2.0,3.0,2.0,3.0,3.0,2.0,3.0,4.0,3.0,4.0,2.0,1.0,2.0,3.0,2.0,2.0,2.0,2.0,2.0,4.0,4.0,3.0,2.0,2.0,3.0,3.0,3.0,4.0,3.0,3.0,21.0,17.0,39.0,21.0,14.0,27.0,33.0,7.0,53.0,45+,50+,some additional training,1.32221929473392,1.44031387733561,0.001731783629353,0.781441668578899
366,MALES,19,SINGLE,NO,COMPLETED HIGHSCHOOL,WORK,NO,0.0,4.0,3.0,5.0,1.0,4.0,1.0,1.0,4.0,2.0,1.0,4.0,1.0,2.0,4.0,2.0,1.0,4.0,1.0,5.0,4.0,2.0,4.0,2.0,3.0,5.0,3.0,1.0,3.0,2.0,4.0,3.0,2.0,2.0,5.0,6.0,6.0,5.0,5.0,3.0,3.0,4.0,5.0,5.0,2.0,4.0,4.0,3.0,2.0,4.0,4.0,1.0,3.0,1.0,4.0,1.0,4.0,1.0,1.0,0.0,1.0,1.0,0.0,0.0,0.0,1.0,0.0,0.0,0.0,2.0,2.0,4.0,4.0,4.0,5.0,4.0,4.0,3.0,2.0,4.0,3.0,4.0,4.0,2.0,2.0,4.0,4.0,3.0,5.0,5.0,4.0,3.0,4.0,4.0,3.0,1.0,1.0,2.0,2.0,4.0,4.0,4.0,4.0,4.0,4.0,4.0,2.0,2.0,4.0,4.0,26.0,26.0,39.0,18.0,27.0,23.0,39.0,3.0,65.0,18 - 29,18 - 24,completed high school,1.25527250510331,1.18869387463205,9.19842297685087e-06,0.755444663219904
43,MALES,37,MARRIED FIRST TIME,YES,SOME ADDITIONAL TRAINING,WORK,NO,0.0,3.0,1.0,4.0,1.0,5.0,1.0,1.0,4.0,1.0,1.0,4.0,1.0,2.0,3.0,3.0,2.0,1.0,1.0,4.0,3.0,2.0,3.0,1.0,2.0,2.0,3.0,2.0,3.0,1.0,3.0,4.0,2.0,1.0,5.0,4.0,5.0,6.0,2.0,3.0,2.0,3.0,4.0,3.0,3.0,4.0,3.0,3.0,2.0,4.0,4.0,1.0,4.0,1.0,4.0,3.0,4.0,1.0,1.0,1.0,1.0,1.0,1.0,1.0,1.0,1.0,1.0,0.0,1.0,1.0,3.0,4.0,2.0,4.0,3.0,2.0,2.0,4.0,4.0,4.0,4.0,4.0,2.0,3.0,1.0,4.0,5.0,5.0,5.0,5.0,4.0,4.0,4.0,4.0,3.0,2.0,3.0,2.0,3.0,4.0,4.0,2.0,4.0,4.0,5.0,3.0,4.0,2.0,3.0,5.0,27.0,27.0,29.0,17.0,22.0,26.0,38.0,9.0,64.0,30 - 44,33 - 40,some additional training,1.23044892137827,1.96523583318282,0.0012708439225076,0.746418928655726
16,FEMALES,37,REMARRIED,YES,COMPLETED HIGHSCHOOL,WORK,NO,0.0,3.0,2.0,4.0,3.0,4.0,2.0,2.0,4.0,2.0,2.0,3.0,2.0,2.0,4.0,2.0,3.0,4.0,1.0,5.0,5.0,2.0,4.0,4.0,2.0,3.0,4.0,3.0,2.0,1.0,3.0,4.0,2.0,2.0,5.0,5.0,7.0,6.0,5.0,3.0,3.0,3.0,4.0,4.0,3.0,4.0,4.0,4.0,2.0,4.0,4.0,1.0,3.0,1.0,4.0,2.0,4.0,1.0,1.0,0.0,1.0,1.0,0.0,0.0,0.0,1.0,0.0,0.0,1.0,2.0,2.0,5.0,4.0,3.0,4.0,3.0,4.0,4.0,4.0,3.0,4.0,4.0,4.0,2.0,2.0,4.0,4.0,4.0,3.0,4.0,3.0,3.0,3.0,3.0,3.0,2.0,2.0,2.0,2.0,4.0,4.0,3.0,4.0,4.0,4.0,4.0,3.0,3.0,4.0,4.0,22.0,22.0,38.0,22.0,28.0,26.0,38.0,4.0,70.0,30 - 44,33 - 40,completed high school,1.34242268082221,0.777667923847525,8.71884904248589e-05,0.74532761395291
460,FEMALES,35,DIVORCED,YES,SOME ADDITIONAL TRAINING,RELATIONSHIPS,NO,0.0,4.0,1.0,4.0,1.0,4.0,1.0,2.0,4.0,2.0,2.0,4.0,1.0,3.0,4.0,3.0,2.0,3.0,1.0,1.0,3.0,2.0,5.0,1.0,3.0,2.0,4.0,2.0,4.0,2.0,4.0,4.0,2.0,1.0,5.0,5.0,5.0,5.0,3.0,2.0,3.0,2.0,4.0,4.0,3.0,4.0,4.0,3.0,2.0,4.0,4.0,1.0,3.0,1.0,4.0,2.0,3.0,1.0,1.0,1.0,1.0,1.0,0.0,0.0,0.0,0.0,0.0,0.0,0.0,2.0,2.0,3.0,4.0,3.0,5.0,2.0,4.0,4.0,4.0,3.0,5.0,3.0,5.0,5.0,5.0,5.0,5.0,5.0,5.0,5.0,3.0,3.0,3.0,4.0,2.0,2.0,2.0,2.0,2.0,4.0,4.0,3.0,4.0,4.0,4.0,4.0,4.0,3.0,1.0,1.0,27.0,23.0,34.0,19.0,23.0,23.0,37.0,3.0,67.0,30 - 44,33 - 40,some additional training,1.27875360095283,0.284511213745556,0.0001867600969607,0.72149490944878
505,FEMALES,33,WIDOWED,YES,SOME ADDITIONAL TRAINING,WORK,YES,200.0,1.0,4.0,2.0,3.0,4.0,2.0,2.0,3.0,2.0,2.0,4.0,2.0,3.0,4.0,2.0,1.0,3.0,2.0,3.0,4.0,1.0,3.0,1.0,1.0,3.0,3.0,1.0,4.0,2.0,3.0,3.0,2.0,1.0,2.0,3.0,5.0,6.0,2.0,2.0,2.0,2.0,4.0,4.0,3.0,3.0,3.0,3.0,2.0,3.0,3.0,1.0,4.0,1.0,2.0,4.0,2.0,1.0,3.0,1.0,1.0,0.0,1.0,1.0,0.0,0.0,1.0,0.0,1.0,5.0,2.0,4.0,2.0,3.0,3.0,2.0,3.0,4.0,4.0,4.0,2.0,2.0,2.0,2.0,2.0,3.0,3.0,2.0,3.0,4.0,3.0,3.0,3.0,3.0,2.0,2.0,2.0,3.0,3.0,4.0,4.0,1.0,4.0,2.0,1.0,4.0,4.0,2.0,4.0,4.0,16.0,21.0,33.0,14.0,18.0,24.0,29.0,6.0,54.0,30 - 44,33 - 40,some additional training,1.14612803567824,0.318098592141144,0.0010844586019481,0.704376306947513
232,FEMALES,22,SINGLE,NO,COMPLETED UNDERGRADUATE,WORK,NO,0.0,3.0,3.0,3.0,2.0,2.0,4.0,1.0,3.0,2.0,2.0,4.0,2.0,1.0,2.0,2.0,4.0,3.0,1.0,5.0,5.0,1.0,3.0,1.0,2.0,4.0,2.0,4.0,2.0,2.0,3.0,2.0,4.0,4.0,3.0,3.0,6.0,6.0,6.0,3.0,3.0,4.0,4.0,3.0,3.0,4.0,3.0,4.0,2.0,4.0,4.0,1.0,4.0,1.0,3.0,1.0,4.0,2.0,3.0,1.0,1.0,1.0,0.0,1.0,0.0,1.0,0.0,0.0,1.0,1.0,3.0,4.0,4.0,4.0,4.0,2.0,3.0,4.0,4.0,5.0,4.0,4.0,4.0,2.0,2.0,4.0,3.0,3.0,4.0,2.0,4.0,3.0,3.0,3.0,4.0,2.0,3.0,2.0,3.0,4.0,4.0,4.0,3.0,2.0,5.0,3.0,4.0,1.0,4.0,4.0,17.0,24.0,31.0,25.0,24.0,29.0,36.0,6.0,67.0,18 - 29,18 - 24,completed undergrad uni,1.39794000867204,0.395426867393424,0.0013810709001673,0.701192281918961
482,FEMALES,20,SINGLE,NO,SOME ADDITIONAL TRAINING,WORK,NO,,4.0,4.0,3.0,3.0,3.0,2.0,2.0,3.0,3.0,1.0,4.0,3.0,3.0,4.0,2.0,2.0,3.0,1.0,4.0,3.0,1.0,3.0,2.0,2.0,1.0,1.0,1.0,4.0,1.0,3.0,4.0,4.0,1.0,5.0,4.0,4.0,5.0,4.0,3.0,4.0,4.0,4.0,3.0,4.0,5.0,3.0,1.0,3.0,4.0,4.0,1.0,3.0,1.0,3.0,1.0,4.0,2.0,1.0,1.0,1.0,1.0,1.0,1.0,1.0,1.0,1.0,1.0,0.0,2.0,4.0,3.0,3.0,3.0,2.0,2.0,2.0,4.0,4.0,3.0,4.0,2.0,1.0,3.0,3.0,3.0,3.0,2.0,3.0,4.0,3.0,2.0,4.0,2.0,2.0,2.0,3.0,1.0,3.0,4.0,4.0,4.0,3.0,4.0,4.0,2.0,4.0,3.0,3.0,3.0,19.0,20.0,30.0,17.0,22.0,28.0,37.0,9.0,53.0,18 - 29,18 - 24,some additional training,1.23044892137827,0.422354238230301,8.3765934564623e-05,0.6974152421618
512,FEMALES,18,STEADY RELATIONSHIP,NO,COMPLETED HIGHSCHOOL,WORK,NO,0.0,3.0,4.0,3.0,2.0,5.0,1.0,2.0,3.0,1.0,2.0,4.0,2.0,1.0,3.0,3.0,1.0,1.0,2.0,5.0,4.0,3.0,3.0,2.0,3.0,1.0,2.0,1.0,4.0,1.0,2.0,3.0,4.0,3.0,5.0,6.0,6.0,6.0,5.0,2.0,3.0,4.0,3.0,3.0,4.0,3.0,2.0,3.0,1.0,3.0,3.0,2.0,2.0,3.0,2.0,2.0,3.0,4.0,3.0,0.0,1.0,1.0,0.0,0.0,0.0,1.0,1.0,1.0,1.0,2.0,3.0,4.0,4.0,4.0,2.0,3.0,3.0,2.0,4.0,4.0,3.0,4.0,2.0,3.0,4.0,3.0,3.0,2.0,4.0,5.0,3.0,4.0,3.0,3.0,4.0,3.0,3.0,3.0,4.0,3.0,2.0,3.0,1.0,2.0,4.0,3.0,3.0,2.0,3.0,2.0,22.0,24.0,28.0,23.0,28.0,30.0,24.0,6.0,55.0,18 - 29,18 - 24,completed high school,1.36172783601759,1.11534374527189,0.0012435926592974,0.697276245637717
218,FEMALES,31,MARRIED FIRST TIME,YES,SOME ADDITIONAL TRAINING,CHILDREN,NO,,5.0,1.0,5.0,1.0,5.0,1.0,2.0,4.0,1.0,1.0,4.0,1.0,1.0,4.0,2.0,1.0,3.0,1.0,4.0,4.0,1.0,4.0,1.0,2.0,4.0,3.0,1.0,2.0,2.0,3.0,3.0,2.0,1.0,5.0,6.0,7.0,6.0,6.0,3.0,2.0,3.0,4.0,4.0,3.0,4.0,4.0,3.0,3.0,4.0,4.0,1.0,4.0,1.0,4.0,1.0,4.0,1.0,1.0,1.0,1.0,1.0,1.0,1.0,0.0,1.0,1.0,1.0,1.0,1.0,2.0,5.0,4.0,4.0,3.0,2.0,3.0,5.0,4.0,2.0,4.0,4.0,3.0,2.0,4.0,4.0,5.0,5.0,5.0,5.0,3.0,4.0,4.0,4.0,4.0,2.0,2.0,2.0,2.0,4.0,4.0,4.0,4.0,4.0,5.0,4.0,4.0,4.0,4.0,2.0,30.0,27.0,34.0,14.0,30.0,25.0,40.0,9.0,71.0,30 - 44,25 - 32,some additional training,1.14612803567824,1.78384679647373,0.0013716210362187,0.690108508073682
319,MALES,44,REMARRIED,NO,COMPLETED UNDERGRADUATE,LIFE IN GENERAL,NO,0.0,3.0,3.0,3.0,4.0,3.0,2.0,1.0,2.0,2.0,2.0,4.0,1.0,1.0,4.0,2.0,2.0,4.0,2.0,4.0,4.0,1.0,3.0,1.0,1.0,4.0,4.0,2.0,4.0,1.0,4.0,4.0,2.0,2.0,7.0,7.0,7.0,6.0,4.0,3.0,2.0,3.0,4.0,4.0,2.0,4.0,3.0,2.0,2.0,4.0,4.0,1.0,4.0,1.0,4.0,1.0,4.0,3.0,1.0,1.0,1.0,1.0,1.0,1.0,1.0,1.0,0.0,1.0,1.0,4.0,4.0,4.0,4.0,4.0,5.0,3.0,3.0,4.0,4.0,1.0,3.0,2.0,3.0,2.0,2.0,4.0,4.0,3.0,2.0,4.0,4.0,3.0,3.0,4.0,4.0,2.0,2.0,2.0,3.0,4.0,4.0,4.0,2.0,4.0,2.0,2.0,3.0,5.0,4.0,4.0,18.0,24.0,39.0,16.0,31.0,23.0,38.0,9.0,64.0,30 - 44,41 - 49,completed undergrad uni,1.20411998265592,0.31753978925996,0.0001715209294245,0.668786720607403
151,MALES,40,MARRIED FIRST TIME,YES,POSTGRADUATE COMPLETED,WORK,NO,0.0,3.0,2.0,4.0,2.0,5.0,2.0,2.0,3.0,1.0,1.0,3.0,1.0,1.0,4.0,3.0,1.0,4.0,3.0,4.0,3.0,2.0,3.0,1.0,2.0,4.0,3.0,1.0,3.0,2.0,4.0,3.0,2.0,2.0,5.0,5.0,5.0,5.0,5.0,1.0,2.0,3.0,4.0,4.0,3.0,3.0,4.0,3.0,2.0,4.0,4.0,1.0,3.0,1.0,3.0,3.0,2.0,2.0,3.0,1.0,1.0,1.0,1.0,1.0,0.0,1.0,1.0,0.0,1.0,2.0,3.0,4.0,4.0,3.0,3.0,1.0,4.0,4.0,4.0,2.0,3.0,4.0,3.0,2.0,2.0,3.0,4.0,4.0,4.0,4.0,3.0,4.0,4.0,4.0,4.0,2.0,2.0,3.0,2.0,4.0,4.0,2.0,3.0,2.0,4.0,3.0,5.0,4.0,4.0,4.0,24.0,25.0,35.0,19.0,25.0,23.0,31.0,8.0,67.0,30 - 44,33 - 40,completed postgrad uni,1.27875360095283,0.680461954854131,2.49190806078029e-05,0.663959432897327
92,FEMALES,45,MARRIED FIRST TIME,YES,SOME SECONDARY,WORK,NO,0.0,2.0,1.0,3.0,5.0,5.0,1.0,3.0,3.0,1.0,2.0,1.0,1.0,3.0,2.0,4.0,1.0,2.0,1.0,4.0,3.0,3.0,3.0,3.0,3.0,2.0,4.0,1.0,2.0,1.0,2.0,4.0,2.0,1.0,5.0,4.0,4.0,4.0,6.0,3.0,2.0,3.0,4.0,4.0,3.0,3.0,3.0,4.0,3.0,4.0,4.0,1.0,2.0,4.0,4.0,1.0,2.0,1.0,1.0,1.0,1.0,1.0,0.0,1.0,1.0,1.0,1.0,1.0,1.0,1.0,3.0,2.0,2.0,2.0,2.0,2.0,4.0,4.0,3.0,4.0,4.0,3.0,4.0,2.0,1.0,4.0,5.0,5.0,1.0,5.0,2.0,4.0,3.0,4.0,2.0,2.0,2.0,3.0,3.0,4.0,1.0,4.0,4.0,4.0,5.0,3.0,4.0,2.0,4.0,5.0,21.0,19.0,28.0,20.0,23.0,28.0,33.0,9.0,62.0,45+,41 - 49,did not complete high school,1.30102999566398,0.797091398480952,3.57002929388963e-06,0.640158984916183
278,FEMALES,36,MARRIED FIRST TIME,YES,SOME ADDITIONAL TRAINING,CHILDREN,NO,0.0,4.0,2.0,4.0,1.0,5.0,2.0,2.0,4.0,2.0,2.0,4.0,3.0,2.0,2.0,2.0,1.0,2.0,1.0,3.0,5.0,4.0,4.0,1.0,4.0,2.0,3.0,1.0,2.0,1.0,3.0,3.0,2.0,1.0,4.0,4.0,4.0,4.0,4.0,2.0,3.0,2.0,3.0,3.0,4.0,4.0,4.0,3.0,3.0,3.0,3.0,1.0,3.0,1.0,3.0,3.0,3.0,3.0,1.0,1.0,1.0,0.0,0.0,0.0,0.0,0.0,0.0,0.0,0.0,4.0,2.0,4.0,4.0,3.0,2.0,4.0,3.0,3.0,4.0,4.0,3.0,2.0,2.0,3.0,3.0,3.0,3.0,4.0,5.0,4.0,3.0,3.0,3.0,2.0,3.0,3.0,3.0,2.0,2.0,4.0,4.0,2.0,2.0,4.0,2.0,4.0,2.0,2.0,3.0,3.0,26.0,22.0,29.0,18.0,20.0,27.0,31.0,2.0,52.0,30 - 44,33 - 40,some additional training,1.25527250510331,0.776613320256352,9.18085200081561e-05,0.585427026850775
487,FEMALES,31,MARRIED FIRST TIME,YES,COMPLETED HIGHSCHOOL,CHILDREN,NO,,1.0,3.0,2.0,4.0,5.0,2.0,1.0,4.0,4.0,4.0,1.0,3.0,1.0,5.0,5.0,1.0,5.0,4.0,2.0,5.0,4.0,4.0,1.0,3.0,4.0,2.0,1.0,4.0,1.0,4.0,2.0,1.0,1.0,2.0,2.0,3.0,7.0,1.0,2.0,4.0,4.0,4.0,2.0,2.0,5.0,4.0,3.0,2.0,4.0,1.0,4.0,1.0,3.0,1.0,4.0,1.0,1.0,1.0,1.0,1.0,0.0,1.0,1.0,1.0,1.0,1.0,1.0,0.0,4.0,5.0,3.0,3.0,5.0,3.0,3.0,4.0,4.0,4.0,2.0,4.0,5.0,4.0,4.0,4.0,3.0,2.0,3.0,2.0,4.0,4.0,1.0,1.0,2.0,4.0,2.0,4.0,1.0,2.0,1.0,2.0,1.0,4.0,4.0,2.0,1.0,3.0,4.0,2.0,2.0,17.0,17.0,37.0,22.0,15.0,26.0,20.0,8.0,58.0,30 - 44,25 - 32,completed high school,1.34242268082221,1.66596940201823,0.0020108409009721,0.582474111580423
333,MALES,32,SINGLE,NO,POSTGRADUATE COMPLETED,WORK,YES,40.0,3.0,1.0,5.0,3.0,4.0,3.0,2.0,3.0,2.0,1.0,4.0,1.0,2.0,3.0,2.0,1.0,4.0,1.0,5.0,3.0,2.0,4.0,3.0,3.0,1.0,2.0,1.0,3.0,1.0,2.0,4.0,2.0,1.0,3.0,4.0,5.0,3.0,1.0,4.0,3.0,3.0,4.0,4.0,2.0,3.0,3.0,4.0,2.0,4.0,4.0,1.0,3.0,1.0,4.0,1.0,4.0,1.0,1.0,1.0,1.0,1.0,0.0,0.0,0.0,0.0,0.0,0.0,1.0,1.0,4.0,2.0,3.0,5.0,5.0,2.0,4.0,5.0,5.0,2.0,5.0,5.0,5.0,1.0,1.0,5.0,5.0,5.0,3.0,3.0,3.0,3.0,4.0,4.0,3.0,2.0,2.0,3.0,3.0,4.0,4.0,4.0,4.0,4.0,5.0,2.0,4.0,4.0,5.0,5.0,23.0,24.0,31.0,17.0,16.0,28.0,39.0,4.0,79.0,30 - 44,25 - 32,completed postgrad uni,1.23044892137827,2.42608383061448,0.0051915803866885,0.581034301913825
279,FEMALES,50,MARRIED FIRST TIME,YES,SOME ADDITIONAL TRAINING,WORK,NO,0.0,3.0,3.0,4.0,3.0,4.0,3.0,1.0,3.0,2.0,4.0,4.0,2.0,3.0,4.0,2.0,1.0,3.0,1.0,1.0,5.0,1.0,3.0,2.0,3.0,1.0,4.0,2.0,4.0,3.0,4.0,3.0,3.0,1.0,7.0,5.0,6.0,7.0,5.0,3.0,2.0,3.0,4.0,3.0,3.0,4.0,3.0,2.0,1.0,,,,,,,,,,,,,,,,,,,,,,,,,,,,,,,,,,,,,,,3.0,3.0,3.0,4.0,3.0,1.0,3.0,2.0,2.0,3.0,2.0,3.0,,,,,,,,,,,,20.0,20.0,32.0,19.0,30.0,24.0,,,,45+,50+,some additional training,1.27875360095283,,,0.570131107638517
3,FEMALES,42,MARRIED FIRST TIME,YES,SOME SECONDARY,FAMILY,NO,0.0,2.0,2.0,3.0,2.0,5.0,1.0,1.0,4.0,2.0,2.0,3.0,1.0,1.0,4.0,2.0,2.0,3.0,1.0,3.0,3.0,2.0,3.0,3.0,2.0,3.0,3.0,1.0,4.0,1.0,3.0,3.0,1.0,1.0,5.0,5.0,5.0,6.0,5.0,3.0,2.0,3.0,3.0,4.0,3.0,4.0,4.0,4.0,3.0,4.0,4.0,2.0,3.0,2.0,3.0,2.0,3.0,2.0,1.0,1.0,1.0,1.0,0.0,0.0,0.0,1.0,1.0,0.0,1.0,3.0,1.0,4.0,4.0,4.0,4.0,3.0,4.0,4.0,4.0,2.0,4.0,3.0,3.0,2.0,1.0,5.0,5.0,4.0,4.0,5.0,4.0,3.0,3.0,4.0,4.0,3.0,2.0,2.0,2.0,3.0,3.0,3.0,3.0,4.0,3.0,5.0,3.0,4.0,4.0,5.0,23.0,25.0,32.0,16.0,26.0,27.0,33.0,6.0,72.0,30 - 44,41 - 49,did not complete high school,1.20411998265592,1.04216874072805,0.0016288553731872,0.546834725042744
195,FEMALES,29,STEADY RELATIONSHIP,NO,COMPLETED UNDERGRADUATE,WORK,YES,3.0,3.0,2.0,3.0,2.0,4.0,1.0,1.0,4.0,2.0,2.0,4.0,2.0,3.0,4.0,4.0,1.0,3.0,1.0,4.0,3.0,3.0,4.0,1.0,2.0,4.0,4.0,1.0,4.0,1.0,4.0,4.0,2.0,1.0,5.0,5.0,4.0,5.0,5.0,3.0,2.0,3.0,5.0,4.0,3.0,4.0,4.0,3.0,2.0,4.0,4.0,1.0,3.0,1.0,4.0,1.0,4.0,3.0,3.0,1.0,1.0,1.0,0.0,1.0,0.0,1.0,1.0,0.0,0.0,2.0,2.0,3.0,4.0,4.0,4.0,3.0,2.0,4.0,3.0,2.0,3.0,4.0,3.0,2.0,2.0,4.0,4.0,4.0,4.0,5.0,4.0,3.0,3.0,3.0,2.0,1.0,2.0,2.0,2.0,4.0,4.0,4.0,2.0,2.0,4.0,4.0,3.0,4.0,4.0,4.0,23.0,23.0,38.0,17.0,24.0,23.0,35.0,6.0,65.0,18 - 29,25 - 32,completed undergrad uni,1.23044892137827,0.153433625515119,0.0002377267739155,0.542879060015232
187,MALES,31,LIVING WITH PARTNER,NO,POSTGRADUATE COMPLETED,WORK,NO,0.0,3.0,2.0,3.0,2.0,3.0,4.0,2.0,3.0,2.0,2.0,3.0,2.0,1.0,3.0,1.0,2.0,3.0,1.0,4.0,4.0,1.0,4.0,1.0,2.0,3.0,3.0,2.0,4.0,2.0,4.0,3.0,4.0,2.0,5.0,5.0,5.0,6.0,5.0,2.0,2.0,3.0,4.0,3.0,2.0,4.0,3.0,2.0,2.0,3.0,4.0,1.0,4.0,1.0,4.0,1.0,4.0,1.0,1.0,1.0,1.0,0.0,0.0,0.0,0.0,0.0,0.0,0.0,0.0,2.0,3.0,5.0,3.0,4.0,3.0,2.0,3.0,4.0,4.0,2.0,4.0,5.0,4.0,1.0,1.0,4.0,4.0,4.0,4.0,2.0,3.0,3.0,3.0,3.0,4.0,2.0,3.0,2.0,3.0,4.0,4.0,4.0,4.0,4.0,4.0,3.0,4.0,4.0,5.0,5.0,19.0,22.0,35.0,18.0,26.0,23.0,39.0,2.0,72.0,30 - 44,25 - 32,completed postgrad uni,1.25527250510331,1.15980924662148,0.000234880887688,0.510267406360433
261,FEMALES,27,LIVING WITH PARTNER,NO,COMPLETED UNDERGRADUATE,WORK,NO,0.0,4.0,2.0,4.0,2.0,4.0,2.0,2.0,3.0,2.0,1.0,4.0,1.0,1.0,4.0,1.0,2.0,3.0,1.0,4.0,3.0,3.0,3.0,1.0,2.0,2.0,2.0,1.0,5.0,2.0,3.0,3.0,2.0,1.0,5.0,6.0,6.0,6.0,6.0,2.0,2.0,3.0,4.0,4.0,3.0,4.0,3.0,3.0,2.0,4.0,4.0,1.0,4.0,1.0,3.0,2.0,3.0,2.0,1.0,0.0,0.0,1.0,0.0,1.0,0.0,1.0,1.0,0.0,1.0,3.0,3.0,3.0,2.0,4.0,3.0,2.0,3.0,3.0,2.0,3.0,3.0,2.0,2.0,3.0,3.0,2.0,2.0,4.0,4.0,4.0,3.0,3.0,4.0,4.0,4.0,2.0,2.0,2.0,3.0,4.0,4.0,3.0,3.0,4.0,3.0,3.0,4.0,3.0,3.0,3.0,24.0,25.0,32.0,16.0,29.0,24.0,36.0,5.0,50.0,18 - 29,25 - 32,completed undergrad uni,1.20411998265592,3.02258463486622,0.0011606594228631,0.50651783842419
431,MALES,31,SINGLE,NO,COMPLETED HIGHSCHOOL,WORK,NO,0.0,3.0,3.0,3.0,2.0,4.0,2.0,3.0,3.0,2.0,1.0,3.0,1.0,2.0,4.0,3.0,1.0,5.0,1.0,3.0,4.0,1.0,3.0,2.0,3.0,1.0,3.0,1.0,4.0,1.0,3.0,3.0,1.0,1.0,3.0,3.0,3.0,3.0,2.0,3.0,3.0,2.0,4.0,4.0,3.0,4.0,4.0,3.0,2.0,4.0,4.0,2.0,4.0,2.0,4.0,2.0,4.0,1.0,1.0,1.0,1.0,1.0,1.0,0.0,0.0,1.0,0.0,1.0,0.0,3.0,3.0,4.0,2.0,3.0,2.0,3.0,4.0,4.0,4.0,4.0,2.0,2.0,2.0,2.0,2.0,2.0,3.0,3.0,4.0,4.0,2.0,3.0,4.0,4.0,3.0,2.0,2.0,2.0,2.0,3.0,3.0,3.0,4.0,4.0,3.0,3.0,3.0,2.0,4.0,4.0,21.0,22.0,33.0,15.0,14.0,24.0,37.0,6.0,53.0,30 - 44,25 - 32,completed high school,1.17609125905568,0.614311647890959,0.001070539951526,0.505928933456064
281,FEMALES,78,WIDOWED,NO,COMPLETED HIGHSCHOOL,LIFE IN GENERAL,NO,0.0,4.0,1.0,4.0,1.0,4.0,1.0,3.0,3.0,2.0,4.0,4.0,4.0,2.0,4.0,2.0,2.0,5.0,1.0,2.0,4.0,1.0,1.0,1.0,1.0,2.0,3.0,2.0,4.0,1.0,4.0,4.0,3.0,1.0,4.0,6.0,4.0,5.0,7.0,3.0,3.0,3.0,4.0,4.0,1.0,4.0,4.0,3.0,3.0,4.0,4.0,1.0,3.0,4.0,4.0,1.0,4.0,1.0,1.0,1.0,1.0,1.0,1.0,1.0,0.0,1.0,1.0,0.0,1.0,4.0,5.0,5.0,5.0,5.0,5.0,2.0,5.0,5.0,5.0,5.0,5.0,5.0,5.0,1.0,1.0,5.0,5.0,5.0,5.0,5.0,2.0,3.0,1.0,1.0,3.0,2.0,2.0,2.0,2.0,4.0,1.0,4.0,4.0,4.0,2.0,1.0,4.0,1.0,5.0,5.0,27.0,17.0,33.0,15.0,26.0,24.0,36.0,8.0,78.0,45+,50+,completed high school,1.17609125905568,7.34389330821316,0.0026322540154473,0.505928933456064
51,FEMALES,27,LIVING WITH PARTNER,NO,COMPLETED UNDERGRADUATE,WORK,NO,0.0,4.0,3.0,4.0,3.0,3.0,2.0,3.0,3.0,2.0,2.0,4.0,2.0,1.0,5.0,2.0,1.0,2.0,3.0,4.0,4.0,2.0,3.0,1.0,3.0,3.0,3.0,1.0,4.0,2.0,4.0,4.0,2.0,1.0,5.0,5.0,6.0,6.0,6.0,3.0,3.0,4.0,3.0,4.0,2.0,3.0,3.0,3.0,2.0,4.0,3.0,2.0,3.0,1.0,3.0,2.0,3.0,2.0,3.0,0.0,1.0,1.0,0.0,0.0,0.0,0.0,1.0,0.0,0.0,3.0,3.0,3.0,3.0,2.0,3.0,4.0,3.0,3.0,2.0,4.0,3.0,3.0,2.0,1.0,1.0,3.0,4.0,3.0,3.0,4.0,2.0,3.0,3.0,3.0,4.0,3.0,2.0,3.0,3.0,3.0,4.0,3.0,3.0,2.0,3.0,3.0,2.0,2.0,5.0,5.0,21.0,22.0,36.0,18.0,28.0,28.0,31.0,3.0,54.0,18 - 29,25 - 32,completed undergrad uni,1.25527250510331,0.471111182755425,4.22000929190871e-06,0.492650370237378
526,FEMALES,28,MARRIED FIRST TIME,NO,SOME SECONDARY,WORK,NO,0.0,2.0,2.0,3.0,2.0,1.0,3.0,2.0,4.0,1.0,1.0,1.0,2.0,3.0,4.0,2.0,2.0,4.0,1.0,2.0,4.0,3.0,4.0,2.0,2.0,2.0,3.0,1.0,5.0,1.0,3.0,2.0,2.0,1.0,5.0,6.0,5.0,4.0,4.0,2.0,3.0,4.0,3.0,4.0,3.0,2.0,5.0,3.0,3.0,3.0,3.0,2.0,3.0,3.0,4.0,2.0,2.0,2.0,2.0,1.0,1.0,1.0,1.0,0.0,0.0,1.0,1.0,0.0,1.0,4.0,2.0,3.0,3.0,3.0,3.0,2.0,2.0,3.0,3.0,3.0,3.0,3.0,3.0,3.0,2.0,2.0,3.0,4.0,4.0,3.0,3.0,4.0,4.0,3.0,2.0,3.0,2.0,4.0,1.0,3.0,2.0,3.0,3.0,3.0,2.0,4.0,4.0,3.0,3.0,4.0,17.0,21.0,33.0,17.0,24.0,28.0,29.0,7.0,54.0,18 - 29,25 - 32,did not complete high school,1.23044892137827,0.318098592141144,7.67650402038669e-06,0.490684002240593
194,MALES,42,MARRIED FIRST TIME,YES,COMPLETED HIGHSCHOOL,WORK,NO,0.0,4.0,2.0,4.0,1.0,5.0,1.0,2.0,4.0,3.0,2.0,4.0,2.0,3.0,4.0,2.0,1.0,4.0,2.0,3.0,3.0,1.0,3.0,2.0,2.0,4.0,3.0,1.0,2.0,1.0,4.0,3.0,2.0,1.0,5.0,5.0,6.0,7.0,6.0,3.0,2.0,2.0,4.0,4.0,3.0,3.0,4.0,4.0,2.0,4.0,4.0,1.0,4.0,1.0,4.0,2.0,4.0,2.0,2.0,0.0,1.0,1.0,1.0,1.0,0.0,0.0,1.0,0.0,1.0,3.0,2.0,3.0,4.0,4.0,5.0,4.0,5.0,4.0,4.0,5.0,4.0,5.0,2.0,1.0,1.0,5.0,5.0,4.0,5.0,5.0,3.0,2.0,3.0,3.0,2.0,2.0,2.0,3.0,2.0,4.0,4.0,3.0,3.0,3.0,3.0,4.0,2.0,1.0,5.0,5.0,27.0,21.0,33.0,15.0,29.0,25.0,37.0,6.0,70.0,30 - 44,41 - 49,completed high school,1.17609125905568,1.10506863119274,2.8627485063858e-05,0.48382597611737
543,FEMALES,42,SEPARATED,NO,POSTGRADUATE COMPLETED,MONEY/FINANCES,YES,7.0,4.0,1.0,1.0,5.0,5.0,4.0,3.0,4.0,3.0,4.0,1.0,4.0,4.0,3.0,3.0,1.0,4.0,1.0,5.0,5.0,2.0,5.0,3.0,1.0,2.0,1.0,1.0,2.0,1.0,3.0,3.0,1.0,1.0,5.0,5.0,1.0,4.0,5.0,3.0,5.0,3.0,5.0,4.0,2.0,5.0,4.0,3.0,3.0,4.0,4.0,1.0,1.0,1.0,1.0,4.0,2.0,4.0,4.0,1.0,1.0,1.0,0.0,0.0,0.0,0.0,0.0,0.0,0.0,3.0,3.0,1.0,1.0,1.0,1.0,5.0,1.0,2.0,3.0,5.0,3.0,4.0,3.0,2.0,2.0,2.0,5.0,5.0,1.0,2.0,2.0,2.0,1.0,1.0,1.0,1.0,2.0,1.0,2.0,4.0,4.0,1.0,1.0,1.0,3.0,3.0,1.0,1.0,4.0,4.0,18.0,12.0,33.0,15.0,20.0,25.0,23.0,3.0,43.0,30 - 44,41 - 49,completed postgrad uni,1.17609125905568,6.09928988885192,0.0376169353146624,0.48382597611737
352,FEMALES,34,MARRIED FIRST TIME,YES,COMPLETED HIGHSCHOOL,FAMILY,NO,0.0,4.0,3.0,4.0,2.0,4.0,2.0,2.0,4.0,2.0,1.0,4.0,2.0,2.0,4.0,3.0,1.0,4.0,1.0,2.0,4.0,2.0,4.0,2.0,1.0,3.0,3.0,1.0,4.0,1.0,4.0,4.0,2.0,1.0,6.0,6.0,6.0,6.0,6.0,2.0,2.0,3.0,4.0,4.0,3.0,4.0,4.0,3.0,2.0,4.0,4.0,1.0,4.0,1.0,4.0,1.0,4.0,1.0,1.0,1.0,1.0,1.0,0.0,1.0,0.0,1.0,1.0,0.0,0.0,4.0,2.0,5.0,4.0,4.0,4.0,4.0,3.0,4.0,4.0,3.0,4.0,4.0,3.0,2.0,2.0,4.0,4.0,3.0,4.0,4.0,3.0,3.0,4.0,3.0,3.0,2.0,2.0,2.0,2.0,4.0,4.0,4.0,4.0,4.0,2.0,4.0,2.0,3.0,4.0,4.0,23.0,24.0,36.0,15.0,30.0,23.0,40.0,6.0,66.0,30 - 44,33 - 40,completed high school,1.17609125905568,0.350363300785745,0.0001119743404739,0.478736917093098
283,FEMALES,21,STEADY RELATIONSHIP,NO,COMPLETED UNDERGRADUATE,RELATIONSHIPS,NO,0.0,5.0,2.0,4.0,2.0,5.0,1.0,1.0,4.0,3.0,1.0,4.0,4.0,4.0,5.0,2.0,2.0,4.0,1.0,4.0,4.0,1.0,3.0,2.0,3.0,2.0,2.0,2.0,3.0,1.0,3.0,4.0,5.0,4.0,7.0,7.0,7.0,7.0,7.0,3.0,5.0,4.0,4.0,5.0,1.0,3.0,3.0,5.0,3.0,4.0,4.0,1.0,4.0,1.0,4.0,2.0,4.0,4.0,3.0,0.0,1.0,1.0,1.0,1.0,0.0,1.0,1.0,0.0,0.0,1.0,2.0,5.0,5.0,4.0,5.0,5.0,2.0,2.0,1.0,4.0,1.0,2.0,3.0,2.0,1.0,3.0,5.0,4.0,4.0,5.0,4.0,2.0,4.0,1.0,1.0,2.0,1.0,3.0,3.0,4.0,4.0,3.0,1.0,2.0,5.0,4.0,1.0,2.0,4.0,5.0,27.0,20.0,34.0,23.0,35.0,30.0,34.0,6.0,59.0,18 - 29,18 - 24,completed undergrad uni,1.36172783601759,0.209979529334582,0.0001852325117038,0.449628415440119
19,FEMALES,33,SINGLE,NO,SOME ADDITIONAL TRAINING,WORK,NO,0.0,3.0,2.0,3.0,3.0,4.0,1.0,1.0,4.0,3.0,1.0,4.0,1.0,2.0,3.0,1.0,1.0,3.0,1.0,4.0,5.0,2.0,3.0,1.0,2.0,2.0,3.0,1.0,5.0,4.0,3.0,3.0,1.0,1.0,4.0,5.0,5.0,2.0,2.0,3.0,3.0,3.0,4.0,4.0,2.0,4.0,4.0,3.0,2.0,3.0,4.0,1.0,4.0,1.0,3.0,1.0,3.0,1.0,3.0,1.0,0.0,0.0,0.0,1.0,1.0,0.0,1.0,0.0,0.0,3.0,5.0,5.0,3.0,4.0,3.0,1.0,2.0,4.0,4.0,4.0,4.0,3.0,3.0,3.0,3.0,3.0,3.0,4.0,3.0,5.0,4.0,2.0,4.0,4.0,3.0,2.0,2.0,2.0,2.0,4.0,4.0,4.0,4.0,2.0,3.0,1.0,5.0,2.0,3.0,3.0,22.0,25.0,34.0,15.0,18.0,24.0,35.0,4.0,58.0,30 - 44,33 - 40,some additional training,1.17609125905568,1.23276579576212,0.0001313165910377,0.427682763067729
305,FEMALES,28,LIVING WITH PARTNER,NO,SOME ADDITIONAL TRAINING,WORK,NO,0.0,4.0,3.0,4.0,1.0,4.0,1.0,2.0,4.0,2.0,2.0,4.0,1.0,1.0,5.0,2.0,1.0,3.0,1.0,5.0,4.0,2.0,4.0,1.0,4.0,3.0,3.0,1.0,3.0,2.0,3.0,3.0,1.0,1.0,5.0,5.0,5.0,6.0,4.0,2.0,2.0,3.0,4.0,4.0,3.0,3.0,4.0,2.0,2.0,4.0,4.0,1.0,4.0,1.0,3.0,1.0,3.0,1.0,1.0,0.0,1.0,1.0,1.0,0.0,0.0,1.0,1.0,0.0,0.0,1.0,3.0,4.0,4.0,4.0,4.0,3.0,4.0,4.0,4.0,3.0,4.0,5.0,2.0,3.0,3.0,3.0,4.0,3.0,5.0,5.0,3.0,3.0,3.0,4.0,4.0,2.0,2.0,3.0,2.0,4.0,4.0,4.0,4.0,4.0,5.0,3.0,3.0,3.0,3.0,3.0,25.0,25.0,36.0,16.0,25.0,23.0,38.0,5.0,66.0,18 - 29,25 - 32,some additional training,1.20411998265592,0.665424219368921,4.17034962558739e-05,0.412777147067101
69,FEMALES,23,STEADY RELATIONSHIP,NO,COMPLETED UNDERGRADUATE,WORK,NO,,3.0,3.0,4.0,2.0,4.0,4.0,2.0,3.0,1.0,1.0,3.0,1.0,1.0,5.0,3.0,2.0,3.0,1.0,4.0,5.0,2.0,3.0,2.0,2.0,3.0,4.0,1.0,4.0,2.0,3.0,4.0,2.0,1.0,5.0,4.0,6.0,5.0,4.0,3.0,3.0,3.0,4.0,4.0,3.0,3.0,4.0,3.0,2.0,4.0,4.0,1.0,4.0,1.0,3.0,2.0,3.0,2.0,1.0,1.0,0.0,0.0,0.0,0.0,0.0,0.0,1.0,0.0,1.0,2.0,2.0,5.0,4.0,4.0,3.0,3.0,4.0,4.0,4.0,3.0,4.0,3.0,3.0,2.0,2.0,3.0,3.0,3.0,4.0,2.0,3.0,4.0,4.0,4.0,4.0,2.0,2.0,3.0,2.0,4.0,4.0,3.0,3.0,4.0,4.0,4.0,3.0,3.0,4.0,4.0,20.0,25.0,38.0,18.0,24.0,26.0,36.0,3.0,66.0,18 - 29,18 - 24,completed undergrad uni,1.25527250510331,0.665424219368921,0.0003607851014817,0.410787534372466
328,FEMALES,21,SINGLE,NO,COMPLETED UNDERGRADUATE,MONEY/FINANCES,NO,0.0,3.0,3.0,3.0,3.0,4.0,2.0,1.0,4.0,1.0,1.0,4.0,2.0,2.0,3.0,2.0,1.0,3.0,1.0,3.0,4.0,1.0,3.0,2.0,2.0,3.0,3.0,2.0,3.0,2.0,3.0,3.0,3.0,2.0,2.0,2.0,5.0,5.0,5.0,2.0,2.0,4.0,4.0,3.0,2.0,4.0,4.0,3.0,3.0,4.0,4.0,1.0,3.0,1.0,4.0,2.0,3.0,1.0,1.0,0.0,0.0,0.0,0.0,1.0,0.0,0.0,0.0,0.0,0.0,1.0,4.0,3.0,2.0,3.0,3.0,1.0,3.0,5.0,4.0,1.0,2.0,3.0,3.0,3.0,4.0,3.0,3.0,3.0,3.0,4.0,4.0,4.0,4.0,3.0,3.0,2.0,3.0,2.0,2.0,4.0,4.0,3.0,4.0,4.0,5.0,2.0,5.0,5.0,3.0,2.0,20.0,26.0,31.0,18.0,19.0,25.0,37.0,1.0,59.0,18 - 29,18 - 24,completed undergrad uni,1.25527250510331,1.79435504366176,4.91275676697739e-05,0.395667637154792
140,FEMALES,38,MARRIED FIRST TIME,YES,SOME ADDITIONAL TRAINING,FAMILY,NO,,3.0,2.0,3.0,2.0,3.0,2.0,2.0,3.0,2.0,2.0,4.0,1.0,1.0,4.0,3.0,2.0,4.0,1.0,3.0,4.0,3.0,4.0,1.0,3.0,2.0,2.0,2.0,3.0,2.0,3.0,3.0,2.0,1.0,4.0,4.0,4.0,5.0,3.0,3.0,2.0,3.0,4.0,3.0,2.0,3.0,3.0,3.0,1.0,3.0,3.0,2.0,3.0,2.0,3.0,1.0,3.0,2.0,1.0,1.0,1.0,1.0,1.0,1.0,0.0,1.0,1.0,0.0,1.0,2.0,3.0,4.0,4.0,4.0,2.0,1.0,4.0,4.0,4.0,2.0,2.0,4.0,2.0,2.0,2.0,3.0,3.0,4.0,4.0,4.0,3.0,3.0,3.0,4.0,4.0,2.0,3.0,3.0,3.0,3.0,3.0,4.0,3.0,4.0,4.0,3.0,5.0,4.0,4.0,4.0,21.0,24.0,32.0,20.0,20.0,25.0,32.0,8.0,64.0,30 - 44,33 - 40,some additional training,1.30102999566398,0.31753978925996,3.92203105699092e-06,0.390509269399306
288,FEMALES,21,SINGLE,NO,COMPLETED UNDERGRADUATE,WORK,NO,0.0,3.0,2.0,3.0,3.0,3.0,3.0,2.0,3.0,3.0,3.0,3.0,3.0,3.0,4.0,3.0,2.0,3.0,1.0,4.0,4.0,3.0,2.0,2.0,2.0,4.0,4.0,2.0,4.0,2.0,4.0,4.0,2.0,2.0,3.0,5.0,5.0,5.0,5.0,3.0,3.0,3.0,4.0,4.0,3.0,4.0,4.0,3.0,3.0,3.0,3.0,2.0,3.0,2.0,3.0,3.0,3.0,3.0,4.0,1.0,1.0,1.0,1.0,1.0,0.0,1.0,1.0,1.0,1.0,1.0,3.0,4.0,4.0,4.0,4.0,3.0,3.0,3.0,4.0,3.0,4.0,3.0,4.0,4.0,2.0,4.0,4.0,4.0,3.0,3.0,3.0,2.0,2.0,2.0,2.0,2.0,2.0,2.0,2.0,3.0,3.0,2.0,2.0,1.0,5.0,3.0,3.0,3.0,2.0,4.0,19.0,17.0,37.0,21.0,23.0,26.0,26.0,9.0,65.0,18 - 29,18 - 24,completed undergrad uni,1.32221929473392,2.78413784022793,0.0014275044763903,0.388936456696838
160,MALES,22,SINGLE,NO,COMPLETED HIGHSCHOOL,LIFE IN GENERAL,NO,0.0,4.0,2.0,4.0,2.0,4.0,2.0,2.0,3.0,1.0,2.0,4.0,2.0,2.0,3.0,2.0,1.0,4.0,2.0,4.0,3.0,2.0,3.0,2.0,2.0,4.0,4.0,2.0,3.0,3.0,3.0,3.0,3.0,3.0,4.0,5.0,5.0,5.0,1.0,3.0,3.0,4.0,4.0,4.0,3.0,4.0,4.0,3.0,2.0,4.0,4.0,2.0,3.0,2.0,3.0,3.0,3.0,3.0,3.0,0.0,1.0,1.0,0.0,0.0,1.0,0.0,0.0,0.0,1.0,2.0,2.0,2.0,4.0,2.0,4.0,4.0,2.0,3.0,3.0,3.0,5.0,4.0,5.0,2.0,2.0,4.0,4.0,4.0,4.0,4.0,3.0,4.0,3.0,3.0,3.0,2.0,2.0,2.0,2.0,3.0,3.0,2.0,2.0,2.0,4.0,4.0,2.0,3.0,4.0,4.0,24.0,23.0,34.0,22.0,20.0,26.0,29.0,4.0,63.0,18 - 29,18 - 24,completed high school,1.34242268082221,0.0987608662041128,1.01030565028911e-05,0.378736766108396
539,MALES,28,LIVING WITH PARTNER,NO,SOME ADDITIONAL TRAINING,,NO,0.0,5.0,1.0,3.0,4.0,4.0,3.0,3.0,4.0,3.0,1.0,4.0,1.0,2.0,3.0,3.0,2.0,4.0,2.0,5.0,4.0,3.0,4.0,1.0,2.0,2.0,3.0,2.0,4.0,2.0,4.0,4.0,2.0,1.0,6.0,6.0,5.0,5.0,3.0,4.0,2.0,3.0,4.0,4.0,1.0,2.0,4.0,3.0,2.0,4.0,4.0,1.0,4.0,1.0,2.0,2.0,3.0,1.0,3.0,1.0,1.0,0.0,0.0,0.0,0.0,1.0,1.0,1.0,0.0,3.0,1.0,2.0,3.0,3.0,5.0,1.0,2.0,4.0,5.0,5.0,4.0,3.0,1.0,4.0,4.0,3.0,4.0,5.0,2.0,3.0,2.0,2.0,4.0,4.0,3.0,2.0,2.0,4.0,2.0,4.0,4.0,3.0,4.0,2.0,3.0,5.0,5.0,1.0,2.0,2.0,22.0,23.0,37.0,20.0,25.0,25.0,34.0,5.0,57.0,18 - 29,25 - 32,some additional training,1.30102999566398,0.393171561787681,0.0001521117690929,0.363523914049734
21,FEMALES,45,MARRIED FIRST TIME,YES,POSTGRADUATE COMPLETED,WORK,NO,0.0,2.0,3.0,4.0,2.0,4.0,2.0,1.0,4.0,3.0,1.0,4.0,1.0,2.0,4.0,4.0,2.0,2.0,1.0,5.0,3.0,3.0,4.0,2.0,3.0,3.0,3.0,1.0,3.0,2.0,4.0,5.0,3.0,1.0,5.0,5.0,5.0,3.0,1.0,3.0,3.0,4.0,4.0,4.0,2.0,3.0,4.0,5.0,2.0,4.0,3.0,1.0,4.0,2.0,2.0,2.0,2.0,3.0,2.0,1.0,1.0,0.0,1.0,1.0,1.0,1.0,1.0,0.0,1.0,4.0,4.0,2.0,2.0,1.0,3.0,4.0,3.0,3.0,3.0,3.0,3.0,2.0,2.0,4.0,4.0,3.0,4.0,3.0,4.0,4.0,4.0,2.0,4.0,4.0,3.0,2.0,2.0,3.0,2.0,4.0,3.0,3.0,2.0,3.0,2.0,2.0,2.0,3.0,2.0,2.0,21.0,25.0,36.0,22.0,19.0,28.0,30.0,8.0,44.0,45+,41 - 49,completed postgrad uni,1.34242268082221,5.16719946784832,3.91458042969359e-05,0.350162909199525
37,MALES,23,SINGLE,NO,POSTGRADUATE COMPLETED,WORK,NO,0.0,3.0,3.0,4.0,4.0,4.0,4.0,2.0,4.0,1.0,1.0,3.0,1.0,2.0,4.0,2.0,1.0,3.0,1.0,4.0,5.0,1.0,3.0,3.0,3.0,3.0,3.0,1.0,4.0,3.0,4.0,4.0,1.0,1.0,6.0,7.0,6.0,6.0,7.0,4.0,2.0,4.0,4.0,3.0,2.0,4.0,4.0,3.0,2.0,4.0,4.0,1.0,4.0,1.0,4.0,1.0,4.0,1.0,1.0,0.0,0.0,1.0,1.0,0.0,1.0,0.0,0.0,0.0,0.0,4.0,3.0,4.0,3.0,5.0,2.0,3.0,3.0,4.0,4.0,1.0,4.0,2.0,2.0,2.0,1.0,4.0,4.0,3.0,2.0,2.0,3.0,4.0,4.0,4.0,3.0,2.0,3.0,2.0,2.0,4.0,4.0,4.0,4.0,4.0,2.0,3.0,3.0,5.0,4.0,5.0,18.0,25.0,37.0,17.0,32.0,26.0,40.0,3.0,63.0,18 - 29,18 - 24,completed postgrad uni,1.23044892137827,0.734918256292437,0.0002199786340391,0.346446914325281
215,FEMALES,23,STEADY RELATIONSHIP,NO,POSTGRADUATE COMPLETED,HEALTH/ILLNESS,NO,,2.0,2.0,2.0,2.0,2.0,3.0,2.0,3.0,2.0,2.0,3.0,2.0,2.0,3.0,4.0,2.0,3.0,1.0,3.0,2.0,2.0,3.0,2.0,4.0,3.0,3.0,2.0,4.0,1.0,3.0,3.0,3.0,1.0,4.0,4.0,4.0,4.0,4.0,3.0,3.0,4.0,3.0,3.0,2.0,2.0,4.0,2.0,2.0,4.0,4.0,1.0,3.0,3.0,3.0,3.0,3.0,3.0,1.0,0.0,0.0,1.0,0.0,1.0,0.0,1.0,0.0,0.0,0.0,4.0,3.0,2.0,2.0,3.0,2.0,3.0,2.0,3.0,3.0,3.0,3.0,2.0,2.0,2.0,3.0,2.0,2.0,4.0,4.0,3.0,3.0,3.0,3.0,3.0,3.0,3.0,3.0,4.0,2.0,4.0,2.0,2.0,2.0,4.0,2.0,3.0,3.0,3.0,4.0,3.0,17.0,21.0,30.0,22.0,20.0,28.0,31.0,3.0,46.0,18 - 29,18 - 24,completed postgrad uni,1.34242268082221,1.75832946668169,0.0003760754892051,0.340994848995486
465,FEMALES,25,SINGLE,NO,SOME ADDITIONAL TRAINING,WORK,NO,0.0,3.0,3.0,3.0,3.0,4.0,2.0,1.0,3.0,2.0,3.0,3.0,2.0,2.0,4.0,3.0,2.0,2.0,1.0,2.0,3.0,2.0,1.0,1.0,3.0,3.0,4.0,2.0,4.0,2.0,4.0,3.0,2.0,1.0,2.0,3.0,3.0,2.0,1.0,3.0,3.0,4.0,3.0,4.0,2.0,3.0,3.0,3.0,2.0,3.0,3.0,2.0,3.0,3.0,1.0,4.0,1.0,4.0,2.0,0.0,1.0,1.0,0.0,0.0,0.0,0.0,0.0,0.0,0.0,2.0,4.0,2.0,3.0,3.0,3.0,5.0,3.0,3.0,2.0,2.0,4.0,2.0,3.0,3.0,2.0,3.0,4.0,3.0,3.0,4.0,4.0,3.0,2.0,3.0,3.0,3.0,2.0,3.0,3.0,3.0,2.0,1.0,1.0,3.0,4.0,2.0,1.0,4.0,3.0,4.0,20.0,21.0,30.0,19.0,11.0,28.0,21.0,2.0,53.0,18 - 29,25 - 32,some additional training,1.27875360095283,0.43127322615421,1.82082824387744e-05,0.33534876174644
297,FEMALES,35,SINGLE,NO,POSTGRADUATE COMPLETED,WORK,NO,0.0,4.0,2.0,5.0,2.0,5.0,1.0,2.0,4.0,2.0,1.0,4.0,1.0,1.0,4.0,4.0,2.0,2.0,1.0,5.0,3.0,3.0,3.0,2.0,3.0,2.0,3.0,2.0,3.0,1.0,3.0,3.0,4.0,1.0,5.0,6.0,5.0,6.0,5.0,5.0,5.0,4.0,5.0,3.0,2.0,5.0,3.0,4.0,1.0,4.0,4.0,1.0,4.0,1.0,3.0,1.0,4.0,4.0,4.0,0.0,1.0,1.0,0.0,0.0,0.0,1.0,1.0,0.0,0.0,2.0,2.0,4.0,5.0,5.0,5.0,2.0,4.0,5.0,4.0,3.0,3.0,5.0,3.0,3.0,2.0,4.0,4.0,4.0,4.0,5.0,3.0,3.0,4.0,4.0,4.0,1.0,3.0,1.0,3.0,4.0,4.0,4.0,1.0,1.0,4.0,4.0,4.0,3.0,3.0,4.0,27.0,26.0,31.0,23.0,27.0,29.0,33.0,4.0,73.0,30 - 44,33 - 40,completed postgrad uni,1.36172783601759,1.45081325413114,0.005350112205888,0.305136248549783
306,MALES,21,SINGLE,NO,COMPLETED HIGHSCHOOL,WORK,NO,0.0,4.0,3.0,4.0,3.0,3.0,3.0,2.0,4.0,2.0,2.0,4.0,2.0,2.0,4.0,1.0,1.0,4.0,1.0,3.0,3.0,2.0,4.0,2.0,2.0,4.0,3.0,1.0,4.0,2.0,4.0,4.0,3.0,2.0,5.0,4.0,5.0,4.0,5.0,2.0,3.0,2.0,4.0,3.0,2.0,3.0,3.0,3.0,2.0,3.0,3.0,2.0,4.0,2.0,3.0,2.0,3.0,3.0,2.0,0.0,0.0,1.0,0.0,0.0,0.0,0.0,0.0,0.0,0.0,2.0,3.0,3.0,4.0,4.0,4.0,4.0,4.0,4.0,4.0,2.0,4.0,4.0,3.0,2.0,2.0,4.0,4.0,3.0,3.0,3.0,3.0,3.0,3.0,3.0,3.0,2.0,3.0,3.0,3.0,3.0,3.0,3.0,2.0,3.0,4.0,3.0,2.0,4.0,4.0,4.0,20.0,23.0,37.0,17.0,23.0,25.0,30.0,1.0,67.0,18 - 29,18 - 24,completed high school,1.23044892137827,0.284511213745556,1.48672292418977e-06,0.262060170871453
239,FEMALES,40,REMARRIED,NO,COMPLETED UNDERGRADUATE,WORK,NO,0.0,3.0,4.0,3.0,4.0,4.0,2.0,2.0,3.0,1.0,2.0,3.0,4.0,2.0,3.0,1.0,2.0,4.0,1.0,4.0,5.0,2.0,3.0,2.0,2.0,2.0,3.0,1.0,4.0,1.0,3.0,3.0,2.0,2.0,5.0,6.0,6.0,6.0,4.0,3.0,2.0,3.0,3.0,4.0,3.0,4.0,4.0,2.0,3.0,3.0,4.0,1.0,3.0,1.0,3.0,4.0,3.0,3.0,2.0,1.0,1.0,0.0,0.0,0.0,0.0,0.0,0.0,0.0,0.0,2.0,3.0,4.0,3.0,2.0,3.0,4.0,2.0,2.0,2.0,4.0,2.0,2.0,2.0,4.0,4.0,2.0,3.0,2.0,2.0,4.0,3.0,4.0,3.0,1.0,3.0,3.0,2.0,2.0,2.0,4.0,4.0,1.0,2.0,3.0,4.0,3.0,2.0,2.0,2.0,2.0,18.0,20.0,34.0,16.0,27.0,25.0,30.0,2.0,44.0,30 - 44,33 - 40,completed undergrad uni,1.20411998265592,2.03024778958928,0.0043566093697014,0.246509089996262
314,FEMALES,35,MARRIED FIRST TIME,YES,SOME ADDITIONAL TRAINING,,YES,100.0,5.0,1.0,4.0,1.0,5.0,1.0,3.0,3.0,2.0,2.0,4.0,3.0,2.0,3.0,3.0,1.0,3.0,1.0,2.0,4.0,1.0,3.0,2.0,2.0,4.0,4.0,1.0,4.0,2.0,4.0,4.0,2.0,1.0,6.0,6.0,6.0,6.0,6.0,3.0,3.0,2.0,4.0,3.0,3.0,3.0,3.0,2.0,1.0,4.0,4.0,1.0,4.0,1.0,4.0,4.0,4.0,1.0,1.0,1.0,1.0,0.0,0.0,0.0,1.0,0.0,1.0,0.0,1.0,3.0,1.0,2.0,2.0,5.0,5.0,2.0,2.0,3.0,3.0,1.0,3.0,3.0,3.0,1.0,1.0,5.0,5.0,5.0,5.0,5.0,2.0,3.0,3.0,2.0,3.0,2.0,3.0,3.0,3.0,4.0,4.0,1.0,4.0,4.0,3.0,5.0,4.0,5.0,5.0,5.0,29.0,20.0,35.0,16.0,30.0,25.0,37.0,5.0,68.0,30 - 44,33 - 40,some additional training,1.20411998265592,1.18074895400641,0.000223099305236,0.241725912582574
88,MALES,26,SINGLE,NO,COMPLETED UNDERGRADUATE,WORK,NO,0.0,3.0,3.0,2.0,4.0,2.0,4.0,2.0,3.0,2.0,1.0,4.0,2.0,1.0,3.0,2.0,2.0,3.0,2.0,4.0,5.0,2.0,4.0,3.0,2.0,3.0,2.0,2.0,4.0,1.0,4.0,3.0,3.0,3.0,5.0,4.0,6.0,5.0,7.0,2.0,5.0,3.0,5.0,3.0,5.0,5.0,3.0,2.0,3.0,4.0,4.0,2.0,3.0,1.0,3.0,4.0,3.0,4.0,2.0,0.0,1.0,0.0,0.0,0.0,0.0,0.0,0.0,0.0,0.0,,,,,,,,,,,,,,,,,,,3.0,2.0,2.0,3.0,3.0,4.0,3.0,4.0,1.0,3.0,1.0,3.0,3.0,4.0,1.0,1.0,3.0,,,,,,,14.0,24.0,35.0,22.0,27.0,28.0,29.0,1.0,,18 - 29,25 - 32,completed undergrad uni,1.34242268082221,,,0.229958581813254
343,MALES,48,DIVORCED,NO,COMPLETED UNDERGRADUATE,WORK,YES,140.0,3.0,4.0,3.0,2.0,2.0,2.0,2.0,3.0,1.0,1.0,4.0,2.0,2.0,4.0,4.0,2.0,3.0,1.0,4.0,4.0,3.0,4.0,1.0,1.0,3.0,4.0,2.0,3.0,1.0,4.0,4.0,2.0,2.0,4.0,3.0,5.0,3.0,4.0,3.0,2.0,4.0,5.0,3.0,3.0,4.0,4.0,3.0,3.0,4.0,4.0,1.0,3.0,1.0,3.0,3.0,4.0,2.0,1.0,1.0,1.0,1.0,1.0,1.0,0.0,1.0,1.0,0.0,1.0,2.0,1.0,4.0,5.0,5.0,5.0,1.0,5.0,5.0,4.0,2.0,5.0,4.0,4.0,1.0,1.0,4.0,4.0,2.0,4.0,4.0,3.0,4.0,4.0,3.0,3.0,1.0,3.0,2.0,2.0,4.0,4.0,2.0,3.0,4.0,4.0,5.0,5.0,4.0,5.0,5.0,18.0,24.0,37.0,19.0,19.0,26.0,35.0,8.0,82.0,45+,41 - 49,completed undergrad uni,1.27875360095283,3.36352523409154,0.0037363738614012,0.221359470078503
242,MALES,54,MARRIED FIRST TIME,YES,POSTGRADUATE COMPLETED,WORK,NO,0.0,3.0,2.0,3.0,2.0,4.0,2.0,2.0,3.0,2.0,2.0,3.0,2.0,3.0,4.0,3.0,1.0,2.0,1.0,4.0,4.0,2.0,3.0,3.0,4.0,4.0,3.0,1.0,2.0,1.0,4.0,3.0,2.0,2.0,5.0,5.0,5.0,6.0,3.0,3.0,2.0,4.0,4.0,4.0,4.0,3.0,3.0,3.0,3.0,4.0,4.0,1.0,4.0,1.0,3.0,1.0,3.0,1.0,1.0,1.0,1.0,1.0,0.0,0.0,0.0,0.0,0.0,0.0,0.0,3.0,4.0,3.0,3.0,4.0,3.0,4.0,2.0,2.0,2.0,2.0,3.0,1.0,3.0,3.0,3.0,3.0,3.0,4.0,4.0,4.0,3.0,3.0,3.0,3.0,2.0,2.0,2.0,3.0,3.0,4.0,4.0,4.0,4.0,4.0,3.0,2.0,2.0,4.0,3.0,3.0,22.0,20.0,33.0,20.0,24.0,29.0,38.0,3.0,49.0,45+,50+,completed postgrad uni,1.30102999566398,0.945961522091268,6.37443614366072e-05,0.220818745106126
441,FEMALES,36,MARRIED FIRST TIME,YES,COMPLETED UNDERGRADUATE,,NO,0.0,4.0,3.0,5.0,3.0,5.0,2.0,4.0,3.0,1.0,4.0,4.0,1.0,2.0,4.0,4.0,1.0,4.0,1.0,5.0,4.0,3.0,4.0,2.0,2.0,2.0,4.0,1.0,1.0,1.0,3.0,2.0,3.0,4.0,4.0,4.0,5.0,6.0,4.0,4.0,3.0,4.0,4.0,3.0,2.0,4.0,3.0,2.0,2.0,4.0,4.0,1.0,3.0,1.0,4.0,1.0,4.0,1.0,1.0,1.0,1.0,1.0,1.0,1.0,1.0,1.0,1.0,1.0,1.0,4.0,2.0,4.0,4.0,4.0,3.0,2.0,4.0,4.0,3.0,2.0,4.0,3.0,4.0,2.0,2.0,4.0,4.0,3.0,3.0,4.0,1.0,4.0,1.0,4.0,3.0,2.0,3.0,2.0,3.0,4.0,4.0,4.0,4.0,4.0,2.0,4.0,4.0,4.0,4.0,4.0,24.0,20.0,33.0,22.0,23.0,27.0,39.0,10.0,67.0,30 - 44,33 - 40,completed undergrad uni,1.34242268082221,0.996480855678994,7.17753578908223e-06,0.208128552189471
253,FEMALES,48,DIVORCED,NO,SOME ADDITIONAL TRAINING,CHILDREN,,0.0,3.0,2.0,4.0,5.0,5.0,2.0,2.0,4.0,4.0,3.0,4.0,3.0,1.0,2.0,2.0,1.0,3.0,1.0,4.0,2.0,4.0,3.0,4.0,4.0,4.0,3.0,1.0,4.0,1.0,3.0,3.0,2.0,1.0,5.0,5.0,5.0,3.0,1.0,3.0,3.0,3.0,4.0,4.0,3.0,2.0,4.0,4.0,3.0,4.0,4.0,1.0,4.0,1.0,3.0,3.0,3.0,3.0,1.0,1.0,1.0,1.0,0.0,0.0,0.0,0.0,1.0,0.0,1.0,3.0,3.0,3.0,3.0,3.0,3.0,2.0,4.0,4.0,3.0,1.0,3.0,3.0,3.0,3.0,2.0,3.0,2.0,4.0,1.0,4.0,3.0,1.0,2.0,2.0,4.0,2.0,2.0,4.0,2.0,4.0,4.0,2.0,2.0,4.0,3.0,3.0,4.0,5.0,3.0,4.0,21.0,20.0,31.0,21.0,19.0,29.0,34.0,5.0,59.0,45+,41 - 49,some additional training,1.32221929473392,0.209979529334582,4.08088108575858e-05,0.201744646045719
35,FEMALES,35,SINGLE,NO,SOME ADDITIONAL TRAINING,WORK,YES,100.0,3.0,3.0,3.0,3.0,3.0,3.0,2.0,3.0,2.0,2.0,3.0,2.0,3.0,4.0,3.0,2.0,3.0,1.0,4.0,3.0,3.0,3.0,2.0,2.0,2.0,4.0,2.0,3.0,1.0,3.0,4.0,3.0,3.0,4.0,4.0,4.0,2.0,2.0,3.0,2.0,4.0,3.0,3.0,3.0,3.0,3.0,3.0,2.0,4.0,4.0,2.0,4.0,4.0,3.0,3.0,3.0,3.0,2.0,1.0,1.0,1.0,0.0,0.0,0.0,0.0,0.0,0.0,0.0,4.0,3.0,2.0,4.0,2.0,3.0,4.0,3.0,3.0,3.0,3.0,3.0,3.0,4.0,3.0,3.0,4.0,4.0,3.0,3.0,3.0,3.0,3.0,3.0,3.0,2.0,3.0,3.0,3.0,3.0,3.0,1.0,2.0,2.0,3.0,2.0,3.0,2.0,3.0,3.0,3.0,18.0,20.0,33.0,22.0,16.0,29.0,29.0,3.0,54.0,30 - 44,33 - 40,some additional training,1.34242268082221,0.339205435339703,3.0961140708952e-09,0.177264238521408
10,FEMALES,67,MARRIED FIRST TIME,NO,SOME SECONDARY,SPOUSE OR PARTNER,NO,0.0,3.0,2.0,4.0,2.0,3.0,1.0,2.0,4.0,3.0,3.0,2.0,3.0,3.0,3.0,4.0,1.0,3.0,1.0,3.0,5.0,3.0,2.0,1.0,2.0,3.0,5.0,2.0,2.0,1.0,4.0,5.0,1.0,1.0,4.0,3.0,4.0,5.0,4.0,3.0,3.0,3.0,4.0,3.0,3.0,4.0,3.0,1.0,2.0,4.0,4.0,1.0,4.0,1.0,4.0,1.0,3.0,2.0,1.0,1.0,1.0,1.0,1.0,1.0,0.0,0.0,1.0,0.0,1.0,4.0,1.0,5.0,2.0,3.0,2.0,3.0,2.0,4.0,5.0,2.0,2.0,4.0,2.0,4.0,2.0,3.0,5.0,4.0,4.0,5.0,3.0,2.0,2.0,2.0,2.0,2.0,3.0,2.0,3.0,4.0,4.0,4.0,3.0,4.0,2.0,5.0,3.0,4.0,2.0,4.0,23.0,17.0,35.0,17.0,20.0,25.0,38.0,7.0,59.0,45+,50+,did not complete high school,1.23044892137827,1.76840412864433,0.0029978932981702,0.129521891704225
527,FEMALES,47,REMARRIED,YES,SOME ADDITIONAL TRAINING,WORK,NO,0.0,3.0,1.0,4.0,3.0,3.0,1.0,2.0,3.0,2.0,2.0,3.0,3.0,3.0,4.0,2.0,1.0,4.0,1.0,3.0,3.0,1.0,3.0,2.0,3.0,2.0,4.0,2.0,3.0,4.0,4.0,3.0,2.0,1.0,6.0,6.0,4.0,7.0,4.0,3.0,3.0,3.0,3.0,4.0,3.0,3.0,4.0,3.0,3.0,3.0,3.0,1.0,3.0,1.0,3.0,2.0,3.0,3.0,2.0,0.0,1.0,0.0,0.0,0.0,0.0,0.0,1.0,0.0,0.0,3.0,3.0,2.0,3.0,3.0,3.0,3.0,2.0,3.0,3.0,2.0,3.0,3.0,3.0,2.0,2.0,2.0,3.0,5.0,3.0,5.0,3.0,3.0,3.0,2.0,2.0,3.0,2.0,3.0,2.0,4.0,4.0,3.0,2.0,3.0,3.0,3.0,3.0,4.0,4.0,4.0,23.0,19.0,33.0,19.0,27.0,28.0,31.0,2.0,54.0,45+,41 - 49,some additional training,1.27875360095283,0.534431712351102,0.0001734659363339,0.127696681340893
202,FEMALES,21,SINGLE,NO,COMPLETED UNDERGRADUATE,WORK,NO,,3.0,3.0,4.0,2.0,4.0,2.0,2.0,3.0,2.0,2.0,3.0,2.0,2.0,4.0,3.0,2.0,3.0,2.0,4.0,4.0,2.0,3.0,1.0,2.0,3.0,3.0,2.0,4.0,1.0,3.0,4.0,2.0,2.0,5.0,6.0,5.0,5.0,5.0,3.0,2.0,3.0,4.0,3.0,2.0,4.0,3.0,3.0,2.0,3.0,4.0,1.0,3.0,1.0,3.0,1.0,3.0,1.0,1.0,1.0,1.0,1.0,1.0,0.0,0.0,0.0,0.0,0.0,0.0,3.0,2.0,2.0,4.0,4.0,4.0,3.0,4.0,4.0,4.0,5.0,4.0,4.0,4.0,2.0,2.0,4.0,4.0,3.0,4.0,4.0,3.0,3.0,3.0,3.0,3.0,2.0,3.0,2.0,3.0,4.0,4.0,4.0,4.0,4.0,3.0,4.0,3.0,1.0,4.0,4.0,22.0,21.0,35.0,19.0,26.0,25.0,36.0,4.0,65.0,18 - 29,18 - 24,completed undergrad uni,1.27875360095283,0.333857295168029,0.0001189012824999,0.124612173096361
90,MALES,24,STEADY RELATIONSHIP,NO,COMPLETED UNDERGRADUATE,MONEY/FINANCES,NO,0.0,3.0,3.0,5.0,3.0,5.0,4.0,2.0,4.0,3.0,1.0,3.0,3.0,3.0,4.0,2.0,3.0,4.0,1.0,4.0,4.0,2.0,4.0,1.0,2.0,2.0,3.0,3.0,3.0,1.0,4.0,3.0,2.0,1.0,5.0,5.0,5.0,5.0,5.0,2.0,3.0,3.0,4.0,4.0,2.0,3.0,3.0,3.0,2.0,2.0,4.0,2.0,4.0,2.0,4.0,3.0,3.0,3.0,1.0,1.0,1.0,1.0,0.0,1.0,0.0,0.0,1.0,0.0,0.0,2.0,2.0,5.0,4.0,4.0,4.0,3.0,2.0,3.0,4.0,3.0,4.0,5.0,4.0,2.0,2.0,4.0,3.0,3.0,3.0,2.0,3.0,2.0,4.0,2.0,2.0,2.0,2.0,3.0,3.0,3.0,3.0,2.0,2.0,4.0,4.0,4.0,3.0,3.0,4.0,4.0,21.0,20.0,35.0,18.0,25.0,25.0,31.0,5.0,68.0,18 - 29,18 - 24,completed undergrad uni,1.25527250510331,1.18074895400641,0.000223099305236,0.0904839785421537
408,MALES,32,MARRIED FIRST TIME,YES,COMPLETED HIGHSCHOOL,MONEY/FINANCES,NO,,2.0,1.0,3.0,3.0,4.0,3.0,3.0,2.0,2.0,2.0,3.0,1.0,1.0,5.0,2.0,2.0,5.0,1.0,3.0,4.0,3.0,3.0,2.0,3.0,3.0,3.0,2.0,2.0,1.0,3.0,4.0,1.0,1.0,4.0,5.0,7.0,7.0,3.0,3.0,3.0,2.0,4.0,3.0,2.0,4.0,4.0,3.0,3.0,4.0,4.0,1.0,3.0,1.0,4.0,1.0,4.0,2.0,1.0,1.0,1.0,1.0,0.0,0.0,0.0,1.0,0.0,0.0,0.0,1.0,1.0,4.0,4.0,5.0,2.0,5.0,1.0,4.0,3.0,1.0,1.0,2.0,1.0,4.0,2.0,1.0,4.0,5.0,3.0,3.0,2.0,3.0,3.0,4.0,4.0,2.0,3.0,2.0,2.0,4.0,4.0,4.0,3.0,4.0,5.0,5.0,1.0,5.0,2.0,4.0,20.0,21.0,35.0,18.0,26.0,25.0,38.0,4.0,54.0,30 - 44,25 - 32,completed high school,1.25527250510331,0.318098592141144,0.0006447029777611,0.0904839785421537
360,MALES,50,SINGLE,YES,COMPLETED HIGHSCHOOL,CHILDREN,NO,0.0,3.0,4.0,5.0,4.0,4.0,4.0,2.0,3.0,1.0,1.0,4.0,1.0,2.0,4.0,2.0,1.0,4.0,1.0,4.0,4.0,3.0,2.0,1.0,2.0,1.0,1.0,1.0,2.0,1.0,3.0,3.0,1.0,1.0,4.0,6.0,6.0,7.0,4.0,,,,,,,,,,,4.0,4.0,1.0,4.0,1.0,4.0,1.0,4.0,1.0,1.0,1.0,1.0,0.0,0.0,0.0,0.0,0.0,0.0,0.0,0.0,4.0,4.0,5.0,4.0,5.0,5.0,4.0,2.0,5.0,4.0,2.0,2.0,5.0,2.0,4.0,2.0,2.0,5.0,2.0,2.0,2.0,3.0,4.0,4.0,4.0,3.0,,,,,4.0,4.0,4.0,4.0,4.0,2.0,2.0,2.0,4.0,2.0,4.0,18.0,25.0,28.0,14.0,27.0,,40.0,2.0,62.0,45+,50+,completed high school,1.14612803567824,0.796285349726658,,
155,FEMALES,29,LIVING WITH PARTNER,NO,SOME ADDITIONAL TRAINING,MONEY/FINANCES,NO,0.0,,,,,,,,,,,,,,,,,,,,,,,,,,,,,,,,,,,,,,,,,,,,,,,,,3.0,3.0,2.0,3.0,2.0,3.0,2.0,3.0,2.0,3.0,1.0,1.0,1.0,0.0,1.0,1.0,1.0,1.0,1.0,1.0,,,,,,,,,,,,,,,,,,,,,,,,,,,,,,,3.0,3.0,3.0,3.0,2.0,,,,,,,,,,,,,29.0,9.0,,18 - 29,25 - 32,some additional training,,,,
277,FEMALES,34,LIVING WITH PARTNER,NO,SOME ADDITIONAL TRAINING,LIFE IN GENERAL,YES,,3.0,3.0,4.0,3.0,4.0,1.0,1.0,4.0,1.0,1.0,4.0,1.0,1.0,4.0,3.0,2.0,3.0,1.0,5.0,5.0,3.0,4.0,1.0,1.0,5.0,5.0,3.0,5.0,1.0,5.0,5.0,1.0,1.0,5.0,5.0,5.0,5.0,5.0,,,,,,,,,,,1.0,1.0,4.0,1.0,2.0,2.0,2.0,2.0,4.0,4.0,0.0,1.0,1.0,1.0,1.0,0.0,1.0,1.0,0.0,1.0,4.0,2.0,2.0,2.0,2.0,4.0,4.0,3.0,2.0,2.0,4.0,4.0,3.0,3.0,3.0,3.0,3.0,4.0,3.0,3.0,5.0,4.0,4.0,4.0,4.0,4.0,,,,,1.0,3.0,3.0,1.0,1.0,2.0,4.0,2.0,2.0,3.0,3.0,22.0,28.0,46.0,17.0,25.0,,18.0,7.0,50.0,30 - 44,33 - 40,some additional training,1.23044892137827,6.45372388737128,,
520,FEMALES,52,MARRIED FIRST TIME,YES,SOME SECONDARY,FAMILY,NO,0.0,,,,,,,,,,,,,,,,,,,,,,,,,,,,,,,,,,,,,,,,,,,,,,,,,,,,,,,,,,,,,,,,,,,,,,,,,,,,,,,,,,,,,,,,,,,,,,,,,,,,,,,,,,,,,,,,,,,,,,,45+,50+,did not complete high school,,,,
25,FEMALES,48,MARRIED FIRST TIME,YES,SOME ADDITIONAL TRAINING,WORK,NO,0.0,3.0,1.0,5.0,1.0,5.0,1.0,3.0,4.0,3.0,4.0,4.0,3.0,1.0,5.0,2.0,1.0,4.0,1.0,5.0,3.0,,4.0,1.0,1.0,5.0,4.0,1.0,4.0,1.0,5.0,4.0,2.0,1.0,5.0,4.0,6.0,5.0,5.0,2.0,4.0,4.0,4.0,4.0,3.0,2.0,4.0,2.0,3.0,4.0,4.0,1.0,4.0,1.0,3.0,2.0,3.0,1.0,1.0,1.0,1.0,1.0,1.0,1.0,0.0,0.0,1.0,0.0,1.0,2.0,1.0,5.0,5.0,5.0,3.0,1.0,4.0,5.0,4.0,1.0,4.0,3.0,2.0,4.0,2.0,3.0,4.0,5.0,5.0,5.0,2.0,2.0,1.0,2.0,4.0,2.0,2.0,4.0,2.0,4.0,4.0,3.0,4.0,4.0,4.0,5.0,5.0,5.0,2.0,4.0,28.0,19.0,43.0,,25.0,28.0,37.0,7.0,72.0,45+,41 - 49,some additional training,,2.84452465683046,0.0003985593516962,
426,FEMALES,21,SINGLE,NO,SOME ADDITIONAL TRAINING,WORK,NO,0.0,,,,,,,,,,,,,,,,,,,,,,,,,,,,,,,,,,,,,,,,,,,,,,,,,4.0,4.0,2.0,4.0,4.0,4.0,4.0,4.0,4.0,1.0,1.0,1.0,1.0,0.0,1.0,0.0,1.0,0.0,0.0,0.0,3.0,1.0,3.0,5.0,5.0,5.0,1.0,5.0,5.0,5.0,3.0,5.0,2.0,5.0,1.0,1.0,5.0,5.0,,,,,,,,,,,,,3.0,1.0,1.0,1.0,4.0,3.0,5.0,5.0,3.0,5.0,5.0,,,,,,,30.0,5.0,81.0,18 - 29,18 - 24,some additional training,,,,
245,FEMALES,74,MARRIED FIRST TIME,NO,SOME SECONDARY,,NO,0.0,3.0,1.0,5.0,3.0,5.0,4.0,1.0,4.0,3.0,3.0,4.0,3.0,1.0,4.0,2.0,1.0,5.0,1.0,2.0,4.0,2.0,3.0,1.0,1.0,2.0,4.0,1.0,1.0,1.0,2.0,3.0,1.0,1.0,3.0,4.0,6.0,6.0,7.0,,,,,,,,,,,4.0,4.0,1.0,4.0,1.0,3.0,1.0,4.0,1.0,1.0,1.0,1.0,1.0,1.0,1.0,1.0,1.0,1.0,0.0,1.0,1.0,1.0,3.0,4.0,5.0,5.0,3.0,5.0,5.0,5.0,5.0,5.0,4.0,4.0,1.0,1.0,4.0,5.0,5.0,3.0,2.0,4.0,2.0,2.0,2.0,4.0,,,,,4.0,4.0,4.0,4.0,4.0,5.0,5.0,3.0,1.0,5.0,5.0,23.0,22.0,30.0,12.0,26.0,,39.0,9.0,78.0,45+,50+,did not complete high school,1.07918124604762,2.76466218845992,,
